Z,element,channel,delta1_eV,delta2_eV,beta_mrad,sigma_ratio_db_over_temari,reconstruction_check_rel,clamp_weight_temari,clamp_weight_db
6,C,K,0,100,10,1.269509,1.694e-04,0.000e+00,2.088e-04
6,C,K,0,100,30,1.218642,2.690e-04,0.000e+00,1.977e-04
6,C,K,0,100,100,1.189750,3.355e-04,0.000e+00,1.949e-04
6,C,K,0,200,10,1.269673,2.371e-04,0.000e+00,6.710e-05
6,C,K,0,200,30,1.221989,3.418e-04,0.000e+00,6.115e-05
6,C,K,0,200,100,1.191787,4.369e-04,0.000e+00,5.911e-05
6,C,K,0,50,10,1.271906,1.319e-04,0.000e+00,1.638e-04
6,C,K,0,50,30,1.221641,2.223e-04,0.000e+00,1.590e-04
6,C,K,0,50,100,1.196335,2.784e-04,0.000e+00,1.579e-04
6,C,K,50,150,10,1.267445,2.999e-04,0.000e+00,0.000e+00
6,C,K,50,150,30,1.218096,4.004e-04,0.000e+00,0.000e+00
6,C,K,50,150,100,1.182429,5.023e-04,0.000e+00,0.000e+00
7,N,K,0,100,10,1.203034,1.415e-04,0.000e+00,1.848e-04
7,N,K,0,100,30,1.163836,2.116e-04,0.000e+00,1.768e-04
7,N,K,0,100,100,1.132199,2.839e-04,0.000e+00,1.739e-04
7,N,K,0,200,10,1.204469,2.094e-04,0.000e+00,5.583e-05
7,N,K,0,200,30,1.165609,2.802e-04,0.000e+00,5.174e-05
7,N,K,0,200,100,1.129432,3.747e-04,0.000e+00,5.002e-05
7,N,K,0,50,10,1.206984,1.071e-04,0.000e+00,1.516e-04
7,N,K,0,50,30,1.167869,1.756e-04,0.000e+00,1.481e-04
7,N,K,0,50,100,1.139002,2.433e-04,0.000e+00,1.469e-04
7,N,K,50,150,10,1.200781,2.496e-04,0.000e+00,0.000e+00
7,N,K,50,150,30,1.161862,3.157e-04,0.000e+00,0.000e+00
7,N,K,50,150,100,1.123487,4.047e-04,0.000e+00,0.000e+00
8,O,K,0,100,10,1.162386,1.209e-04,0.000e+00,1.663e-04
8,O,K,0,100,30,1.130153,1.800e-04,0.000e+00,1.604e-04
8,O,K,0,100,100,1.096377,2.578e-04,0.000e+00,1.576e-04
8,O,K,0,200,10,1.164188,1.837e-04,0.000e+00,4.788e-05
8,O,K,0,200,30,1.132321,2.392e-04,0.000e+00,4.489e-05
8,O,K,0,200,100,1.094838,3.295e-04,0.000e+00,4.334e-05
8,O,K,0,50,10,1.166332,9.161e-05,0.000e+00,1.411e-04
8,O,K,0,50,30,1.134028,1.592e-04,0.000e+00,1.384e-04
8,O,K,0,50,100,1.102402,2.250e-04,0.000e+00,1.373e-04
8,O,K,50,150,10,1.160441,2.088e-04,0.000e+00,0.000e+00
8,O,K,50,150,30,1.128707,2.534e-04,0.000e+00,0.000e+00
8,O,K,50,150,100,1.089986,3.498e-04,0.000e+00,0.000e+00
9,F,K,0,100,10,1.134434,1.053e-04,0.000e+00,1.523e-04
9,F,K,0,100,30,1.106640,1.540e-04,0.000e+00,1.477e-04
9,F,K,0,100,100,1.071334,2.234e-04,0.000e+00,1.451e-04
9,F,K,0,200,10,1.136428,1.612e-04,0.000e+00,4.220e-05
9,F,K,0,200,30,1.109003,2.041e-04,0.000e+00,3.992e-05
9,F,K,0,200,100,1.070766,2.849e-04,0.000e+00,3.853e-05
9,F,K,0,50,10,1.137431,8.042e-05,0.000e+00,1.326e-04
9,F,K,0,50,30,1.109552,1.393e-04,0.000e+00,1.305e-04
9,F,K,0,50,100,1.075968,2.009e-04,0.000e+00,1.294e-04
9,F,K,50,150,10,1.133493,1.773e-04,0.000e+00,0.000e+00
9,F,K,50,150,30,1.106137,2.094e-04,0.000e+00,0.000e+00
9,F,K,50,150,100,1.067053,2.916e-04,0.000e+00,0.000e+00
10,Ne,K,0,100,10,1.112417,9.376e-05,0.000e+00,1.409e-04
10,Ne,K,0,100,30,1.087661,1.324e-04,0.000e+00,1.372e-04
10,Ne,K,0,100,100,1.051475,2.177e-04,0.000e+00,1.349e-04
10,Ne,K,0,200,10,1.115065,1.425e-04,0.000e+00,3.786e-05
10,Ne,K,0,200,30,1.090626,1.766e-04,0.000e+00,3.606e-05
10,Ne,K,0,200,100,1.052083,2.613e-04,0.000e+00,3.483e-05
10,Ne,K,0,50,10,1.113398,7.240e-05,0.000e+00,1.254e-04
10,Ne,K,0,50,30,1.088601,1.202e-04,0.000e+00,1.238e-04
10,Ne,K,0,50,100,1.053839,1.964e-04,0.000e+00,1.227e-04
10,Ne,K,50,150,10,1.113735,1.534e-04,0.000e+00,0.000e+00
10,Ne,K,50,150,30,1.089244,1.791e-04,0.000e+00,0.000e+00
10,Ne,K,50,150,100,1.050033,2.700e-04,0.000e+00,0.000e+00
11,Na,K,0,100,10,1.133816,8.801e-05,0.000e+00,1.345e-04
11,Na,K,0,100,30,1.106529,1.186e-04,0.000e+00,1.314e-04
11,Na,K,0,100,100,1.064518,1.932e-04,0.000e+00,1.291e-04
11,Na,K,0,200,10,1.135942,1.290e-04,0.000e+00,3.497e-05
11,Na,K,0,200,30,1.109068,1.560e-04,0.000e+00,3.346e-05
11,Na,K,0,200,100,1.065224,2.348e-04,0.000e+00,3.231e-05
11,Na,K,0,50,10,1.133771,6.595e-05,0.000e+00,1.233e-04
11,Na,K,0,50,30,1.106303,1.028e-04,0.000e+00,1.218e-04
11,Na,K,0,50,100,1.065288,1.743e-04,0.000e+00,1.208e-04
11,Na,K,50,150,10,1.135779,1.376e-04,0.000e+00,0.000e+00
11,Na,K,50,150,30,1.108916,1.601e-04,0.000e+00,0.000e+00
11,Na,K,50,150,100,1.064707,2.386e-04,0.000e+00,0.000e+00
12,Mg,K,0,100,10,1.117369,7.530e-05,0.000e+00,1.295e-04
12,Mg,K,0,100,30,1.091874,1.005e-04,0.000e+00,1.267e-04
12,Mg,K,0,100,100,1.047882,1.903e-04,0.000e+00,1.245e-04
12,Mg,K,0,200,10,1.124910,1.173e-04,0.000e+00,3.262e-05
12,Mg,K,0,200,30,1.099655,1.388e-04,0.000e+00,3.132e-05
12,Mg,K,0,200,100,1.054004,2.220e-04,0.000e+00,3.027e-05
12,Mg,K,0,50,10,1.105715,4.526e-05,0.000e+00,1.219e-04
12,Mg,K,0,50,30,1.080251,6.988e-05,0.000e+00,1.206e-04
12,Mg,K,0,50,100,1.037412,1.615e-04,0.000e+00,1.195e-04
12,Mg,K,50,150,10,1.132457,1.298e-04,0.000e+00,0.000e+00
12,Mg,K,50,150,30,1.106784,1.516e-04,0.000e+00,0.000e+00
12,Mg,K,50,150,100,1.060408,2.332e-04,0.000e+00,0.000e+00
13,Al,K,0,100,10,1.128117,6.163e-05,0.000e+00,1.302e-04
13,Al,K,0,100,30,1.102616,8.516e-05,0.000e+00,1.277e-04
13,Al,K,0,100,100,1.056215,1.572e-04,0.000e+00,1.255e-04
13,Al,K,0,200,10,1.130965,1.048e-04,0.000e+00,3.230e-05
13,Al,K,0,200,30,1.105703,1.233e-04,0.000e+00,3.112e-05
13,Al,K,0,200,100,1.058117,1.990e-04,0.000e+00,3.010e-05
13,Al,K,0,50,10,1.121674,3.384e-05,0.000e+00,1.232e-04
13,Al,K,0,50,30,1.096128,6.041e-05,0.000e+00,1.220e-04
13,Al,K,0,50,100,1.050530,1.328e-04,0.000e+00,1.209e-04
13,Al,K,50,150,10,1.135150,1.139e-04,0.000e+00,0.000e+00
13,Al,K,50,150,30,1.109710,1.302e-04,0.000e+00,0.000e+00
13,Al,K,50,150,100,1.061726,2.054e-04,0.000e+00,0.000e+00
14,Si,K,0,100,10,1.130108,4.994e-05,0.000e+00,1.328e-04
14,Si,K,0,100,30,1.105491,6.831e-05,0.000e+00,1.304e-04
14,Si,K,0,100,100,1.058259,1.480e-04,0.000e+00,1.283e-04
14,Si,K,0,200,10,1.130069,9.173e-05,0.000e+00,3.252e-05
14,Si,K,0,200,30,1.105708,1.070e-04,0.000e+00,3.142e-05
14,Si,K,0,200,100,1.057666,1.774e-04,0.000e+00,3.043e-05
14,Si,K,0,50,10,1.129155,2.733e-05,0.000e+00,1.259e-04
14,Si,K,0,50,30,1.104391,4.763e-05,0.000e+00,1.247e-04
14,Si,K,0,50,100,1.057599,1.285e-04,0.000e+00,1.236e-04
14,Si,K,50,150,10,1.130940,9.636e-05,0.000e+00,0.000e+00
14,Si,K,50,150,30,1.106599,1.103e-04,0.000e+00,0.000e+00
14,Si,K,50,150,100,1.058444,1.808e-04,0.000e+00,0.000e+00
15,P,K,0,100,10,1.125831,4.108e-05,0.000e+00,1.330e-04
15,P,K,0,100,30,1.102235,5.717e-05,0.000e+00,1.308e-04
15,P,K,0,100,100,1.055029,1.315e-04,0.000e+00,1.287e-04
15,P,K,0,200,10,1.125610,7.933e-05,0.000e+00,3.219e-05
15,P,K,0,200,30,1.102268,9.221e-05,0.000e+00,3.118e-05
15,P,K,0,200,100,1.054510,1.659e-04,0.000e+00,3.023e-05
15,P,K,0,50,10,1.126933,2.366e-05,0.000e+00,1.264e-04
15,P,K,0,50,30,1.103154,4.152e-05,0.000e+00,1.253e-04
15,P,K,0,50,100,1.056185,1.151e-04,0.000e+00,1.242e-04
15,P,K,50,150,10,1.125216,8.042e-05,0.000e+00,0.000e+00
15,P,K,50,150,30,1.101951,9.220e-05,0.000e+00,0.000e+00
15,P,K,50,150,100,1.054186,1.656e-04,0.000e+00,0.000e+00
16,S,K,0,100,10,1.118906,3.465e-05,0.000e+00,1.296e-04
16,S,K,0,100,30,1.096026,4.809e-05,0.000e+00,1.276e-04
16,S,K,0,100,100,1.049150,1.086e-04,0.000e+00,1.256e-04
16,S,K,0,200,10,1.120265,6.826e-05,0.000e+00,3.104e-05
16,S,K,0,200,30,1.097617,7.935e-05,0.000e+00,3.013e-05
16,S,K,0,200,100,1.050307,1.338e-04,0.000e+00,2.924e-05
16,S,K,0,50,10,1.118450,2.176e-05,0.000e+00,1.238e-04
16,S,K,0,50,30,1.095423,3.648e-05,0.000e+00,1.228e-04
16,S,K,0,50,100,1.048775,1.028e-04,0.000e+00,1.217e-04
16,S,K,50,150,10,1.120654,6.692e-05,0.000e+00,0.000e+00
16,S,K,50,150,30,1.098028,7.722e-05,0.000e+00,0.000e+00
16,S,K,50,150,100,1.050652,1.285e-04,0.000e+00,0.000e+00
17,Cl,K,0,100,10,1.113308,3.020e-05,0.000e+00,1.256e-04
17,Cl,K,0,100,30,1.090993,4.115e-05,0.000e+00,1.237e-04
17,Cl,K,0,100,100,1.044618,1.125e-04,0.000e+00,1.218e-04
17,Cl,K,0,200,10,1.115923,5.892e-05,0.000e+00,2.981e-05
17,Cl,K,0,200,30,1.093818,6.806e-05,0.000e+00,2.900e-05
17,Cl,K,0,200,100,1.047093,1.365e-04,0.000e+00,2.817e-05
17,Cl,K,0,50,10,1.111262,2.097e-05,0.000e+00,1.205e-04
17,Cl,K,0,50,30,1.088831,3.319e-05,0.000e+00,1.195e-04
17,Cl,K,0,50,100,1.042682,1.063e-04,0.000e+00,1.184e-04
17,Cl,K,50,150,10,1.117104,5.621e-05,0.000e+00,0.000e+00
17,Cl,K,50,150,30,1.094975,6.461e-05,0.000e+00,0.000e+00
17,Cl,K,50,150,100,1.048136,1.331e-04,0.000e+00,0.000e+00
18,Ar,K,0,100,10,1.108053,2.726e-05,0.000e+00,1.214e-04
18,Ar,K,0,100,30,1.086294,3.672e-05,0.000e+00,1.198e-04
18,Ar,K,0,100,100,1.040522,8.782e-05,0.000e+00,1.178e-04
18,Ar,K,0,200,10,1.111931,5.142e-05,0.000e+00,2.860e-05
18,Ar,K,0,200,30,1.090358,5.907e-05,0.000e+00,2.788e-05
18,Ar,K,0,200,100,1.044287,1.086e-04,0.000e+00,2.711e-05
18,Ar,K,0,50,10,1.104073,2.069e-05,0.000e+00,1.171e-04
18,Ar,K,0,50,30,1.082231,3.123e-05,0.000e+00,1.161e-04
18,Ar,K,0,50,100,1.036706,8.375e-05,0.000e+00,1.150e-04
18,Ar,K,50,150,10,1.114125,4.812e-05,0.000e+00,0.000e+00
18,Ar,K,50,150,30,1.092486,5.518e-05,0.000e+00,0.000e+00
18,Ar,K,50,150,100,1.046244,1.045e-04,0.000e+00,0.000e+00
19,K,K,0,100,10,1.124587,2.703e-05,0.000e+00,1.211e-04
19,K,K,0,100,30,1.100803,3.490e-05,0.000e+00,1.199e-04
19,K,K,0,100,100,1.053343,9.682e-05,0.000e+00,1.188e-04
19,K,K,0,200,10,1.126636,4.719e-05,0.000e+00,2.833e-05
19,K,K,0,200,30,1.102991,5.363e-05,0.000e+00,2.776e-05
19,K,K,0,200,100,1.055205,1.106e-04,0.000e+00,2.722e-05
19,K,K,0,50,10,1.121737,2.678e-05,0.000e+00,1.174e-04
19,K,K,0,50,30,1.098013,3.555e-05,0.000e+00,1.169e-04
19,K,K,0,50,100,1.051035,9.992e-05,0.000e+00,1.165e-04
19,K,K,50,150,10,1.128328,4.216e-05,0.000e+00,0.000e+00
19,K,K,50,150,30,1.104556,4.811e-05,0.000e+00,0.000e+00
19,K,K,50,150,100,1.056480,1.051e-04,0.000e+00,0.000e+00
20,Ca,K,0,100,10,1.097103,2.826e-05,0.000e+00,1.177e-04
20,Ca,K,0,100,30,1.077826,3.506e-05,0.000e+00,1.167e-04
20,Ca,K,0,100,100,1.034101,8.462e-05,0.000e+00,1.160e-04
20,Ca,K,0,200,10,1.103200,4.375e-05,0.000e+00,2.725e-05
20,Ca,K,0,200,30,1.083977,4.940e-05,0.000e+00,2.677e-05
20,Ca,K,0,200,100,1.039855,9.736e-05,0.000e+00,2.633e-05
20,Ca,K,0,50,10,1.087733,2.174e-05,0.000e+00,1.155e-04
20,Ca,K,0,50,30,1.068619,2.923e-05,0.000e+00,1.151e-04
20,Ca,K,0,50,100,1.025570,7.945e-05,0.000e+00,1.150e-04
20,Ca,K,50,150,10,1.108230,4.199e-05,0.000e+00,0.000e+00
20,Ca,K,50,150,30,1.088767,4.735e-05,0.000e+00,0.000e+00
20,Ca,K,50,150,100,1.044179,9.520e-05,0.000e+00,0.000e+00
20,Ca,L1,0,100,10,1.124939,5.355e-05,0.000e+00,1.586e-04
20,Ca,L1,0,100,30,1.089056,1.441e-04,0.000e+00,1.769e-04
20,Ca,L1,0,100,100,1.055667,3.459e-04,0.000e+00,1.790e-04
20,Ca,L1,0,200,10,1.126898,1.064e-04,0.000e+00,4.420e-05
20,Ca,L1,0,200,30,1.096953,1.738e-04,0.000e+00,4.856e-05
20,Ca,L1,0,200,100,1.066681,4.215e-04,0.000e+00,4.764e-05
20,Ca,L1,0,50,10,1.123051,2.422e-05,0.000e+00,1.387e-04
20,Ca,L1,0,50,30,1.097504,1.304e-04,0.000e+00,1.540e-04
20,Ca,L1,0,50,100,1.069499,3.199e-04,0.000e+00,1.572e-04
20,Ca,L1,50,150,10,1.128023,1.265e-04,0.000e+00,0.000e+00
20,Ca,L1,50,150,30,1.085464,1.804e-04,0.000e+00,0.000e+00
20,Ca,L1,50,150,100,1.048134,4.230e-04,0.000e+00,0.000e+00
20,Ca,L2,0,100,10,1.270571,1.532e-04,0.000e+00,2.822e-04
20,Ca,L2,0,100,30,1.218723,2.459e-04,0.000e+00,2.709e-04
20,Ca,L2,0,100,100,1.192785,2.795e-04,0.000e+00,2.680e-04
20,Ca,L2,0,200,10,1.242813,2.249e-04,0.000e+00,8.810e-05
20,Ca,L2,0,200,30,1.191397,3.176e-04,0.000e+00,8.187e-05
20,Ca,L2,0,200,100,1.161381,3.693e-04,0.000e+00,8.004e-05
20,Ca,L2,0,50,10,1.324829,1.123e-04,0.000e+00,2.212e-04
20,Ca,L2,0,50,30,1.272142,2.097e-04,0.000e+00,2.167e-04
20,Ca,L2,0,50,100,1.248103,2.344e-04,0.000e+00,2.155e-04
20,Ca,L2,50,150,10,1.184010,2.689e-04,0.000e+00,0.000e+00
20,Ca,L2,50,150,30,1.138321,3.454e-04,0.000e+00,0.000e+00
20,Ca,L2,50,150,100,1.108728,4.042e-04,0.000e+00,0.000e+00
20,Ca,L3,0,100,10,1.272987,1.547e-04,0.000e+00,2.841e-04
20,Ca,L3,0,100,30,1.220821,2.470e-04,0.000e+00,2.727e-04
20,Ca,L3,0,100,100,1.195105,2.822e-04,0.000e+00,2.698e-04
20,Ca,L3,0,200,10,1.245080,2.264e-04,0.000e+00,8.896e-05
20,Ca,L3,0,200,30,1.193291,3.205e-04,0.000e+00,8.264e-05
20,Ca,L3,0,200,100,1.163451,3.724e-04,0.000e+00,8.080e-05
20,Ca,L3,0,50,10,1.327483,1.133e-04,0.000e+00,2.222e-04
20,Ca,L3,0,50,30,1.274523,2.135e-04,0.000e+00,2.176e-04
20,Ca,L3,0,50,100,1.250737,2.370e-04,0.000e+00,2.165e-04
20,Ca,L3,50,150,10,1.185479,2.717e-04,0.000e+00,0.000e+00
20,Ca,L3,50,150,30,1.139488,3.475e-04,0.000e+00,0.000e+00
20,Ca,L3,50,150,100,1.110048,4.082e-04,0.000e+00,0.000e+00
21,Sc,K,0,100,10,1.136691,2.707e-05,0.000e+00,1.244e-04
21,Sc,K,0,100,30,1.112129,3.313e-05,0.000e+00,1.233e-04
21,Sc,K,0,100,100,1.063784,7.860e-05,0.000e+00,1.222e-04
21,Sc,K,0,200,10,1.136385,4.064e-05,0.000e+00,2.882e-05
21,Sc,K,0,200,30,1.112042,4.550e-05,0.000e+00,2.833e-05
21,Sc,K,0,200,100,1.063632,8.455e-05,0.000e+00,2.780e-05
21,Sc,K,0,50,10,1.137871,1.979e-05,0.000e+00,1.213e-04
21,Sc,K,0,50,30,1.113224,2.642e-05,0.000e+00,1.208e-04
21,Sc,K,0,50,100,1.064990,7.506e-05,0.000e+00,1.203e-04
21,Sc,K,50,150,10,1.135799,4.004e-05,0.000e+00,0.000e+00
21,Sc,K,50,150,30,1.111453,4.476e-05,0.000e+00,0.000e+00
21,Sc,K,50,150,100,1.062983,8.353e-05,0.000e+00,0.000e+00
21,Sc,L1,0,100,10,1.131811,4.998e-05,0.000e+00,1.562e-04
21,Sc,L1,0,100,30,1.092933,1.182e-04,0.000e+00,1.592e-04
21,Sc,L1,0,100,100,1.057659,3.473e-04,0.000e+00,1.571e-04
21,Sc,L1,0,200,10,1.127062,1.011e-04,0.000e+00,4.301e-05
21,Sc,L1,0,200,30,1.090604,1.528e-04,0.000e+00,4.340e-05
21,Sc,L1,0,200,100,1.055750,3.955e-04,0.000e+00,4.171e-05
21,Sc,L1,0,50,10,1.137200,2.074e-05,0.000e+00,1.373e-04
21,Sc,L1,0,50,30,1.101418,1.022e-04,0.000e+00,1.401e-04
21,Sc,L1,0,50,100,1.068651,3.240e-04,0.000e+00,1.397e-04
21,Sc,L1,50,150,10,1.121932,1.189e-04,0.000e+00,0.000e+00
21,Sc,L1,50,150,30,1.077872,1.601e-04,0.000e+00,0.000e+00
21,Sc,L1,50,150,100,1.037269,4.029e-04,0.000e+00,0.000e+00
21,Sc,L2,0,100,10,1.238020,1.415e-04,0.000e+00,2.024e-04
21,Sc,L2,0,100,30,1.190627,2.163e-04,0.000e+00,1.946e-04
21,Sc,L2,0,100,100,1.163102,2.625e-04,0.000e+00,1.924e-04
21,Sc,L2,0,200,10,1.213258,2.101e-04,0.000e+00,6.176e-05
21,Sc,L2,0,200,30,1.166764,2.879e-04,0.000e+00,5.755e-05
21,Sc,L2,0,200,100,1.135630,3.445e-04,0.000e+00,5.616e-05
21,Sc,L2,0,50,10,1.279336,1.052e-04,0.000e+00,1.623e-04
21,Sc,L2,0,50,30,1.231167,1.825e-04,0.000e+00,1.590e-04
21,Sc,L2,0,50,100,1.205501,2.249e-04,0.000e+00,1.581e-04
21,Sc,L2,50,150,10,1.170513,2.450e-04,0.000e+00,0.000e+00
21,Sc,L2,50,150,30,1.128092,3.159e-04,0.000e+00,0.000e+00
21,Sc,L2,50,150,100,1.097048,3.689e-04,0.000e+00,0.000e+00
21,Sc,L3,0,100,10,1.239644,1.428e-04,0.000e+00,2.041e-04
21,Sc,L3,0,100,30,1.192058,2.178e-04,0.000e+00,1.961e-04
21,Sc,L3,0,100,100,1.164804,2.650e-04,0.000e+00,1.939e-04
21,Sc,L3,0,200,10,1.214760,2.116e-04,0.000e+00,6.245e-05
21,Sc,L3,0,200,30,1.168026,2.893e-04,0.000e+00,5.817e-05
21,Sc,L3,0,200,100,1.137120,3.478e-04,0.000e+00,5.677e-05
21,Sc,L3,0,50,10,1.281136,1.057e-04,0.000e+00,1.632e-04
21,Sc,L3,0,50,30,1.232804,1.804e-04,0.000e+00,1.599e-04
21,Sc,L3,0,50,100,1.207445,2.268e-04,0.000e+00,1.590e-04
21,Sc,L3,50,150,10,1.171423,2.480e-04,0.000e+00,0.000e+00
21,Sc,L3,50,150,30,1.128819,3.215e-04,0.000e+00,0.000e+00
21,Sc,L3,50,150,100,1.097976,3.733e-04,0.000e+00,0.000e+00
22,Ti,K,0,100,10,1.130613,2.580e-05,0.000e+00,1.243e-04
22,Ti,K,0,100,30,1.107507,3.071e-05,0.000e+00,1.233e-04
22,Ti,K,0,100,100,1.060416,7.735e-05,0.000e+00,1.222e-04
22,Ti,K,0,200,10,1.130764,3.805e-05,0.000e+00,2.867e-05
22,Ti,K,0,200,30,1.107866,4.224e-05,0.000e+00,2.822e-05
22,Ti,K,0,200,100,1.060760,8.651e-05,0.000e+00,2.770e-05
22,Ti,K,0,50,10,1.131268,1.779e-05,0.000e+00,1.216e-04
22,Ti,K,0,50,30,1.108068,2.312e-05,0.000e+00,1.211e-04
22,Ti,K,0,50,100,1.061022,7.151e-05,0.000e+00,1.205e-04
22,Ti,K,50,150,10,1.130418,3.847e-05,0.000e+00,0.000e+00
22,Ti,K,50,150,30,1.107520,4.244e-05,0.000e+00,0.000e+00
22,Ti,K,50,150,100,1.060378,8.651e-05,0.000e+00,0.000e+00
22,Ti,L1,0,100,10,1.110154,4.661e-05,0.000e+00,1.515e-04
22,Ti,L1,0,100,30,1.069384,1.021e-04,0.000e+00,1.510e-04
22,Ti,L1,0,100,100,1.031882,3.308e-04,0.000e+00,1.479e-04
22,Ti,L1,0,200,10,1.106730,9.597e-05,0.000e+00,4.100e-05
22,Ti,L1,0,200,30,1.067350,1.352e-04,0.000e+00,4.053e-05
22,Ti,L1,0,200,100,1.029348,3.935e-04,0.000e+00,3.876e-05
22,Ti,L1,0,50,10,1.114522,1.756e-05,0.000e+00,1.347e-04
22,Ti,L1,0,50,30,1.077725,8.456e-05,0.000e+00,1.340e-04
22,Ti,L1,0,50,100,1.043721,3.030e-04,0.000e+00,1.323e-04
22,Ti,L1,50,150,10,1.103178,1.119e-04,0.000e+00,0.000e+00
22,Ti,L1,50,150,30,1.058192,1.441e-04,0.000e+00,0.000e+00
22,Ti,L1,50,150,100,1.015670,4.055e-04,0.000e+00,0.000e+00
22,Ti,L2,0,100,10,1.194785,1.314e-04,0.000e+00,1.730e-04
22,Ti,L2,0,100,30,1.152849,2.064e-04,0.000e+00,1.667e-04
22,Ti,L2,0,100,100,1.124731,2.538e-04,0.000e+00,1.647e-04
22,Ti,L2,0,200,10,1.176271,1.964e-04,0.000e+00,5.156e-05
22,Ti,L2,0,200,30,1.135164,2.662e-04,0.000e+00,4.824e-05
22,Ti,L2,0,200,100,1.103775,3.231e-04,0.000e+00,4.701e-05
22,Ti,L2,0,50,10,1.224482,9.951e-05,0.000e+00,1.416e-04
22,Ti,L2,0,50,30,1.182024,1.759e-04,0.000e+00,1.388e-04
22,Ti,L2,0,50,100,1.155716,2.222e-04,0.000e+00,1.380e-04
22,Ti,L2,50,150,10,1.147007,2.241e-04,0.000e+00,0.000e+00
22,Ti,L2,50,150,30,1.108453,2.840e-04,0.000e+00,0.000e+00
22,Ti,L2,50,150,100,1.076842,3.399e-04,0.000e+00,0.000e+00
22,Ti,L3,0,100,10,1.196140,1.326e-04,0.000e+00,1.746e-04
22,Ti,L3,0,100,30,1.154057,2.093e-04,0.000e+00,1.683e-04
22,Ti,L3,0,100,100,1.126234,2.561e-04,0.000e+00,1.662e-04
22,Ti,L3,0,200,10,1.177476,1.980e-04,0.000e+00,5.222e-05
22,Ti,L3,0,200,30,1.136188,2.702e-04,0.000e+00,4.883e-05
22,Ti,L3,0,200,100,1.105050,3.262e-04,0.000e+00,4.759e-05
22,Ti,L3,0,50,10,1.226067,1.000e-04,0.000e+00,1.425e-04
22,Ti,L3,0,50,30,1.183492,1.803e-04,0.000e+00,1.398e-04
22,Ti,L3,0,50,100,1.157507,2.238e-04,0.000e+00,1.389e-04
22,Ti,L3,50,150,10,1.147693,2.270e-04,0.000e+00,0.000e+00
22,Ti,L3,50,150,30,1.108998,2.875e-04,0.000e+00,0.000e+00
22,Ti,L3,50,150,100,1.077616,3.438e-04,0.000e+00,0.000e+00
23,V,K,0,100,10,1.124766,2.455e-05,0.000e+00,1.242e-04
23,V,K,0,100,30,1.103165,2.919e-05,0.000e+00,1.232e-04
23,V,K,0,100,100,1.057285,6.135e-05,0.000e+00,1.220e-04
23,V,K,0,200,10,1.125361,3.591e-05,0.000e+00,2.849e-05
23,V,K,0,200,30,1.103958,3.973e-05,0.000e+00,2.809e-05
23,V,K,0,200,100,1.058105,6.990e-05,0.000e+00,2.758e-05
23,V,K,0,50,10,1.124970,1.605e-05,0.000e+00,1.218e-04
23,V,K,0,50,30,1.103267,2.122e-05,0.000e+00,1.213e-04
23,V,K,0,50,100,1.057364,5.416e-05,0.000e+00,1.207e-04
23,V,K,50,150,10,1.125207,3.703e-05,0.000e+00,0.000e+00
23,V,K,50,150,30,1.103808,4.060e-05,0.000e+00,0.000e+00
23,V,K,50,150,100,1.057946,7.098e-05,0.000e+00,0.000e+00
23,V,L1,0,100,10,1.094177,4.384e-05,0.000e+00,1.476e-04
23,V,L1,0,100,30,1.055079,8.818e-05,0.000e+00,1.443e-04
23,V,L1,0,100,100,1.017268,3.004e-04,0.000e+00,1.399e-04
23,V,L1,0,200,10,1.091886,9.132e-05,0.000e+00,3.935e-05
23,V,L1,0,200,30,1.053949,1.230e-04,0.000e+00,3.819e-05
23,V,L1,0,200,100,1.015714,3.676e-04,0.000e+00,3.621e-05
23,V,L1,0,50,10,1.097234,1.533e-05,0.000e+00,1.327e-04
23,V,L1,0,50,30,1.061078,7.259e-05,0.000e+00,1.295e-04
23,V,L1,0,50,100,1.026436,2.714e-04,0.000e+00,1.264e-04
23,V,L1,50,150,10,1.089213,1.055e-04,0.000e+00,0.000e+00
23,V,L1,50,150,30,1.046203,1.280e-04,0.000e+00,0.000e+00
23,V,L1,50,150,100,1.003216,3.737e-04,0.000e+00,0.000e+00
23,V,L2,0,100,10,1.160980,1.229e-04,0.000e+00,1.516e-04
23,V,L2,0,100,30,1.123114,1.883e-04,0.000e+00,1.464e-04
23,V,L2,0,100,100,1.094398,2.431e-04,0.000e+00,1.445e-04
23,V,L2,0,200,10,1.147755,1.838e-04,0.000e+00,4.425e-05
23,V,L2,0,200,30,1.110629,2.464e-04,0.000e+00,4.155e-05
23,V,L2,0,200,100,1.078887,3.073e-04,0.000e+00,4.045e-05
23,V,L2,0,50,10,1.181149,9.517e-05,0.000e+00,1.263e-04
23,V,L2,0,50,30,1.142982,1.689e-04,0.000e+00,1.240e-04
23,V,L2,0,50,100,1.116055,2.153e-04,0.000e+00,1.232e-04
23,V,L2,50,150,10,1.128706,2.056e-04,0.000e+00,0.000e+00
23,V,L2,50,150,30,1.093068,2.584e-04,0.000e+00,0.000e+00
23,V,L2,50,150,100,1.060824,3.216e-04,0.000e+00,0.000e+00
23,V,L3,0,100,10,1.162168,1.243e-04,0.000e+00,1.533e-04
23,V,L3,0,100,30,1.124186,1.871e-04,0.000e+00,1.480e-04
23,V,L3,0,100,100,1.095793,2.452e-04,0.000e+00,1.461e-04
23,V,L3,0,200,10,1.148756,1.857e-04,0.000e+00,4.489e-05
23,V,L3,0,200,30,1.111488,2.469e-04,0.000e+00,4.213e-05
23,V,L3,0,200,100,1.080023,3.096e-04,0.000e+00,4.102e-05
23,V,L3,0,50,10,1.182638,9.625e-05,0.000e+00,1.273e-04
23,V,L3,0,50,30,1.144372,1.637e-04,0.000e+00,1.250e-04
23,V,L3,0,50,100,1.117801,2.166e-04,0.000e+00,1.242e-04
23,V,L3,50,150,10,1.129222,2.085e-04,0.000e+00,0.000e+00
23,V,L3,50,150,30,1.093478,2.628e-04,0.000e+00,0.000e+00
23,V,L3,50,150,100,1.061488,3.252e-04,0.000e+00,0.000e+00
24,Cr,K,0,100,10,1.109145,2.390e-05,0.000e+00,1.191e-04
24,Cr,K,0,100,30,1.089376,2.788e-05,0.000e+00,1.184e-04
24,Cr,K,0,100,100,1.045520,6.711e-05,0.000e+00,1.177e-04
24,Cr,K,0,200,10,1.112435,3.477e-05,0.000e+00,2.714e-05
24,Cr,K,0,200,30,1.092845,3.798e-05,0.000e+00,2.682e-05
24,Cr,K,0,200,100,1.049069,7.298e-05,0.000e+00,2.645e-05
24,Cr,K,0,50,10,1.104978,1.720e-05,0.000e+00,1.177e-04
24,Cr,K,0,50,30,1.085126,2.137e-05,0.000e+00,1.173e-04
24,Cr,K,0,50,100,1.041198,6.259e-05,0.000e+00,1.171e-04
24,Cr,K,50,150,10,1.114566,3.552e-05,0.000e+00,0.000e+00
24,Cr,K,50,150,30,1.094945,3.875e-05,0.000e+00,0.000e+00
24,Cr,K,50,150,100,1.051150,7.373e-05,0.000e+00,0.000e+00
24,Cr,L1,0,100,10,1.056998,3.651e-05,0.000e+00,1.430e-04
24,Cr,L1,0,100,30,1.015818,7.910e-05,0.000e+00,1.486e-04
24,Cr,L1,0,100,100,0.979225,2.638e-04,0.000e+00,1.496e-04
24,Cr,L1,0,200,10,1.058193,8.436e-05,0.000e+00,3.758e-05
24,Cr,L1,0,200,30,1.017125,1.119e-04,0.000e+00,3.899e-05
24,Cr,L1,0,200,100,0.978422,3.197e-04,0.000e+00,3.866e-05
24,Cr,L1,0,50,10,1.054261,9.618e-06,0.000e+00,1.300e-04
24,Cr,L1,0,50,30,1.013648,6.361e-05,0.000e+00,1.341e-04
24,Cr,L1,0,50,100,0.978808,2.557e-04,0.000e+00,1.354e-04
24,Cr,L1,50,150,10,1.060374,9.711e-05,0.000e+00,0.000e+00
24,Cr,L1,50,150,30,1.018423,1.180e-04,0.000e+00,0.000e+00
24,Cr,L1,50,150,100,0.978209,3.116e-04,0.000e+00,0.000e+00
24,Cr,L2,0,100,10,1.082577,9.827e-05,0.000e+00,1.902e-04
24,Cr,L2,0,100,30,1.052089,1.676e-04,0.000e+00,1.844e-04
24,Cr,L2,0,100,100,1.027251,2.149e-04,0.000e+00,1.821e-04
24,Cr,L2,0,200,10,1.082172,1.556e-04,0.000e+00,5.531e-05
24,Cr,L2,0,200,30,1.051982,2.167e-04,0.000e+00,5.224e-05
24,Cr,L2,0,200,100,1.024220,2.741e-04,0.000e+00,5.086e-05
24,Cr,L2,0,50,10,1.085505,8.211e-05,0.000e+00,1.568e-04
24,Cr,L2,0,50,30,1.055469,1.536e-04,0.000e+00,1.543e-04
24,Cr,L2,0,50,100,1.032875,1.984e-04,0.000e+00,1.533e-04
24,Cr,L2,50,150,10,1.079480,1.674e-04,0.000e+00,0.000e+00
24,Cr,L2,50,150,30,1.048900,2.208e-04,0.000e+00,0.000e+00
24,Cr,L2,50,150,100,1.019406,2.794e-04,0.000e+00,0.000e+00
24,Cr,L3,0,100,10,1.083337,9.951e-05,0.000e+00,1.935e-04
24,Cr,L3,0,100,30,1.052830,1.714e-04,0.000e+00,1.876e-04
24,Cr,L3,0,100,100,1.028327,2.167e-04,0.000e+00,1.852e-04
24,Cr,L3,0,200,10,1.082621,1.575e-04,0.000e+00,5.650e-05
24,Cr,L3,0,200,30,1.052393,2.199e-04,0.000e+00,5.334e-05
24,Cr,L3,0,200,100,1.024944,2.773e-04,0.000e+00,5.194e-05
24,Cr,L3,0,50,10,1.086789,8.284e-05,0.000e+00,1.590e-04
24,Cr,L3,0,50,30,1.056752,1.593e-04,0.000e+00,1.564e-04
24,Cr,L3,0,50,100,1.034500,1.986e-04,0.000e+00,1.555e-04
24,Cr,L3,50,150,10,1.079357,1.703e-04,0.000e+00,0.000e+00
24,Cr,L3,50,150,30,1.048758,2.220e-04,0.000e+00,0.000e+00
24,Cr,L3,50,150,100,1.019570,2.850e-04,0.000e+00,0.000e+00
25,Mn,K,0,100,10,1.113482,2.293e-05,0.000e+00,1.237e-04
25,Mn,K,0,100,30,1.094940,2.653e-05,0.000e+00,1.230e-04
25,Mn,K,0,100,100,1.051487,5.740e-05,0.000e+00,1.217e-04
25,Mn,K,0,200,10,1.114865,3.325e-05,0.000e+00,2.816e-05
25,Mn,K,0,200,30,1.096503,3.607e-05,0.000e+00,2.783e-05
25,Mn,K,0,200,100,1.053173,6.582e-05,0.000e+00,2.734e-05
25,Mn,K,0,50,10,1.112977,1.336e-05,0.000e+00,1.220e-04
25,Mn,K,0,50,30,1.094314,1.734e-05,0.000e+00,1.216e-04
25,Mn,K,0,50,100,1.050679,4.924e-05,0.000e+00,1.208e-04
25,Mn,K,50,150,10,1.114988,3.559e-05,0.000e+00,0.000e+00
25,Mn,K,50,150,30,1.096642,3.832e-05,0.000e+00,0.000e+00
25,Mn,K,50,150,100,1.053379,6.793e-05,0.000e+00,0.000e+00
25,Mn,L1,0,100,10,1.067853,3.859e-05,0.000e+00,1.420e-04
25,Mn,L1,0,100,30,1.027743,6.988e-05,0.000e+00,1.354e-04
25,Mn,L1,0,100,100,0.985958,2.732e-04,0.000e+00,1.285e-04
25,Mn,L1,0,200,10,1.067301,8.270e-05,0.000e+00,3.685e-05
25,Mn,L1,0,200,30,1.027696,1.033e-04,0.000e+00,3.494e-05
25,Mn,L1,0,200,100,0.984147,3.006e-04,0.000e+00,3.261e-05
25,Mn,L1,0,50,10,1.068591,1.125e-05,0.000e+00,1.300e-04
25,Mn,L1,0,50,30,1.028624,5.390e-05,0.000e+00,1.239e-04
25,Mn,L1,0,50,100,0.988312,2.704e-04,0.000e+00,1.183e-04
25,Mn,L1,50,150,10,1.066992,9.442e-05,0.000e+00,0.000e+00
25,Mn,L1,50,150,30,1.027063,1.087e-04,0.000e+00,0.000e+00
25,Mn,L1,50,150,100,0.982642,2.917e-04,0.000e+00,0.000e+00
25,Mn,L2,0,100,10,1.105644,1.094e-04,0.000e+00,1.203e-04
25,Mn,L2,0,100,30,1.073828,1.615e-04,0.000e+00,1.166e-04
25,Mn,L2,0,100,100,1.044214,2.216e-04,0.000e+00,1.150e-04
25,Mn,L2,0,200,10,1.102318,1.619e-04,0.000e+00,3.383e-05
25,Mn,L2,0,200,30,1.071017,2.111e-04,0.000e+00,3.198e-05
25,Mn,L2,0,200,100,1.038682,2.744e-04,0.000e+00,3.109e-05
25,Mn,L2,0,50,10,1.108760,8.954e-05,0.000e+00,1.035e-04
25,Mn,L2,0,50,30,1.077010,1.462e-04,0.000e+00,1.018e-04
25,Mn,L2,0,50,100,1.049263,2.043e-04,0.000e+00,1.011e-04
25,Mn,L2,50,150,10,1.099537,1.750e-04,0.000e+00,0.000e+00
25,Mn,L2,50,150,30,1.068248,2.192e-04,0.000e+00,0.000e+00
25,Mn,L2,50,150,100,1.034843,2.796e-04,0.000e+00,0.000e+00
25,Mn,L3,0,100,10,1.106657,1.107e-04,0.000e+00,1.221e-04
25,Mn,L3,0,100,30,1.074789,1.646e-04,0.000e+00,1.183e-04
25,Mn,L3,0,100,100,1.045538,2.243e-04,0.000e+00,1.167e-04
25,Mn,L3,0,200,10,1.103040,1.640e-04,0.000e+00,3.447e-05
25,Mn,L3,0,200,30,1.071668,2.147e-04,0.000e+00,3.257e-05
25,Mn,L3,0,200,100,1.039656,2.782e-04,0.000e+00,3.167e-05
25,Mn,L3,0,50,10,1.110254,9.018e-05,0.000e+00,1.047e-04
25,Mn,L3,0,50,30,1.078463,1.464e-04,0.000e+00,1.030e-04
25,Mn,L3,0,50,100,1.051108,2.062e-04,0.000e+00,1.023e-04
25,Mn,L3,50,150,10,1.099794,1.780e-04,0.000e+00,0.000e+00
25,Mn,L3,50,150,30,1.068456,2.261e-04,0.000e+00,0.000e+00
25,Mn,L3,50,150,100,1.035354,2.846e-04,0.000e+00,0.000e+00
26,Fe,K,0,100,10,1.108305,2.224e-05,0.000e+00,1.235e-04
26,Fe,K,0,100,30,1.091220,2.525e-05,0.000e+00,1.228e-04
26,Fe,K,0,100,100,1.048911,4.978e-05,0.000e+00,1.215e-04
26,Fe,K,0,200,10,1.110036,3.212e-05,0.000e+00,2.800e-05
26,Fe,K,0,200,30,1.093125,3.464e-05,0.000e+00,2.771e-05
26,Fe,K,0,200,100,1.050992,5.649e-05,0.000e+00,2.723e-05
26,Fe,K,0,50,10,1.107545,1.227e-05,0.000e+00,1.221e-04
26,Fe,K,0,50,30,1.090329,1.567e-05,0.000e+00,1.217e-04
26,Fe,K,0,50,100,1.047745,4.192e-05,0.000e+00,1.209e-04
26,Fe,K,50,150,10,1.110242,3.489e-05,0.000e+00,0.000e+00
26,Fe,K,50,150,30,1.093356,3.724e-05,0.000e+00,0.000e+00
26,Fe,K,50,150,100,1.051334,5.874e-05,0.000e+00,0.000e+00
26,Fe,L1,0,100,10,1.057327,3.626e-05,0.000e+00,1.398e-04
26,Fe,L1,0,100,30,1.017110,6.378e-05,0.000e+00,1.320e-04
26,Fe,L1,0,100,100,0.973378,2.880e-04,0.000e+00,1.238e-04
26,Fe,L1,0,200,10,1.057659,7.888e-05,0.000e+00,3.585e-05
26,Fe,L1,0,200,30,1.018457,9.472e-05,0.000e+00,3.367e-05
26,Fe,L1,0,200,100,0.973492,3.088e-04,0.000e+00,3.109e-05
26,Fe,L1,0,50,10,1.057217,1.006e-05,0.000e+00,1.290e-04
26,Fe,L1,0,50,30,1.015988,4.493e-05,0.000e+00,1.218e-04
26,Fe,L1,0,50,100,0.972757,2.754e-04,0.000e+00,1.148e-04
26,Fe,L1,50,150,10,1.057864,8.935e-05,0.000e+00,0.000e+00
26,Fe,L1,50,150,30,1.019149,1.014e-04,0.000e+00,0.000e+00
26,Fe,L1,50,150,100,0.973937,3.156e-04,0.000e+00,0.000e+00
26,Fe,L2,0,100,10,1.081757,1.042e-04,0.000e+00,1.082e-04
26,Fe,L2,0,100,30,1.052276,1.633e-04,0.000e+00,1.051e-04
26,Fe,L2,0,100,100,1.022353,2.114e-04,0.000e+00,1.036e-04
26,Fe,L2,0,200,10,1.083266,1.525e-04,0.000e+00,2.994e-05
26,Fe,L2,0,200,30,1.054173,2.016e-04,0.000e+00,2.838e-05
26,Fe,L2,0,200,100,1.021616,2.562e-04,0.000e+00,2.758e-05
26,Fe,L2,0,50,10,1.076879,8.743e-05,0.000e+00,9.455e-05
26,Fe,L2,0,50,30,1.047621,1.529e-04,0.000e+00,9.308e-05
26,Fe,L2,0,50,100,1.019645,2.016e-04,0.000e+00,9.242e-05
26,Fe,L2,50,150,10,1.087359,1.626e-04,0.000e+00,0.000e+00
26,Fe,L2,50,150,30,1.057745,2.021e-04,0.000e+00,0.000e+00
26,Fe,L2,50,150,100,1.023844,2.570e-04,0.000e+00,0.000e+00
26,Fe,L3,0,100,10,1.082732,1.056e-04,0.000e+00,1.101e-04
26,Fe,L3,0,100,30,1.053223,1.657e-04,0.000e+00,1.069e-04
26,Fe,L3,0,100,100,1.023686,2.136e-04,0.000e+00,1.054e-04
26,Fe,L3,0,200,10,1.083886,1.548e-04,0.000e+00,3.059e-05
26,Fe,L3,0,200,30,1.054753,2.063e-04,0.000e+00,2.898e-05
26,Fe,L3,0,200,100,1.022540,2.607e-04,0.000e+00,2.817e-05
26,Fe,L3,0,50,10,1.078439,8.866e-05,0.000e+00,9.588e-05
26,Fe,L3,0,50,30,1.049169,1.571e-04,0.000e+00,9.437e-05
26,Fe,L3,0,50,100,1.021602,2.031e-04,0.000e+00,9.370e-05
26,Fe,L3,50,150,10,1.087509,1.656e-04,0.000e+00,0.000e+00
26,Fe,L3,50,150,30,1.057870,2.064e-04,0.000e+00,0.000e+00
26,Fe,L3,50,150,100,1.024296,2.620e-04,0.000e+00,0.000e+00
27,Co,K,0,100,10,1.103438,2.146e-05,0.000e+00,1.233e-04
27,Co,K,0,100,30,1.087741,2.408e-05,0.000e+00,1.227e-04
27,Co,K,0,100,100,1.046574,5.421e-05,0.000e+00,1.214e-04
27,Co,K,0,200,10,1.105472,3.132e-05,0.000e+00,2.786e-05
27,Co,K,0,200,30,1.089944,3.352e-05,0.000e+00,2.759e-05
27,Co,K,0,200,100,1.049009,6.024e-05,0.000e+00,2.712e-05
27,Co,K,0,50,10,1.102462,1.102e-05,0.000e+00,1.222e-04
27,Co,K,0,50,30,1.086623,1.392e-05,0.000e+00,1.218e-04
27,Co,K,0,50,100,1.045084,4.582e-05,0.000e+00,1.209e-04
27,Co,K,50,150,10,1.105734,3.446e-05,0.000e+00,0.000e+00
27,Co,K,50,150,30,1.090240,3.656e-05,0.000e+00,0.000e+00
27,Co,K,50,150,100,1.049464,6.329e-05,0.000e+00,0.000e+00
27,Co,L1,0,100,10,1.048032,3.388e-05,0.000e+00,1.379e-04
27,Co,L1,0,100,30,1.007619,5.212e-05,0.000e+00,1.292e-04
27,Co,L1,0,100,100,0.961707,2.803e-04,0.000e+00,1.196e-04
27,Co,L1,0,200,10,1.049133,7.504e-05,0.000e+00,3.499e-05
27,Co,L1,0,200,30,1.010251,8.597e-05,0.000e+00,3.260e-05
27,Co,L1,0,200,100,0.963715,3.113e-04,0.000e+00,2.975e-05
27,Co,L1,0,50,10,1.047194,7.857e-06,0.000e+00,1.281e-04
27,Co,L1,0,50,30,1.004691,3.398e-05,0.000e+00,1.202e-04
27,Co,L1,0,50,100,0.958201,2.639e-04,0.000e+00,1.119e-04
27,Co,L1,50,150,10,1.049740,8.496e-05,0.000e+00,0.000e+00
27,Co,L1,50,150,30,1.012068,9.291e-05,0.000e+00,0.000e+00
27,Co,L1,50,150,100,0.965959,3.137e-04,0.000e+00,0.000e+00
27,Co,L2,0,100,10,1.059768,9.972e-05,0.000e+00,9.791e-05
27,Co,L2,0,100,30,1.032253,1.464e-04,0.000e+00,9.522e-05
27,Co,L2,0,100,100,1.002134,2.113e-04,0.000e+00,9.385e-05
27,Co,L2,0,200,10,1.066039,1.441e-04,0.000e+00,2.667e-05
27,Co,L2,0,200,30,1.038800,1.857e-04,0.000e+00,2.534e-05
27,Co,L2,0,200,100,1.006083,2.478e-04,0.000e+00,2.462e-05
27,Co,L2,0,50,10,1.047226,8.617e-05,0.000e+00,8.682e-05
27,Co,L2,0,50,30,1.020070,1.338e-04,0.000e+00,8.551e-05
27,Co,L2,0,50,100,0.991992,2.015e-04,0.000e+00,8.489e-05
27,Co,L2,50,150,10,1.076327,1.516e-04,0.000e+00,0.000e+00
27,Co,L2,50,150,30,1.048152,1.927e-04,0.000e+00,0.000e+00
27,Co,L2,50,150,100,1.013824,2.516e-04,0.000e+00,0.000e+00
27,Co,L3,0,100,10,1.060726,1.012e-04,0.000e+00,9.991e-05
27,Co,L3,0,100,30,1.033211,1.481e-04,0.000e+00,9.715e-05
27,Co,L3,0,100,100,1.003501,2.134e-04,0.000e+00,9.575e-05
27,Co,L3,0,200,10,1.066570,1.465e-04,0.000e+00,2.734e-05
27,Co,L3,0,200,30,1.039319,1.880e-04,0.000e+00,2.597e-05
27,Co,L3,0,200,100,1.006969,2.507e-04,0.000e+00,2.523e-05
27,Co,L3,0,50,10,1.048888,8.683e-05,0.000e+00,8.826e-05
27,Co,L3,0,50,30,1.021739,1.328e-04,0.000e+00,8.692e-05
27,Co,L3,0,50,100,0.994099,2.045e-04,0.000e+00,8.628e-05
27,Co,L3,50,150,10,1.076384,1.548e-04,0.000e+00,0.000e+00
27,Co,L3,50,150,30,1.048209,1.973e-04,0.000e+00,0.000e+00
27,Co,L3,50,150,100,1.014225,2.526e-04,0.000e+00,0.000e+00
28,Ni,K,0,100,10,1.098803,2.054e-05,0.000e+00,1.231e-04
28,Ni,K,0,100,30,1.084423,2.326e-05,0.000e+00,1.225e-04
28,Ni,K,0,100,100,1.044351,4.616e-05,0.000e+00,1.212e-04
28,Ni,K,0,200,10,1.101119,3.067e-05,0.000e+00,2.772e-05
28,Ni,K,0,200,30,1.086903,3.286e-05,0.000e+00,2.748e-05
28,Ni,K,0,200,100,1.047130,5.486e-05,0.000e+00,2.701e-05
28,Ni,K,0,50,10,1.097662,9.950e-06,0.000e+00,1.223e-04
28,Ni,K,0,50,30,1.083127,1.279e-05,0.000e+00,1.219e-04
28,Ni,K,0,50,100,1.042583,3.653e-05,0.000e+00,1.210e-04
28,Ni,K,50,150,10,1.101423,3.381e-05,0.000e+00,0.000e+00
28,Ni,K,50,150,30,1.087250,3.605e-05,0.000e+00,0.000e+00
28,Ni,K,50,150,100,1.047684,5.787e-05,0.000e+00,0.000e+00
28,Ni,L1,0,100,10,1.039603,3.168e-05,0.000e+00,1.363e-04
28,Ni,L1,0,100,30,0.998934,4.977e-05,0.000e+00,1.269e-04
28,Ni,L1,0,100,100,0.950608,2.463e-04,0.000e+00,1.159e-04
28,Ni,L1,0,200,10,1.041396,7.158e-05,0.000e+00,3.423e-05
28,Ni,L1,0,200,30,1.002772,8.129e-05,0.000e+00,3.168e-05
28,Ni,L1,0,200,100,0.954514,2.853e-04,0.000e+00,2.858e-05
28,Ni,L1,0,50,10,1.038143,6.109e-06,0.000e+00,1.274e-04
28,Ni,L1,0,50,30,0.994356,3.329e-05,0.000e+00,1.189e-04
28,Ni,L1,0,50,100,0.944245,2.345e-04,0.000e+00,1.092e-04
28,Ni,L1,50,150,10,1.042327,8.084e-05,0.000e+00,0.000e+00
28,Ni,L1,50,150,30,1.005570,8.455e-05,0.000e+00,0.000e+00
28,Ni,L1,50,150,100,0.958494,2.862e-04,0.000e+00,0.000e+00
28,Ni,L2,0,100,10,1.038928,9.603e-05,0.000e+00,8.894e-05
28,Ni,L2,0,100,30,1.013151,1.478e-04,0.000e+00,8.660e-05
28,Ni,L2,0,100,100,0.982918,2.102e-04,0.000e+00,8.534e-05
28,Ni,L2,0,200,10,1.049965,1.366e-04,0.000e+00,2.387e-05
28,Ni,L2,0,200,30,1.024345,1.795e-04,0.000e+00,2.273e-05
28,Ni,L2,0,200,100,0.991535,2.438e-04,0.000e+00,2.209e-05
28,Ni,L2,0,50,10,1.018905,8.522e-05,0.000e+00,8.001e-05
28,Ni,L2,0,50,30,0.993621,1.468e-04,0.000e+00,7.885e-05
28,Ni,L2,0,50,100,0.965518,2.004e-04,0.000e+00,7.825e-05
28,Ni,L2,50,150,10,1.065983,1.421e-04,0.000e+00,0.000e+00
28,Ni,L2,50,150,30,1.039067,1.756e-04,0.000e+00,0.000e+00
28,Ni,L2,50,150,100,1.004405,2.455e-04,0.000e+00,0.000e+00
28,Ni,L3,0,100,10,1.039886,9.749e-05,0.000e+00,9.107e-05
28,Ni,L3,0,100,30,1.014132,1.467e-04,0.000e+00,8.865e-05
28,Ni,L3,0,100,100,0.984335,2.121e-04,0.000e+00,8.736e-05
28,Ni,L3,0,200,10,1.050418,1.391e-04,0.000e+00,2.456e-05
28,Ni,L3,0,200,30,1.024814,1.811e-04,0.000e+00,2.338e-05
28,Ni,L3,0,200,100,0.992393,2.460e-04,0.000e+00,2.272e-05
28,Ni,L3,0,50,10,1.020693,8.618e-05,0.000e+00,8.157e-05
28,Ni,L3,0,50,30,0.995441,1.468e-04,0.000e+00,8.038e-05
28,Ni,L3,0,50,100,0.967799,2.006e-04,0.000e+00,7.977e-05
28,Ni,L3,50,150,10,1.065957,1.452e-04,0.000e+00,0.000e+00
28,Ni,L3,50,150,30,1.039062,1.768e-04,0.000e+00,0.000e+00
28,Ni,L3,50,150,100,1.004769,2.495e-04,0.000e+00,0.000e+00
29,Cu,K,0,100,10,1.083210,2.127e-05,0.000e+00,1.159e-04
29,Cu,K,0,100,30,1.070380,2.315e-05,0.000e+00,1.154e-04
29,Cu,K,0,100,100,1.031872,4.170e-05,0.000e+00,1.145e-04
29,Cu,K,0,200,10,1.088434,3.187e-05,0.000e+00,2.587e-05
29,Cu,K,0,200,30,1.075802,3.338e-05,0.000e+00,2.569e-05
29,Cu,K,0,200,100,1.037864,4.984e-05,0.000e+00,2.534e-05
29,Cu,K,0,50,10,1.077181,1.014e-05,0.000e+00,1.162e-04
29,Cu,K,0,50,30,1.064144,1.224e-05,0.000e+00,1.160e-04
29,Cu,K,0,50,100,1.024795,3.250e-05,0.000e+00,1.153e-04
29,Cu,K,50,150,10,1.091176,3.534e-05,0.000e+00,0.000e+00
29,Cu,K,50,150,30,1.078602,3.679e-05,0.000e+00,0.000e+00
29,Cu,K,50,150,100,1.041026,5.278e-05,0.000e+00,0.000e+00
29,Cu,L1,0,100,10,1.011782,2.522e-05,0.000e+00,1.292e-04
29,Cu,L1,0,100,30,0.964204,3.701e-05,0.000e+00,1.256e-04
29,Cu,L1,0,100,100,0.910668,2.093e-04,0.000e+00,1.206e-04
29,Cu,L1,0,200,10,1.017853,6.615e-05,0.000e+00,3.204e-05
29,Cu,L1,0,200,30,0.974898,6.997e-05,0.000e+00,3.107e-05
29,Cu,L1,0,200,100,0.923828,2.397e-04,0.000e+00,2.963e-05
29,Cu,L1,0,50,10,1.004025,1.645e-06,0.000e+00,1.222e-04
29,Cu,L1,0,50,30,0.950006,1.517e-05,0.000e+00,1.183e-04
29,Cu,L1,0,50,100,0.892086,2.066e-04,0.000e+00,1.135e-04
29,Cu,L1,50,150,10,1.022707,7.567e-05,0.000e+00,0.000e+00
29,Cu,L1,50,150,30,0.983958,7.767e-05,0.000e+00,0.000e+00
29,Cu,L1,50,150,100,0.935977,2.312e-04,0.000e+00,0.000e+00
29,Cu,L2,0,100,10,0.954892,7.080e-05,0.000e+00,1.151e-04
29,Cu,L2,0,100,30,0.933961,1.210e-04,0.000e+00,1.124e-04
29,Cu,L2,0,100,100,0.909246,1.814e-04,0.000e+00,1.108e-04
29,Cu,L2,0,200,10,0.985209,1.068e-04,0.000e+00,3.099e-05
29,Cu,L2,0,200,30,0.964017,1.486e-04,0.000e+00,2.963e-05
29,Cu,L2,0,200,100,0.936196,2.126e-04,0.000e+00,2.882e-05
29,Cu,L2,0,50,10,0.912329,6.917e-05,0.000e+00,1.019e-04
29,Cu,L2,0,50,30,0.892545,1.206e-04,0.000e+00,1.006e-04
29,Cu,L2,0,50,100,0.870881,1.830e-04,0.000e+00,9.988e-05
29,Cu,L2,50,150,10,1.024231,1.041e-04,0.000e+00,0.000e+00
29,Cu,L2,50,150,30,0.999954,1.451e-04,0.000e+00,0.000e+00
29,Cu,L2,50,150,100,0.968301,2.053e-04,0.000e+00,0.000e+00
29,Cu,L3,0,100,10,0.955499,7.201e-05,0.000e+00,1.200e-04
29,Cu,L3,0,100,30,0.934675,1.239e-04,0.000e+00,1.171e-04
29,Cu,L3,0,100,100,0.910434,1.845e-04,0.000e+00,1.155e-04
29,Cu,L3,0,200,10,0.985085,1.090e-04,0.000e+00,3.250e-05
29,Cu,L3,0,200,30,0.963996,1.507e-04,0.000e+00,3.106e-05
29,Cu,L3,0,200,100,0.936627,2.168e-04,0.000e+00,3.021e-05
29,Cu,L3,0,50,10,0.914141,7.033e-05,0.000e+00,1.056e-04
29,Cu,L3,0,50,30,0.894469,1.243e-04,0.000e+00,1.042e-04
29,Cu,L3,0,50,100,0.873286,1.840e-04,0.000e+00,1.035e-04
29,Cu,L3,50,150,10,1.023673,1.067e-04,0.000e+00,0.000e+00
29,Cu,L3,50,150,30,0.999470,1.449e-04,0.000e+00,0.000e+00
29,Cu,L3,50,150,100,0.968227,2.109e-04,0.000e+00,0.000e+00
30,Zn,K,0,100,10,1.085813,1.913e-05,0.000e+00,1.231e-04
30,Zn,K,0,100,30,1.074352,2.115e-05,0.000e+00,1.226e-04
30,Zn,K,0,100,100,1.037365,4.485e-05,0.000e+00,1.212e-04
30,Zn,K,0,200,10,1.088556,2.968e-05,0.000e+00,2.753e-05
30,Zn,K,0,200,30,1.077256,3.137e-05,0.000e+00,2.734e-05
30,Zn,K,0,200,100,1.040717,5.182e-05,0.000e+00,2.688e-05
30,Zn,K,0,50,10,1.084602,7.843e-06,0.000e+00,1.227e-04
30,Zn,K,0,50,30,1.072959,1.005e-05,0.000e+00,1.223e-04
30,Zn,K,0,50,100,1.035256,3.530e-05,0.000e+00,1.213e-04
30,Zn,K,50,150,10,1.088789,3.323e-05,0.000e+00,0.000e+00
30,Zn,K,50,150,30,1.077553,3.490e-05,0.000e+00,0.000e+00
30,Zn,K,50,150,100,1.041341,5.545e-05,0.000e+00,0.000e+00
30,Zn,L1,0,100,10,1.020474,2.761e-05,0.000e+00,1.338e-04
30,Zn,L1,0,100,30,0.979208,3.681e-05,0.000e+00,1.232e-04
30,Zn,L1,0,100,100,0.925426,2.165e-04,0.000e+00,1.092e-04
30,Zn,L1,0,200,10,1.023587,6.511e-05,0.000e+00,3.301e-05
30,Zn,L1,0,200,30,0.985652,6.944e-05,0.000e+00,3.019e-05
30,Zn,L1,0,200,100,0.933813,2.295e-04,0.000e+00,2.647e-05
30,Zn,L1,0,50,10,1.017953,3.289e-06,0.000e+00,1.265e-04
30,Zn,L1,0,50,30,0.971296,2.002e-05,0.000e+00,1.170e-04
30,Zn,L1,0,50,100,0.912554,2.192e-04,0.000e+00,1.045e-04
30,Zn,L1,50,150,10,1.024979,7.298e-05,0.000e+00,0.000e+00
30,Zn,L1,50,150,30,0.990297,7.521e-05,0.000e+00,0.000e+00
30,Zn,L1,50,150,100,0.941593,2.230e-04,0.000e+00,0.000e+00
30,Zn,L2,0,100,10,0.989639,9.059e-05,0.000e+00,7.238e-05
30,Zn,L2,0,100,30,0.967798,1.297e-04,0.000e+00,7.059e-05
30,Zn,L2,0,100,100,0.938316,1.928e-04,0.000e+00,6.953e-05
30,Zn,L2,0,200,10,1.011996,1.240e-04,0.000e+00,1.886e-05
30,Zn,L2,0,200,30,0.990103,1.587e-04,0.000e+00,1.803e-05
30,Zn,L2,0,200,100,0.957997,2.210e-04,0.000e+00,1.751e-05
30,Zn,L2,0,50,10,0.952895,8.404e-05,0.000e+00,6.713e-05
30,Zn,L2,0,50,30,0.931760,1.287e-04,0.000e+00,6.620e-05
30,Zn,L2,0,50,100,0.904664,1.900e-04,0.000e+00,6.566e-05
30,Zn,L2,50,150,10,1.040023,1.267e-04,0.000e+00,0.000e+00
30,Zn,L2,50,150,30,1.016219,1.590e-04,0.000e+00,0.000e+00
30,Zn,L2,50,150,100,0.981717,2.208e-04,0.000e+00,0.000e+00
30,Zn,L3,0,100,10,0.990538,9.175e-05,0.000e+00,7.468e-05
30,Zn,L3,0,100,30,0.968769,1.316e-04,0.000e+00,7.282e-05
30,Zn,L3,0,100,100,0.939765,1.962e-04,0.000e+00,7.172e-05
30,Zn,L3,0,200,10,1.012252,1.263e-04,0.000e+00,1.957e-05
30,Zn,L3,0,200,30,0.990424,1.608e-04,0.000e+00,1.870e-05
30,Zn,L3,0,200,100,0.958749,2.261e-04,0.000e+00,1.816e-05
30,Zn,L3,0,50,10,0.954848,8.506e-05,0.000e+00,6.890e-05
30,Zn,L3,0,50,30,0.933788,1.270e-04,0.000e+00,6.794e-05
30,Zn,L3,0,50,100,0.907201,1.933e-04,0.000e+00,6.738e-05
30,Zn,L3,50,150,10,1.039886,1.294e-04,0.000e+00,0.000e+00
30,Zn,L3,50,150,30,1.016138,1.642e-04,0.000e+00,0.000e+00
30,Zn,L3,50,150,100,0.982026,2.264e-04,0.000e+00,0.000e+00
30,Zn,M1,0,100,10,1.417758,4.851e-05,0.000e+00,1.601e-04
30,Zn,M1,0,100,30,1.147670,3.932e-04,0.000e+00,1.497e-04
30,Zn,M1,0,100,100,1.116848,8.051e-04,0.000e+00,1.454e-04
30,Zn,M1,0,200,10,1.368564,1.648e-04,0.000e+00,4.768e-05
30,Zn,M1,0,200,30,1.173561,5.660e-04,0.000e+00,4.062e-05
30,Zn,M1,0,200,100,1.140779,1.088e-03,0.000e+00,3.846e-05
30,Zn,M1,0,50,10,1.435794,7.675e-05,0.000e+00,1.404e-04
30,Zn,M1,0,50,30,1.067072,3.802e-04,0.000e+00,1.424e-04
30,Zn,M1,0,50,100,1.041246,7.771e-04,0.000e+00,1.386e-04
30,Zn,M1,50,150,10,1.356688,2.504e-04,0.000e+00,0.000e+00
30,Zn,M1,50,150,30,1.245108,5.716e-04,0.000e+00,0.000e+00
30,Zn,M1,50,150,100,1.206102,1.028e-03,0.000e+00,0.000e+00
30,Zn,M2,0,100,10,1.105111,1.211e-04,0.000e+00,3.145e-04
30,Zn,M2,0,100,30,0.907828,5.160e-04,0.000e+00,2.629e-04
30,Zn,M2,0,100,100,0.897975,5.810e-04,0.000e+00,2.566e-04
30,Zn,M2,0,200,10,1.164608,1.171e-04,0.000e+00,8.951e-05
30,Zn,M2,0,200,30,0.978616,8.255e-04,0.000e+00,7.049e-05
30,Zn,M2,0,200,100,0.965253,9.494e-04,0.000e+00,6.774e-05
30,Zn,M2,0,50,10,0.963104,2.133e-04,0.000e+00,2.631e-04
30,Zn,M2,0,50,30,0.804352,3.412e-04,0.000e+00,2.293e-04
30,Zn,M2,0,50,100,0.799010,4.112e-04,0.000e+00,2.249e-04
30,Zn,M2,50,150,10,1.376690,2.256e-04,0.000e+00,0.000e+00
30,Zn,M2,50,150,30,1.110752,1.000e-03,0.000e+00,0.000e+00
30,Zn,M2,50,150,100,1.086744,1.099e-03,0.000e+00,0.000e+00
30,Zn,M3,0,100,10,1.133181,1.090e-04,0.000e+00,3.138e-04
30,Zn,M3,0,100,30,0.930654,5.199e-04,0.000e+00,2.648e-04
30,Zn,M3,0,100,100,0.921515,5.963e-04,0.000e+00,2.591e-04
30,Zn,M3,0,200,10,1.180366,1.273e-04,0.000e+00,9.049e-05
30,Zn,M3,0,200,30,0.992815,8.428e-04,0.000e+00,7.187e-05
30,Zn,M3,0,200,100,0.980379,9.586e-04,0.000e+00,6.926e-05
30,Zn,M3,0,50,10,0.999355,2.426e-04,0.000e+00,2.639e-04
30,Zn,M3,0,50,30,0.830541,3.346e-04,0.000e+00,2.320e-04
30,Zn,M3,0,50,100,0.825523,3.993e-04,0.000e+00,2.280e-04
30,Zn,M3,50,150,10,1.369510,2.649e-04,0.000e+00,0.000e+00
30,Zn,M3,50,150,30,1.116158,1.021e-03,0.000e+00,0.000e+00
30,Zn,M3,50,150,100,1.094548,1.124e-03,0.000e+00,0.000e+00
31,Ga,K,0,100,10,1.093444,1.682e-05,0.000e+00,1.245e-04
31,Ga,K,0,100,30,1.082325,1.873e-05,0.000e+00,1.240e-04
31,Ga,K,0,100,100,1.045331,3.923e-05,0.000e+00,1.226e-04
31,Ga,K,0,200,10,1.094386,2.729e-05,0.000e+00,2.791e-05
31,Ga,K,0,200,30,1.083401,2.892e-05,0.000e+00,2.774e-05
31,Ga,K,0,200,100,1.046748,4.751e-05,0.000e+00,2.727e-05
31,Ga,K,0,50,10,1.094938,6.894e-06,0.000e+00,1.234e-04
31,Ga,K,0,50,30,1.083669,8.854e-06,0.000e+00,1.232e-04
31,Ga,K,0,50,100,1.046116,3.032e-05,0.000e+00,1.221e-04
31,Ga,K,50,150,10,1.093272,2.982e-05,0.000e+00,0.000e+00
31,Ga,K,50,150,30,1.082345,3.151e-05,0.000e+00,0.000e+00
31,Ga,K,50,150,100,1.045959,5.011e-05,0.000e+00,0.000e+00
31,Ga,L1,0,100,10,1.033721,2.691e-05,0.000e+00,1.342e-04
31,Ga,L1,0,100,30,0.994930,3.848e-05,0.000e+00,1.229e-04
31,Ga,L1,0,100,100,0.940305,2.339e-04,0.000e+00,1.068e-04
31,Ga,L1,0,200,10,1.034676,6.232e-05,0.000e+00,3.298e-05
31,Ga,L1,0,200,30,0.998158,6.829e-05,0.000e+00,2.993e-05
31,Ga,L1,0,200,100,0.944788,2.461e-04,0.000e+00,2.565e-05
31,Ga,L1,0,50,10,1.034271,5.008e-06,0.000e+00,1.269e-04
31,Ga,L1,0,50,30,0.991330,2.396e-05,0.000e+00,1.171e-04
31,Ga,L1,0,50,100,0.932131,2.203e-04,0.000e+00,1.029e-04
31,Ga,L1,50,150,10,1.034165,6.836e-05,0.000e+00,0.000e+00
31,Ga,L1,50,150,30,1.000098,7.062e-05,0.000e+00,0.000e+00
31,Ga,L1,50,150,100,0.949580,2.541e-04,0.000e+00,0.000e+00
31,Ga,L2,0,100,10,1.028534,9.690e-05,0.000e+00,6.327e-05
31,Ga,L2,0,100,30,1.003556,1.384e-04,0.000e+00,6.173e-05
31,Ga,L2,0,100,100,0.968800,1.939e-04,0.000e+00,6.076e-05
31,Ga,L2,0,200,10,1.042644,1.319e-04,0.000e+00,1.615e-05
31,Ga,L2,0,200,30,1.017797,1.649e-04,0.000e+00,1.545e-05
31,Ga,L2,0,200,100,0.980947,2.200e-04,0.000e+00,1.499e-05
31,Ga,L2,0,50,10,1.000408,8.169e-05,0.000e+00,6.007e-05
31,Ga,L2,0,50,30,0.975769,1.282e-04,0.000e+00,5.925e-05
31,Ga,L2,0,50,100,0.942680,1.850e-04,0.000e+00,5.873e-05
31,Ga,L2,50,150,10,1.061986,1.393e-04,0.000e+00,0.000e+00
31,Ga,L2,50,150,30,1.036015,1.672e-04,0.000e+00,0.000e+00
31,Ga,L2,50,150,100,0.997784,2.227e-04,0.000e+00,0.000e+00
31,Ga,L3,0,100,10,1.029382,9.828e-05,0.000e+00,6.448e-05
31,Ga,L3,0,100,30,1.004473,1.408e-04,0.000e+00,6.290e-05
31,Ga,L3,0,100,100,0.970195,1.959e-04,0.000e+00,6.189e-05
31,Ga,L3,0,200,10,1.043027,1.343e-04,0.000e+00,1.654e-05
31,Ga,L3,0,200,30,1.018242,1.695e-04,0.000e+00,1.582e-05
31,Ga,L3,0,200,100,0.981805,2.250e-04,0.000e+00,1.535e-05
31,Ga,L3,0,50,10,1.001948,8.265e-05,0.000e+00,6.096e-05
31,Ga,L3,0,50,30,0.977388,1.334e-04,0.000e+00,6.012e-05
31,Ga,L3,0,50,100,0.944820,1.862e-04,0.000e+00,5.958e-05
31,Ga,L3,50,150,10,1.062137,1.422e-04,0.000e+00,0.000e+00
31,Ga,L3,50,150,30,1.036219,1.708e-04,0.000e+00,0.000e+00
31,Ga,L3,50,150,100,0.998369,2.284e-04,0.000e+00,0.000e+00
31,Ga,M1,0,100,10,1.355699,7.830e-05,0.000e+00,1.624e-04
31,Ga,M1,0,100,30,1.114754,2.592e-04,0.000e+00,1.473e-04
31,Ga,M1,0,100,100,1.086707,6.987e-04,0.000e+00,1.426e-04
31,Ga,M1,0,200,10,1.322774,1.711e-04,0.000e+00,4.785e-05
31,Ga,M1,0,200,30,1.151920,4.325e-04,0.000e+00,3.899e-05
31,Ga,M1,0,200,100,1.121383,9.676e-04,0.000e+00,3.668e-05
31,Ga,M1,0,50,10,1.375782,3.556e-06,0.000e+00,1.409e-04
31,Ga,M1,0,50,30,1.068223,1.746e-04,0.000e+00,1.388e-04
31,Ga,M1,0,50,100,1.043409,6.298e-04,0.000e+00,1.349e-04
31,Ga,M1,50,150,10,1.310569,2.246e-04,0.000e+00,0.000e+00
31,Ga,M1,50,150,30,1.196971,4.707e-04,0.000e+00,0.000e+00
31,Ga,M1,50,150,100,1.161858,9.480e-04,0.000e+00,0.000e+00
31,Ga,M2,0,100,10,1.235633,1.186e-04,0.000e+00,2.060e-04
31,Ga,M2,0,100,30,0.968999,5.452e-04,0.000e+00,1.739e-04
31,Ga,M2,0,100,100,0.953047,5.984e-04,0.000e+00,1.695e-04
31,Ga,M2,0,200,10,1.250857,1.415e-04,0.000e+00,5.499e-05
31,Ga,M2,0,200,30,1.024513,8.259e-04,0.000e+00,4.366e-05
31,Ga,M2,0,200,100,1.004863,9.476e-04,0.000e+00,4.187e-05
31,Ga,M2,0,50,10,1.134545,3.484e-04,0.000e+00,1.946e-04
31,Ga,M2,0,50,30,0.875221,3.693e-04,0.000e+00,1.708e-04
31,Ga,M2,0,50,100,0.864358,3.974e-04,0.000e+00,1.670e-04
31,Ga,M2,50,150,10,1.342563,2.666e-04,0.000e+00,0.000e+00
31,Ga,M2,50,150,30,1.102494,9.150e-04,0.000e+00,0.000e+00
31,Ga,M2,50,150,100,1.076683,1.015e-03,0.000e+00,0.000e+00
31,Ga,M3,0,100,10,1.252119,9.027e-05,0.000e+00,2.034e-04
31,Ga,M3,0,100,30,0.988995,5.753e-04,0.000e+00,1.733e-04
31,Ga,M3,0,100,100,0.974502,6.032e-04,0.000e+00,1.694e-04
31,Ga,M3,0,200,10,1.257204,1.562e-04,0.000e+00,5.534e-05
31,Ga,M3,0,200,30,1.035477,8.499e-04,0.000e+00,4.428e-05
31,Ga,M3,0,200,100,1.017503,9.516e-04,0.000e+00,4.260e-05
31,Ga,M3,0,50,10,1.165742,3.362e-04,0.000e+00,1.913e-04
31,Ga,M3,0,50,30,0.901973,3.710e-04,0.000e+00,1.699e-04
31,Ga,M3,0,50,100,0.891946,3.842e-04,0.000e+00,1.665e-04
31,Ga,M3,50,150,10,1.335010,2.919e-04,0.000e+00,0.000e+00
31,Ga,M3,50,150,30,1.107312,9.469e-04,0.000e+00,0.000e+00
31,Ga,M3,50,150,100,1.084120,1.038e-03,0.000e+00,0.000e+00
32,Ge,K,0,100,10,1.096796,1.503e-05,0.000e+00,1.233e-04
32,Ge,K,0,100,30,1.086358,1.644e-05,0.000e+00,1.228e-04
32,Ge,K,0,100,100,1.049911,2.991e-05,0.000e+00,1.214e-04
32,Ge,K,0,200,10,1.096565,2.580e-05,0.000e+00,2.765e-05
32,Ge,K,0,200,30,1.086245,2.691e-05,0.000e+00,2.750e-05
32,Ge,K,0,200,100,1.050087,4.054e-05,0.000e+00,2.705e-05
32,Ge,K,0,50,10,1.099401,6.768e-06,0.000e+00,1.219e-04
32,Ge,K,0,50,30,1.088837,8.523e-06,0.000e+00,1.216e-04
32,Ge,K,0,50,100,1.051923,2.234e-05,0.000e+00,1.206e-04
32,Ge,K,50,150,10,1.094956,2.746e-05,0.000e+00,0.000e+00
32,Ge,K,50,150,30,1.084688,2.835e-05,0.000e+00,0.000e+00
32,Ge,K,50,150,100,1.048759,4.162e-05,0.000e+00,0.000e+00
32,Ge,L1,0,100,10,1.040895,2.490e-05,0.000e+00,1.322e-04
32,Ge,L1,0,100,30,1.003593,3.379e-05,0.000e+00,1.212e-04
32,Ge,L1,0,100,100,0.947722,2.228e-04,0.000e+00,1.042e-04
32,Ge,L1,0,200,10,1.040601,5.914e-05,0.000e+00,3.232e-05
32,Ge,L1,0,200,30,1.005082,6.374e-05,0.000e+00,2.934e-05
32,Ge,L1,0,200,100,0.950239,2.501e-04,0.000e+00,2.486e-05
32,Ge,L1,0,50,10,1.042679,5.665e-06,0.000e+00,1.250e-04
32,Ge,L1,0,50,30,1.001813,1.588e-05,0.000e+00,1.157e-04
32,Ge,L1,0,50,100,0.941417,2.047e-04,0.000e+00,1.008e-04
32,Ge,L1,50,150,10,1.039380,6.338e-05,0.000e+00,0.000e+00
32,Ge,L1,50,150,30,1.005977,6.774e-05,0.000e+00,0.000e+00
32,Ge,L1,50,150,100,0.953976,2.562e-04,0.000e+00,0.000e+00
32,Ge,L2,0,100,10,1.050346,9.340e-05,0.000e+00,5.876e-05
32,Ge,L2,0,100,30,1.023654,1.283e-04,0.000e+00,5.737e-05
32,Ge,L2,0,100,100,0.984971,1.978e-04,0.000e+00,5.644e-05
32,Ge,L2,0,200,10,1.060131,1.319e-04,0.000e+00,1.476e-05
32,Ge,L2,0,200,30,1.033678,1.602e-04,0.000e+00,1.414e-05
32,Ge,L2,0,200,100,0.993316,2.235e-04,0.000e+00,1.372e-05
32,Ge,L2,0,50,10,1.026157,7.077e-05,0.000e+00,5.655e-05
32,Ge,L2,0,50,30,0.999608,1.043e-04,0.000e+00,5.579e-05
32,Ge,L2,0,50,100,0.962132,1.767e-04,0.000e+00,5.529e-05
32,Ge,L2,50,150,10,1.076051,1.416e-04,0.000e+00,0.000e+00
32,Ge,L2,50,150,30,1.048827,1.705e-04,0.000e+00,0.000e+00
32,Ge,L2,50,150,100,1.007565,2.320e-04,0.000e+00,0.000e+00
32,Ge,L3,0,100,10,1.051127,9.494e-05,0.000e+00,5.947e-05
32,Ge,L3,0,100,30,1.024499,1.322e-04,0.000e+00,5.806e-05
32,Ge,L3,0,100,100,0.986282,1.976e-04,0.000e+00,5.710e-05
32,Ge,L3,0,200,10,1.060606,1.346e-04,0.000e+00,1.501e-05
32,Ge,L3,0,200,30,1.034209,1.647e-04,0.000e+00,1.438e-05
32,Ge,L3,0,200,100,0.994228,2.245e-04,0.000e+00,1.394e-05
32,Ge,L3,0,50,10,1.027310,7.208e-05,0.000e+00,5.704e-05
32,Ge,L3,0,50,30,1.000829,1.081e-04,0.000e+00,5.627e-05
32,Ge,L3,0,50,100,0.963877,1.797e-04,0.000e+00,5.574e-05
32,Ge,L3,50,150,10,1.076464,1.445e-04,0.000e+00,0.000e+00
32,Ge,L3,50,150,30,1.049287,1.747e-04,0.000e+00,0.000e+00
32,Ge,L3,50,150,100,1.008372,2.308e-04,0.000e+00,0.000e+00
32,Ge,M1,0,100,10,1.314991,8.942e-05,0.000e+00,1.604e-04
32,Ge,M1,0,100,30,1.102605,2.034e-04,0.000e+00,1.416e-04
32,Ge,M1,0,100,100,1.075287,5.975e-04,0.000e+00,1.369e-04
32,Ge,M1,0,200,10,1.290434,1.684e-04,0.000e+00,4.685e-05
32,Ge,M1,0,200,30,1.141599,3.771e-04,0.000e+00,3.697e-05
32,Ge,M1,0,200,100,1.112047,8.745e-04,0.000e+00,3.465e-05
32,Ge,M1,0,50,10,1.328454,3.432e-05,0.000e+00,1.391e-04
32,Ge,M1,0,50,30,1.057456,1.179e-04,0.000e+00,1.347e-04
32,Ge,M1,0,50,100,1.033260,4.954e-04,0.000e+00,1.310e-04
32,Ge,M1,50,150,10,1.283531,2.020e-04,0.000e+00,0.000e+00
32,Ge,M1,50,150,30,1.183646,4.306e-04,0.000e+00,0.000e+00
32,Ge,M1,50,150,100,1.149520,8.941e-04,0.000e+00,0.000e+00
32,Ge,M2,0,100,10,1.275740,6.274e-05,0.000e+00,1.466e-04
32,Ge,M2,0,100,30,0.991439,4.844e-04,0.000e+00,1.255e-04
32,Ge,M2,0,100,100,0.971267,5.823e-04,0.000e+00,1.225e-04
32,Ge,M2,0,200,10,1.268553,1.704e-04,0.000e+00,3.790e-05
32,Ge,M2,0,200,30,1.038499,7.479e-04,0.000e+00,3.034e-05
32,Ge,M2,0,200,100,1.014911,9.016e-04,0.000e+00,2.914e-05
32,Ge,M2,0,50,10,1.217053,3.113e-04,0.000e+00,1.477e-04
32,Ge,M2,0,50,30,0.906156,2.423e-04,0.000e+00,1.325e-04
32,Ge,M2,0,50,100,0.890765,3.859e-04,0.000e+00,1.295e-04
32,Ge,M2,50,150,10,1.314091,2.681e-04,0.000e+00,0.000e+00
32,Ge,M2,50,150,30,1.094601,8.385e-04,0.000e+00,0.000e+00
32,Ge,M2,50,150,100,1.066957,9.350e-04,0.000e+00,0.000e+00
32,Ge,M3,0,100,10,1.281744,3.542e-05,0.000e+00,1.455e-04
32,Ge,M3,0,100,30,1.008741,4.916e-04,0.000e+00,1.255e-04
32,Ge,M3,0,100,100,0.990756,5.814e-04,0.000e+00,1.229e-04
32,Ge,M3,0,200,10,1.268682,1.810e-04,0.000e+00,3.853e-05
32,Ge,M3,0,200,30,1.047276,7.502e-04,0.000e+00,3.104e-05
32,Ge,M3,0,200,100,1.025971,8.976e-04,0.000e+00,2.989e-05
32,Ge,M3,0,50,10,1.235200,2.798e-04,0.000e+00,1.446e-04
32,Ge,M3,0,50,30,0.931863,2.593e-04,0.000e+00,1.311e-04
32,Ge,M3,0,50,100,0.917959,3.759e-04,0.000e+00,1.285e-04
32,Ge,M3,50,150,10,1.306560,2.855e-04,0.000e+00,0.000e+00
32,Ge,M3,50,150,30,1.099005,8.386e-04,0.000e+00,0.000e+00
32,Ge,M3,50,150,100,1.074230,9.417e-04,0.000e+00,0.000e+00
33,As,K,0,100,10,1.097830,1.287e-05,0.000e+00,1.207e-04
33,As,K,0,100,30,1.088152,1.476e-05,0.000e+00,1.203e-04
33,As,K,0,100,100,1.052506,2.492e-05,0.000e+00,1.190e-04
33,As,K,0,200,10,1.097155,2.364e-05,0.000e+00,2.708e-05
33,As,K,0,200,30,1.087575,2.521e-05,0.000e+00,2.694e-05
33,As,K,0,200,100,1.052161,3.599e-05,0.000e+00,2.651e-05
33,As,K,0,50,10,1.100154,7.244e-06,0.000e+00,1.192e-04
33,As,K,0,50,30,1.090376,9.074e-06,0.000e+00,1.190e-04
33,As,K,0,50,100,1.054370,1.911e-05,0.000e+00,1.180e-04
33,As,K,50,150,10,1.095796,2.357e-05,0.000e+00,0.000e+00
33,As,K,50,150,30,1.086257,2.535e-05,0.000e+00,0.000e+00
33,As,K,50,150,100,1.051019,3.615e-05,0.000e+00,0.000e+00
33,As,L1,0,100,10,1.044602,2.257e-05,0.000e+00,1.288e-04
33,As,L1,0,100,30,1.008557,2.775e-05,0.000e+00,1.186e-04
33,As,L1,0,100,100,0.951754,1.891e-04,0.000e+00,1.013e-04
33,As,L1,0,200,10,1.043827,5.567e-05,0.000e+00,3.135e-05
33,As,L1,0,200,30,1.009190,5.853e-05,0.000e+00,2.854e-05
33,As,L1,0,200,100,0.953185,2.234e-04,0.000e+00,2.403e-05
33,As,L1,0,50,10,1.046256,5.931e-06,0.000e+00,1.221e-04
33,As,L1,0,50,30,1.007238,1.124e-05,0.000e+00,1.134e-04
33,As,L1,0,50,100,0.946259,1.713e-04,0.000e+00,9.827e-05
33,As,L1,50,150,10,1.042768,5.816e-05,0.000e+00,0.000e+00
33,As,L1,50,150,30,1.009901,6.146e-05,0.000e+00,0.000e+00
33,As,L1,50,150,100,0.956544,2.258e-04,0.000e+00,0.000e+00
33,As,L2,0,100,10,1.065307,8.500e-05,0.000e+00,5.603e-05
33,As,L2,0,100,30,1.037535,1.155e-04,0.000e+00,5.475e-05
33,As,L2,0,100,100,0.995720,1.912e-04,0.000e+00,5.385e-05
33,As,L2,0,200,10,1.072184,1.268e-04,0.000e+00,1.392e-05
33,As,L2,0,200,30,1.044702,1.527e-04,0.000e+00,1.336e-05
33,As,L2,0,200,100,1.001518,2.250e-04,0.000e+00,1.295e-05
33,As,L2,0,50,10,1.044188,5.851e-05,0.000e+00,5.420e-05
33,As,L2,0,50,30,1.016486,9.199e-05,0.000e+00,5.350e-05
33,As,L2,0,50,100,0.975613,1.659e-04,0.000e+00,5.299e-05
33,As,L2,50,150,10,1.085947,1.364e-04,0.000e+00,0.000e+00
33,As,L2,50,150,30,1.057875,1.612e-04,0.000e+00,0.000e+00
33,As,L2,50,150,100,1.014039,2.345e-04,0.000e+00,0.000e+00
33,As,L3,0,100,10,1.065976,8.671e-05,0.000e+00,5.643e-05
33,As,L3,0,100,30,1.038271,1.163e-04,0.000e+00,5.513e-05
33,As,L3,0,100,100,0.996893,1.956e-04,0.000e+00,5.419e-05
33,As,L3,0,200,10,1.072703,1.297e-04,0.000e+00,1.409e-05
33,As,L3,0,200,30,1.045280,1.549e-04,0.000e+00,1.351e-05
33,As,L3,0,200,100,1.002440,2.292e-04,0.000e+00,1.309e-05
33,As,L3,0,50,10,1.044923,6.001e-05,0.000e+00,5.443e-05
33,As,L3,0,50,30,1.017289,8.961e-05,0.000e+00,5.372e-05
33,As,L3,0,50,100,0.976909,1.705e-04,0.000e+00,5.320e-05
33,As,L3,50,150,10,1.086565,1.395e-04,0.000e+00,0.000e+00
33,As,L3,50,150,30,1.058541,1.651e-04,0.000e+00,0.000e+00
33,As,L3,50,150,100,1.015017,2.383e-04,0.000e+00,0.000e+00
33,As,M1,0,100,10,1.298354,9.136e-05,0.000e+00,1.542e-04
33,As,M1,0,100,30,1.136853,1.371e-04,0.000e+00,1.298e-04
33,As,M1,0,100,100,1.107522,5.175e-04,0.000e+00,1.255e-04
33,As,M1,0,200,10,1.274448,1.602e-04,0.000e+00,4.481e-05
33,As,M1,0,200,30,1.159958,3.023e-04,0.000e+00,3.408e-05
33,As,M1,0,200,100,1.128945,8.089e-04,0.000e+00,3.185e-05
33,As,M1,0,50,10,1.318596,5.114e-05,0.000e+00,1.328e-04
33,As,M1,0,50,30,1.128912,1.582e-05,0.000e+00,1.201e-04
33,As,M1,0,50,100,1.101445,4.043e-04,0.000e+00,1.171e-04
33,As,M1,50,150,10,1.260437,1.823e-04,0.000e+00,0.000e+00
33,As,M1,50,150,30,1.171294,3.633e-04,0.000e+00,0.000e+00
33,As,M1,50,150,100,1.138132,8.253e-04,0.000e+00,0.000e+00
33,As,M2,0,100,10,1.278652,2.260e-05,0.000e+00,1.146e-04
33,As,M2,0,100,30,1.001652,4.469e-04,0.000e+00,9.882e-05
33,As,M2,0,100,100,0.978152,5.420e-04,0.000e+00,9.676e-05
33,As,M2,0,200,10,1.263825,1.775e-04,0.000e+00,2.926e-05
33,As,M2,0,200,30,1.043075,6.922e-04,0.000e+00,2.344e-05
33,As,M2,0,200,100,1.016464,8.328e-04,0.000e+00,2.256e-05
33,As,M2,0,50,10,1.245140,2.404e-04,0.000e+00,1.180e-04
33,As,M2,0,50,30,0.924817,2.703e-04,0.000e+00,1.079e-04
33,As,M2,0,50,100,0.905414,3.486e-04,0.000e+00,1.057e-04
33,As,M2,50,150,10,1.290776,2.531e-04,0.000e+00,0.000e+00
33,As,M2,50,150,30,1.087811,7.430e-04,0.000e+00,0.000e+00
33,As,M2,50,150,100,1.058270,8.569e-04,0.000e+00,0.000e+00
33,As,M3,0,100,10,1.278410,1.519e-06,0.000e+00,1.152e-04
33,As,M3,0,100,30,1.016866,4.667e-04,0.000e+00,9.991e-05
33,As,M3,0,100,100,0.996128,5.378e-04,0.000e+00,9.803e-05
33,As,M3,0,200,10,1.260632,1.864e-04,0.000e+00,3.019e-05
33,As,M3,0,200,30,1.050449,6.943e-04,0.000e+00,2.431e-05
33,As,M3,0,200,100,1.026583,8.300e-04,0.000e+00,2.344e-05
33,As,M3,0,50,10,1.252373,2.070e-04,0.000e+00,1.161e-04
33,As,M3,0,50,30,0.948798,2.663e-04,0.000e+00,1.071e-04
33,As,M3,0,50,100,0.931585,3.351e-04,0.000e+00,1.052e-04
33,As,M3,50,150,10,1.283345,2.664e-04,0.000e+00,0.000e+00
33,As,M3,50,150,30,1.091922,7.582e-04,0.000e+00,0.000e+00
33,As,M3,50,150,100,1.065461,8.638e-04,0.000e+00,0.000e+00
33,As,M4,50,150,10,1.182855,8.445e-04,0.000e+00,0.000e+00
33,As,M4,50,150,30,1.141069,1.036e-03,0.000e+00,0.000e+00
33,As,M4,50,150,100,1.136163,1.032e-03,0.000e+00,0.000e+00
33,As,M5,50,150,10,1.183558,8.443e-04,0.000e+00,0.000e+00
33,As,M5,50,150,30,1.141780,1.037e-03,0.000e+00,0.000e+00
33,As,M5,50,150,100,1.136929,1.035e-03,0.000e+00,0.000e+00
34,Se,K,0,100,10,1.055820,1.246e-05,0.000e+00,1.190e-04
34,Se,K,0,100,30,1.050230,1.342e-05,0.000e+00,1.187e-04
34,Se,K,0,100,100,1.023241,2.458e-05,0.000e+00,1.174e-04
34,Se,K,0,200,10,1.057387,2.258e-05,0.000e+00,2.663e-05
34,Se,K,0,200,30,1.051854,2.344e-05,0.000e+00,2.651e-05
34,Se,K,0,200,100,1.025056,3.418e-05,0.000e+00,2.610e-05
34,Se,K,0,50,10,1.054775,8.684e-06,0.000e+00,1.179e-04
34,Se,K,0,50,30,1.049129,9.806e-06,0.000e+00,1.176e-04
34,Se,K,0,50,100,1.021890,2.135e-05,0.000e+00,1.167e-04
34,Se,K,50,150,10,1.057750,2.163e-05,0.000e+00,0.000e+00
34,Se,K,50,150,30,1.052234,2.238e-05,0.000e+00,0.000e+00
34,Se,K,50,150,100,1.025538,3.302e-05,0.000e+00,0.000e+00
34,Se,L1,0,100,10,1.006249,2.039e-05,0.000e+00,1.265e-04
34,Se,L1,0,100,30,0.975604,2.391e-05,0.000e+00,1.167e-04
34,Se,L1,0,100,100,0.919207,1.553e-04,0.000e+00,9.871e-05
34,Se,L1,0,200,10,1.008383,5.199e-05,0.000e+00,3.054e-05
34,Se,L1,0,200,30,0.979638,5.403e-05,0.000e+00,2.785e-05
34,Se,L1,0,200,100,0.925357,1.869e-04,0.000e+00,2.317e-05
34,Se,L1,0,50,10,1.004327,6.155e-06,0.000e+00,1.204e-04
34,Se,L1,0,50,30,0.970661,1.020e-05,0.000e+00,1.122e-04
34,Se,L1,0,50,100,0.909435,1.403e-04,0.000e+00,9.633e-05
34,Se,L1,50,150,10,1.009366,5.301e-05,0.000e+00,0.000e+00
34,Se,L1,50,150,30,0.982306,5.486e-05,0.000e+00,0.000e+00
34,Se,L1,50,150,100,0.930823,1.868e-04,0.000e+00,0.000e+00
34,Se,L2,0,100,10,1.004200,7.450e-05,0.000e+00,5.127e-05
34,Se,L2,0,100,30,0.984534,1.052e-04,0.000e+00,5.014e-05
34,Se,L2,0,100,100,0.946575,1.760e-04,0.000e+00,4.928e-05
34,Se,L2,0,200,10,1.020482,1.183e-04,0.000e+00,1.251e-05
34,Se,L2,0,200,30,1.001012,1.437e-04,0.000e+00,1.201e-05
34,Se,L2,0,200,100,0.961695,2.152e-04,0.000e+00,1.164e-05
34,Se,L2,0,50,10,0.976111,4.702e-05,0.000e+00,5.011e-05
34,Se,L2,0,50,30,0.956566,8.202e-05,0.000e+00,4.948e-05
34,Se,L2,0,50,100,0.919673,1.522e-04,0.000e+00,4.898e-05
34,Se,L2,50,150,10,1.037773,1.266e-04,0.000e+00,0.000e+00
34,Se,L2,50,150,30,1.017502,1.493e-04,0.000e+00,0.000e+00
34,Se,L2,50,150,100,0.977279,2.215e-04,0.000e+00,0.000e+00
34,Se,L3,0,100,10,1.004755,7.663e-05,0.000e+00,5.146e-05
34,Se,L3,0,100,30,0.984995,1.076e-04,0.000e+00,5.031e-05
34,Se,L3,0,100,100,0.947316,1.820e-04,0.000e+00,4.942e-05
34,Se,L3,0,200,10,1.021102,1.215e-04,0.000e+00,1.260e-05
34,Se,L3,0,200,30,1.001533,1.469e-04,0.000e+00,1.210e-05
34,Se,L3,0,200,100,0.962420,2.212e-04,0.000e+00,1.171e-05
34,Se,L3,0,50,10,0.976420,4.880e-05,0.000e+00,5.019e-05
34,Se,L3,0,50,30,0.956788,8.557e-05,0.000e+00,4.955e-05
34,Se,L3,0,50,100,0.920213,1.586e-04,0.000e+00,4.903e-05
34,Se,L3,50,150,10,1.038715,1.301e-04,0.000e+00,0.000e+00
34,Se,L3,50,150,30,1.018319,1.519e-04,0.000e+00,0.000e+00
34,Se,L3,50,150,100,0.978269,2.271e-04,0.000e+00,0.000e+00
34,Se,M1,0,100,10,1.220308,8.682e-05,0.000e+00,1.537e-04
34,Se,M1,0,100,30,1.038741,1.326e-04,0.000e+00,1.325e-04
34,Se,M1,0,100,100,1.010198,4.656e-04,0.000e+00,1.277e-04
34,Se,M1,0,200,10,1.211622,1.498e-04,0.000e+00,4.387e-05
34,Se,M1,0,200,30,1.088024,2.802e-04,0.000e+00,3.362e-05
34,Se,M1,0,200,100,1.060540,7.345e-04,0.000e+00,3.116e-05
34,Se,M1,0,50,10,1.225373,5.586e-05,0.000e+00,1.338e-04
34,Se,M1,0,50,30,1.003356,2.728e-05,0.000e+00,1.266e-04
34,Se,M1,0,50,100,0.976006,3.702e-04,0.000e+00,1.236e-04
34,Se,M1,50,150,10,1.211722,1.650e-04,0.000e+00,0.000e+00
34,Se,M1,50,150,30,1.121357,3.441e-04,0.000e+00,0.000e+00
34,Se,M1,50,150,100,1.090500,7.268e-04,0.000e+00,0.000e+00
34,Se,M2,0,100,10,1.235288,5.722e-06,0.000e+00,9.401e-05
34,Se,M2,0,100,30,0.973313,3.696e-04,0.000e+00,8.104e-05
34,Se,M2,0,100,100,0.947655,4.865e-04,0.000e+00,7.951e-05
34,Se,M2,0,200,10,1.223219,1.757e-04,0.000e+00,2.386e-05
34,Se,M2,0,200,30,1.015370,5.987e-04,0.000e+00,1.893e-05
34,Se,M2,0,200,100,0.987605,7.644e-04,0.000e+00,1.822e-05
34,Se,M2,0,50,10,1.215927,1.718e-04,0.000e+00,9.650e-05
34,Se,M2,0,50,30,0.904388,1.421e-04,0.000e+00,8.964e-05
34,Se,M2,0,50,100,0.881455,2.905e-04,0.000e+00,8.811e-05
34,Se,M2,50,150,10,1.239936,2.317e-04,0.000e+00,0.000e+00
34,Se,M2,50,150,30,1.052375,6.653e-04,0.000e+00,0.000e+00
34,Se,M2,50,150,100,1.022624,7.955e-04,0.000e+00,0.000e+00
34,Se,M3,0,100,10,1.230604,2.619e-05,0.000e+00,9.570e-05
34,Se,M3,0,100,30,0.986384,3.849e-04,0.000e+00,8.303e-05
34,Se,M3,0,100,100,0.963927,4.815e-04,0.000e+00,8.155e-05
34,Se,M3,0,200,10,1.217759,1.838e-04,0.000e+00,2.496e-05
34,Se,M3,0,200,30,1.021526,6.041e-04,0.000e+00,1.994e-05
34,Se,M3,0,200,100,0.996768,7.570e-04,0.000e+00,1.921e-05
34,Se,M3,0,50,10,1.214932,1.398e-04,0.000e+00,9.602e-05
34,Se,M3,0,50,30,0.926039,1.829e-04,0.000e+00,8.971e-05
34,Se,M3,0,50,100,0.905919,2.790e-04,0.000e+00,8.841e-05
34,Se,M3,50,150,10,1.232352,2.449e-04,0.000e+00,0.000e+00
34,Se,M3,50,150,30,1.055931,6.672e-04,0.000e+00,0.000e+00
34,Se,M3,50,150,100,1.029368,7.988e-04,0.000e+00,0.000e+00
34,Se,M4,0,100,100,0.999897,6.739e-04,0.000e+00,9.985e-04
34,Se,M4,0,200,10,1.072957,7.067e-04,0.000e+00,7.045e-04
34,Se,M4,0,200,30,1.029335,8.803e-04,0.000e+00,6.372e-04
34,Se,M4,0,200,100,1.024263,8.809e-04,0.000e+00,6.077e-04
34,Se,M4,50,150,10,1.127186,8.578e-04,0.000e+00,0.000e+00
34,Se,M4,50,150,30,1.086757,1.010e-03,0.000e+00,0.000e+00
34,Se,M4,50,150,100,1.081419,1.012e-03,0.000e+00,0.000e+00
34,Se,M5,0,200,10,1.073611,7.071e-04,0.000e+00,9.002e-04
34,Se,M5,0,200,30,1.029920,8.811e-04,0.000e+00,7.333e-04
34,Se,M5,0,200,100,1.024942,8.834e-04,0.000e+00,7.807e-04
34,Se,M5,50,150,10,1.128279,8.601e-04,0.000e+00,0.000e+00
34,Se,M5,50,150,30,1.087772,1.012e-03,0.000e+00,0.000e+00
34,Se,M5,50,150,100,1.082495,1.016e-03,0.000e+00,0.000e+00
35,Br,K,0,100,10,1.054066,1.077e-05,0.000e+00,1.159e-04
35,Br,K,0,100,30,1.048868,1.244e-05,0.000e+00,1.156e-04
35,Br,K,0,100,100,1.022727,2.398e-05,0.000e+00,1.143e-04
35,Br,K,0,200,10,1.056810,2.034e-05,0.000e+00,2.588e-05
35,Br,K,0,200,30,1.051648,2.165e-05,0.000e+00,2.578e-05
35,Br,K,0,200,100,1.025600,3.212e-05,0.000e+00,2.539e-05
35,Br,K,0,50,10,1.050761,8.989e-06,0.000e+00,1.149e-04
35,Br,K,0,50,30,1.045537,1.066e-05,0.000e+00,1.147e-04
35,Br,K,0,50,100,1.019305,2.269e-05,0.000e+00,1.137e-04
35,Br,K,50,150,10,1.058384,1.822e-05,0.000e+00,0.000e+00
35,Br,K,50,150,30,1.053222,1.962e-05,0.000e+00,0.000e+00
35,Br,K,50,150,100,1.027185,3.005e-05,0.000e+00,0.000e+00
35,Br,L1,0,100,10,1.005083,1.846e-05,0.000e+00,1.227e-04
35,Br,L1,0,100,30,0.976226,2.030e-05,0.000e+00,1.134e-04
35,Br,L1,0,100,100,0.920565,1.518e-04,0.000e+00,9.523e-05
35,Br,L1,0,200,10,1.008143,4.823e-05,0.000e+00,2.946e-05
35,Br,L1,0,200,30,0.980601,4.916e-05,0.000e+00,2.693e-05
35,Br,L1,0,200,100,0.926207,1.694e-04,0.000e+00,2.229e-05
35,Br,L1,0,50,10,1.001301,6.571e-06,0.000e+00,1.172e-04
35,Br,L1,0,50,30,0.970397,8.471e-06,0.000e+00,1.092e-04
35,Br,L1,0,50,100,0.911426,1.448e-04,0.000e+00,9.286e-05
35,Br,L1,50,150,10,1.010278,4.792e-05,0.000e+00,0.000e+00
35,Br,L1,50,150,30,0.983816,4.876e-05,0.000e+00,0.000e+00
35,Br,L1,50,150,100,0.931317,1.661e-04,0.000e+00,0.000e+00
35,Br,L2,0,100,10,1.015859,6.340e-05,0.000e+00,4.848e-05
35,Br,L2,0,100,30,0.995883,9.137e-05,0.000e+00,4.745e-05
35,Br,L2,0,100,100,0.956028,1.529e-04,0.000e+00,4.662e-05
35,Br,L2,0,200,10,1.028795,1.079e-04,0.000e+00,1.180e-05
35,Br,L2,0,200,30,1.008983,1.311e-04,0.000e+00,1.135e-05
35,Br,L2,0,200,100,0.967891,1.922e-04,0.000e+00,1.100e-05
35,Br,L2,0,50,10,0.993331,3.683e-05,0.000e+00,4.699e-05
35,Br,L2,0,50,30,0.973506,6.754e-05,0.000e+00,4.642e-05
35,Br,L2,0,50,100,0.934696,1.299e-04,0.000e+00,4.593e-05
35,Br,L2,50,150,10,1.042648,1.144e-04,0.000e+00,0.000e+00
35,Br,L2,50,150,30,1.022170,1.357e-04,0.000e+00,0.000e+00
35,Br,L2,50,150,100,0.980261,1.971e-04,0.000e+00,0.000e+00
35,Br,L3,0,100,10,1.016258,6.587e-05,0.000e+00,4.849e-05
35,Br,L3,0,100,30,0.996185,9.534e-05,0.000e+00,4.744e-05
35,Br,L3,0,100,100,0.956550,1.609e-04,0.000e+00,4.658e-05
35,Br,L3,0,200,10,1.029418,1.114e-04,0.000e+00,1.185e-05
35,Br,L3,0,200,30,1.009505,1.348e-04,0.000e+00,1.139e-05
35,Br,L3,0,200,100,0.968556,2.021e-04,0.000e+00,1.102e-05
35,Br,L3,0,50,10,0.993162,3.888e-05,0.000e+00,4.692e-05
35,Br,L3,0,50,30,0.973247,7.187e-05,0.000e+00,4.634e-05
35,Br,L3,0,50,100,0.934695,1.387e-04,0.000e+00,4.584e-05
35,Br,L3,50,150,10,1.043748,1.182e-04,0.000e+00,0.000e+00
35,Br,L3,50,150,30,1.023139,1.395e-04,0.000e+00,0.000e+00
35,Br,L3,50,150,100,0.981341,2.065e-04,0.000e+00,0.000e+00
35,Br,M1,0,100,10,1.186496,8.298e-05,0.000e+00,1.488e-04
35,Br,M1,0,100,30,1.002117,1.017e-04,0.000e+00,1.295e-04
35,Br,M1,0,100,100,0.971669,4.411e-04,0.000e+00,1.248e-04
35,Br,M1,0,200,10,1.184987,1.405e-04,0.000e+00,4.193e-05
35,Br,M1,0,200,30,1.062371,2.412e-04,0.000e+00,3.223e-05
35,Br,M1,0,200,100,1.035156,6.794e-04,0.000e+00,2.971e-05
35,Br,M1,0,50,10,1.192853,5.831e-05,0.000e+00,1.296e-04
35,Br,M1,0,50,30,0.988822,1.285e-05,0.000e+00,1.216e-04
35,Br,M1,0,50,100,0.960349,3.509e-04,0.000e+00,1.188e-04
35,Br,M1,50,150,10,1.184672,1.502e-04,0.000e+00,0.000e+00
35,Br,M1,50,150,30,1.081368,2.984e-04,0.000e+00,0.000e+00
35,Br,M1,50,150,100,1.050712,6.722e-04,0.000e+00,0.000e+00
35,Br,M2,0,100,10,1.223571,2.132e-05,0.000e+00,8.368e-05
35,Br,M2,0,100,30,0.979733,3.267e-04,0.000e+00,7.211e-05
35,Br,M2,0,100,100,0.951057,4.395e-04,0.000e+00,7.078e-05
35,Br,M2,0,200,10,1.211530,1.676e-04,0.000e+00,2.128e-05
35,Br,M2,0,200,30,1.016963,5.447e-04,0.000e+00,1.680e-05
35,Br,M2,0,200,100,0.986563,7.027e-04,0.000e+00,1.616e-05
35,Br,M2,0,50,10,1.212564,1.223e-04,0.000e+00,8.472e-05
35,Br,M2,0,50,30,0.921734,1.246e-04,0.000e+00,7.929e-05
35,Br,M2,0,50,100,0.894971,2.353e-04,0.000e+00,7.809e-05
35,Br,M2,50,150,10,1.222619,2.114e-04,0.000e+00,0.000e+00
35,Br,M2,50,150,30,1.046997,6.044e-04,0.000e+00,0.000e+00
35,Br,M2,50,150,100,1.015118,7.364e-04,0.000e+00,0.000e+00
35,Br,M3,0,100,10,1.216651,4.048e-05,0.000e+00,8.560e-05
35,Br,M3,0,100,30,0.990928,3.425e-04,0.000e+00,7.429e-05
35,Br,M3,0,100,100,0.965969,4.334e-04,0.000e+00,7.298e-05
35,Br,M3,0,200,10,1.204843,1.767e-04,0.000e+00,2.236e-05
35,Br,M3,0,200,30,1.022105,5.444e-04,0.000e+00,1.781e-05
35,Br,M3,0,200,100,0.995099,6.950e-04,0.000e+00,1.714e-05
35,Br,M3,0,50,10,1.206825,9.567e-05,0.000e+00,8.470e-05
35,Br,M3,0,50,30,0.940247,1.257e-04,0.000e+00,7.967e-05
35,Br,M3,0,50,100,0.917106,2.277e-04,0.000e+00,7.862e-05
35,Br,M3,50,150,10,1.215110,2.251e-04,0.000e+00,0.000e+00
35,Br,M3,50,150,30,1.050292,6.165e-04,0.000e+00,0.000e+00
35,Br,M3,50,150,100,1.021835,7.368e-04,0.000e+00,0.000e+00
35,Br,M4,0,100,10,1.036288,6.044e-04,0.000e+00,4.793e-05
35,Br,M4,0,100,30,0.983102,7.003e-04,0.000e+00,4.648e-05
35,Br,M4,0,100,100,0.978330,6.928e-04,0.000e+00,4.657e-05
35,Br,M4,0,200,10,1.063090,7.423e-04,0.000e+00,1.341e-05
35,Br,M4,0,200,30,1.018509,8.962e-04,0.000e+00,1.241e-05
35,Br,M4,0,200,100,1.012400,8.949e-04,0.000e+00,1.240e-05
35,Br,M4,0,50,10,0.939702,3.316e-04,0.000e+00,5.812e-05
35,Br,M4,0,50,30,0.873241,4.148e-04,0.000e+00,5.793e-05
35,Br,M4,0,50,100,0.868929,4.091e-04,0.000e+00,5.807e-05
35,Br,M4,50,150,10,1.118396,8.733e-04,0.000e+00,0.000e+00
35,Br,M4,50,150,30,1.077836,1.001e-03,0.000e+00,0.000e+00
35,Br,M4,50,150,100,1.071658,1.002e-03,0.000e+00,0.000e+00
35,Br,M5,0,100,10,1.037194,6.088e-04,0.000e+00,4.837e-05
35,Br,M5,0,100,30,0.984065,7.054e-04,0.000e+00,4.683e-05
35,Br,M5,0,100,100,0.979408,6.974e-04,0.000e+00,4.693e-05
35,Br,M5,0,200,10,1.063522,7.437e-04,0.000e+00,1.361e-05
35,Br,M5,0,200,30,1.018886,8.996e-04,0.000e+00,1.258e-05
35,Br,M5,0,200,100,1.012885,8.970e-04,0.000e+00,1.257e-05
35,Br,M5,0,50,10,0.940929,3.398e-04,0.000e+00,5.831e-05
35,Br,M5,0,50,30,0.874630,4.202e-04,0.000e+00,5.805e-05
35,Br,M5,0,50,100,0.870464,4.159e-04,0.000e+00,5.819e-05
35,Br,M5,50,150,10,1.119451,8.765e-04,0.000e+00,0.000e+00
35,Br,M5,50,150,30,1.078823,1.007e-03,0.000e+00,0.000e+00
35,Br,M5,50,150,100,1.072720,1.007e-03,0.000e+00,0.000e+00
36,Kr,K,0,100,10,1.052043,1.110e-05,0.000e+00,1.127e-04
36,Kr,K,0,100,30,1.047198,1.199e-05,0.000e+00,1.125e-04
36,Kr,K,0,100,100,1.021870,2.335e-05,0.000e+00,1.112e-04
36,Kr,K,0,200,10,1.056120,1.911e-05,0.000e+00,2.514e-05
36,Kr,K,0,200,30,1.051293,1.995e-05,0.000e+00,2.505e-05
36,Kr,K,0,200,100,1.025966,3.027e-05,0.000e+00,2.468e-05
36,Kr,K,0,50,10,1.046364,1.090e-05,0.000e+00,1.120e-04
36,Kr,K,0,50,30,1.041520,1.181e-05,0.000e+00,1.118e-04
36,Kr,K,0,50,100,1.016242,2.357e-05,0.000e+00,1.109e-04
36,Kr,K,50,150,10,1.058928,1.640e-05,0.000e+00,0.000e+00
36,Kr,K,50,150,30,1.054086,1.723e-05,0.000e+00,0.000e+00
36,Kr,K,50,150,100,1.028690,2.763e-05,0.000e+00,0.000e+00
36,Kr,L1,0,100,10,1.003417,1.674e-05,0.000e+00,1.189e-04
36,Kr,L1,0,100,30,0.976120,1.667e-05,0.000e+00,1.100e-04
36,Kr,L1,0,100,100,0.921472,1.660e-04,0.000e+00,9.156e-05
36,Kr,L1,0,200,10,1.007569,4.450e-05,0.000e+00,2.841e-05
36,Kr,L1,0,200,30,0.981058,4.416e-05,0.000e+00,2.603e-05
36,Kr,L1,0,200,100,0.926768,1.848e-04,0.000e+00,2.138e-05
36,Kr,L1,0,50,10,0.997627,6.786e-06,0.000e+00,1.140e-04
36,Kr,L1,0,50,30,0.969124,6.181e-06,0.000e+00,1.062e-04
36,Kr,L1,0,50,100,0.912701,1.560e-04,0.000e+00,8.916e-05
36,Kr,L1,50,150,10,1.010902,4.321e-05,0.000e+00,0.000e+00
36,Kr,L1,50,150,30,0.984954,4.294e-05,0.000e+00,0.000e+00
36,Kr,L1,50,150,100,0.931674,1.864e-04,0.000e+00,0.000e+00
36,Kr,L2,0,100,10,1.026240,5.252e-05,0.000e+00,4.516e-05
36,Kr,L2,0,100,30,1.006026,7.663e-05,0.000e+00,4.423e-05
36,Kr,L2,0,100,100,0.964654,1.411e-04,0.000e+00,4.344e-05
36,Kr,L2,0,200,10,1.036127,9.659e-05,0.000e+00,1.100e-05
36,Kr,L2,0,200,30,1.016021,1.167e-04,0.000e+00,1.060e-05
36,Kr,L2,0,200,100,0.973431,1.760e-04,0.000e+00,1.026e-05
36,Kr,L2,0,50,10,1.008528,2.837e-05,0.000e+00,4.330e-05
36,Kr,L2,0,50,30,0.988539,5.467e-05,0.000e+00,4.279e-05
36,Kr,L2,0,50,100,0.948322,1.246e-04,0.000e+00,4.233e-05
36,Kr,L2,50,150,10,1.047092,1.010e-04,0.000e+00,0.000e+00
36,Kr,L2,50,150,30,1.026397,1.197e-04,0.000e+00,0.000e+00
36,Kr,L2,50,150,100,0.982982,1.749e-04,0.000e+00,0.000e+00
36,Kr,L3,0,100,10,1.026434,5.507e-05,0.000e+00,4.501e-05
36,Kr,L3,0,100,30,1.006121,8.115e-05,0.000e+00,4.407e-05
36,Kr,L3,0,100,100,0.964892,1.430e-04,0.000e+00,4.326e-05
36,Kr,L3,0,200,10,1.036728,1.000e-04,0.000e+00,1.100e-05
36,Kr,L3,0,200,30,1.016518,1.216e-04,0.000e+00,1.059e-05
36,Kr,L3,0,200,100,0.974001,1.818e-04,0.000e+00,1.025e-05
36,Kr,L3,0,50,10,1.007792,3.038e-05,0.000e+00,4.314e-05
36,Kr,L3,0,50,30,0.987713,5.878e-05,0.000e+00,4.262e-05
36,Kr,L3,0,50,100,0.947669,1.256e-04,0.000e+00,4.213e-05
36,Kr,L3,50,150,10,1.048368,1.048e-04,0.000e+00,0.000e+00
36,Kr,L3,50,150,30,1.027533,1.248e-04,0.000e+00,0.000e+00
36,Kr,L3,50,150,100,0.984159,1.819e-04,0.000e+00,0.000e+00
36,Kr,M1,0,100,10,1.163053,7.645e-05,0.000e+00,1.431e-04
36,Kr,M1,0,100,30,0.991558,1.097e-04,0.000e+00,1.235e-04
36,Kr,M1,0,100,100,0.959426,4.312e-04,0.000e+00,1.188e-04
36,Kr,M1,0,200,10,1.165630,1.305e-04,0.000e+00,3.987e-05
36,Kr,M1,0,200,30,1.053139,2.263e-04,0.000e+00,3.049e-05
36,Kr,M1,0,200,100,1.025786,6.288e-04,0.000e+00,2.793e-05
36,Kr,M1,0,50,10,1.164805,5.525e-05,0.000e+00,1.254e-04
36,Kr,M1,0,50,30,0.975990,3.205e-06,0.000e+00,1.166e-04
36,Kr,M1,0,50,100,0.945759,3.167e-04,0.000e+00,1.141e-04
36,Kr,M1,50,150,10,1.168851,1.380e-04,0.000e+00,0.000e+00
36,Kr,M1,50,150,30,1.072771,2.844e-04,0.000e+00,0.000e+00
36,Kr,M1,50,150,100,1.041846,6.489e-04,0.000e+00,0.000e+00
36,Kr,M2,0,100,10,1.212260,3.317e-05,0.000e+00,7.600e-05
36,Kr,M2,0,100,30,0.985499,2.784e-04,0.000e+00,6.557e-05
36,Kr,M2,0,100,100,0.953797,3.959e-04,0.000e+00,6.433e-05
36,Kr,M2,0,200,10,1.200650,1.591e-04,0.000e+00,1.940e-05
36,Kr,M2,0,200,30,1.018239,4.783e-04,0.000e+00,1.529e-05
36,Kr,M2,0,200,100,0.985235,6.504e-04,0.000e+00,1.467e-05
36,Kr,M2,0,50,10,1.206384,8.545e-05,0.000e+00,7.564e-05
36,Kr,M2,0,50,30,0.937468,7.155e-05,0.000e+00,7.126e-05
36,Kr,M2,0,50,100,0.906969,1.920e-04,0.000e+00,7.027e-05
36,Kr,M2,50,150,10,1.208021,1.930e-04,0.000e+00,0.000e+00
36,Kr,M2,50,150,30,1.042624,5.396e-04,0.000e+00,0.000e+00
36,Kr,M2,50,150,100,1.008529,6.848e-04,0.000e+00,0.000e+00
36,Kr,M3,0,100,10,1.204020,5.040e-05,0.000e+00,7.787e-05
36,Kr,M3,0,100,30,0.995068,2.897e-04,0.000e+00,6.773e-05
36,Kr,M3,0,100,100,0.967583,3.905e-04,0.000e+00,6.648e-05
36,Kr,M3,0,200,10,1.193226,1.690e-04,0.000e+00,2.041e-05
36,Kr,M3,0,200,30,1.022564,4.828e-04,0.000e+00,1.626e-05
36,Kr,M3,0,200,100,0.993314,6.429e-04,0.000e+00,1.561e-05
36,Kr,M3,0,50,10,1.197767,6.002e-05,0.000e+00,7.581e-05
36,Kr,M3,0,50,30,0.953038,1.047e-04,0.000e+00,7.175e-05
36,Kr,M3,0,50,100,0.926877,1.805e-04,0.000e+00,7.088e-05
36,Kr,M3,50,150,10,1.200618,2.076e-04,0.000e+00,0.000e+00
36,Kr,M3,50,150,30,1.045683,5.413e-04,0.000e+00,0.000e+00
36,Kr,M3,50,150,100,1.015279,6.917e-04,0.000e+00,0.000e+00
36,Kr,M4,0,100,10,1.021346,6.417e-04,0.000e+00,4.009e-05
36,Kr,M4,0,100,30,0.965458,7.166e-04,0.000e+00,3.888e-05
36,Kr,M4,0,100,100,0.959469,7.173e-04,0.000e+00,3.902e-05
36,Kr,M4,0,200,10,1.055737,7.764e-04,0.000e+00,1.057e-05
36,Kr,M4,0,200,30,1.010197,9.081e-04,0.000e+00,9.777e-06
36,Kr,M4,0,200,100,1.002926,9.101e-04,0.000e+00,9.776e-06
36,Kr,M4,0,50,10,0.905236,3.176e-04,0.000e+00,5.376e-05
36,Kr,M4,0,50,30,0.832583,3.871e-04,0.000e+00,5.361e-05
36,Kr,M4,0,50,100,0.826895,3.927e-04,0.000e+00,5.380e-05
36,Kr,M4,50,150,10,1.110401,8.939e-04,0.000e+00,0.000e+00
36,Kr,M4,50,150,30,1.069743,1.007e-03,0.000e+00,0.000e+00
36,Kr,M4,50,150,100,1.062637,1.001e-03,0.000e+00,0.000e+00
36,Kr,M5,0,100,10,1.022061,6.464e-04,0.000e+00,4.043e-05
36,Kr,M5,0,100,30,0.966241,7.183e-04,0.000e+00,3.915e-05
36,Kr,M5,0,100,100,0.960400,7.222e-04,0.000e+00,3.929e-05
36,Kr,M5,0,200,10,1.056013,7.788e-04,0.000e+00,1.072e-05
36,Kr,M5,0,200,30,1.010422,9.102e-04,0.000e+00,9.902e-06
36,Kr,M5,0,200,100,1.003283,9.130e-04,0.000e+00,9.903e-06
36,Kr,M5,0,50,10,0.906054,3.283e-04,0.000e+00,5.395e-05
36,Kr,M5,0,50,30,0.833581,3.951e-04,0.000e+00,5.372e-05
36,Kr,M5,0,50,100,0.828084,4.013e-04,0.000e+00,5.392e-05
36,Kr,M5,50,150,10,1.111401,8.967e-04,0.000e+00,0.000e+00
36,Kr,M5,50,150,30,1.070678,1.010e-03,0.000e+00,0.000e+00
36,Kr,M5,50,150,100,1.063669,1.006e-03,0.000e+00,0.000e+00
37,Rb,K,0,100,10,1.066418,1.265e-05,0.000e+00,1.146e-04
37,Rb,K,0,100,30,1.061273,1.366e-05,0.000e+00,1.145e-04
37,Rb,K,0,100,100,1.034872,2.402e-05,0.000e+00,1.143e-04
37,Rb,K,0,200,10,1.068504,1.879e-05,0.000e+00,2.555e-05
37,Rb,K,0,200,30,1.063360,1.974e-05,0.000e+00,2.550e-05
37,Rb,K,0,200,100,1.036857,2.927e-05,0.000e+00,2.538e-05
37,Rb,K,0,50,10,1.063333,1.681e-05,0.000e+00,1.140e-04
37,Rb,K,0,50,30,1.058223,1.776e-05,0.000e+00,1.139e-04
37,Rb,K,0,50,100,1.032081,2.822e-05,0.000e+00,1.140e-04
37,Rb,K,50,150,10,1.070035,1.525e-05,0.000e+00,0.000e+00
37,Rb,K,50,150,30,1.064863,1.626e-05,0.000e+00,0.000e+00
37,Rb,K,50,150,100,1.038199,2.599e-05,0.000e+00,0.000e+00
37,Rb,L1,0,100,10,1.020733,1.720e-05,0.000e+00,1.238e-04
37,Rb,L1,0,100,30,0.995619,1.491e-05,0.000e+00,1.251e-04
37,Rb,L1,0,100,100,0.946515,1.531e-04,0.000e+00,1.301e-04
37,Rb,L1,0,200,10,1.022332,4.239e-05,0.000e+00,2.948e-05
37,Rb,L1,0,200,30,0.996292,4.053e-05,0.000e+00,2.958e-05
37,Rb,L1,0,200,100,0.943809,1.785e-04,0.000e+00,3.056e-05
37,Rb,L1,0,50,10,1.018525,1.137e-05,0.000e+00,1.188e-04
37,Rb,L1,0,50,30,0.995396,7.501e-06,0.000e+00,1.204e-04
37,Rb,L1,0,50,100,0.951571,1.426e-04,0.000e+00,1.249e-04
37,Rb,L1,50,150,10,1.023583,4.002e-05,0.000e+00,0.000e+00
37,Rb,L1,50,150,30,0.996314,3.867e-05,0.000e+00,0.000e+00
37,Rb,L1,50,150,100,0.940940,1.787e-04,0.000e+00,0.000e+00
37,Rb,L2,0,100,10,1.092529,4.165e-05,0.000e+00,1.560e-04
37,Rb,L2,0,100,30,1.068057,6.498e-05,0.000e+00,1.534e-04
37,Rb,L2,0,100,100,1.021258,1.401e-04,0.000e+00,1.514e-04
37,Rb,L2,0,200,10,1.081489,8.543e-05,0.000e+00,3.873e-05
37,Rb,L2,0,200,30,1.057348,1.043e-04,0.000e+00,3.749e-05
37,Rb,L2,0,200,100,1.009865,1.721e-04,0.000e+00,3.649e-05
37,Rb,L2,0,50,10,1.112589,1.492e-05,0.000e+00,1.434e-04
37,Rb,L2,0,50,30,1.087832,4.063e-05,0.000e+00,1.422e-04
37,Rb,L2,0,50,100,1.041215,1.159e-04,0.000e+00,1.414e-04
37,Rb,L2,50,150,10,1.068706,9.031e-05,0.000e+00,0.000e+00
37,Rb,L2,50,150,30,1.045127,1.077e-04,0.000e+00,0.000e+00
37,Rb,L2,50,150,100,0.998087,1.764e-04,0.000e+00,0.000e+00
37,Rb,L3,0,100,10,1.092737,4.354e-05,0.000e+00,1.540e-04
37,Rb,L3,0,100,30,1.068198,6.712e-05,0.000e+00,1.514e-04
37,Rb,L3,0,100,100,1.021524,1.401e-04,0.000e+00,1.494e-04
37,Rb,L3,0,200,10,1.082302,8.859e-05,0.000e+00,3.836e-05
37,Rb,L3,0,200,30,1.058075,1.083e-04,0.000e+00,3.710e-05
37,Rb,L3,0,200,100,1.010598,1.711e-04,0.000e+00,3.610e-05
37,Rb,L3,0,50,10,1.111531,1.594e-05,0.000e+00,1.414e-04
37,Rb,L3,0,50,30,1.086735,4.144e-05,0.000e+00,1.402e-04
37,Rb,L3,0,50,100,1.040346,1.176e-04,0.000e+00,1.394e-04
37,Rb,L3,50,150,10,1.070235,9.394e-05,0.000e+00,0.000e+00
37,Rb,L3,50,150,30,1.046539,1.125e-04,0.000e+00,0.000e+00
37,Rb,L3,50,150,100,0.999446,1.734e-04,0.000e+00,0.000e+00
37,Rb,M1,0,100,10,1.161167,6.607e-05,0.000e+00,1.480e-04
37,Rb,M1,0,100,30,0.998107,1.056e-04,0.000e+00,1.300e-04
37,Rb,M1,0,100,100,0.963257,4.191e-04,0.000e+00,1.275e-04
37,Rb,M1,0,200,10,1.163562,1.168e-04,0.000e+00,4.090e-05
37,Rb,M1,0,200,30,1.057449,2.020e-04,0.000e+00,3.209e-05
37,Rb,M1,0,200,100,1.028604,6.112e-04,0.000e+00,2.983e-05
37,Rb,M1,0,50,10,1.164459,4.955e-05,0.000e+00,1.302e-04
37,Rb,M1,0,50,30,0.984456,2.716e-05,0.000e+00,1.227e-04
37,Rb,M1,0,50,100,0.951954,3.010e-04,0.000e+00,1.228e-04
37,Rb,M1,50,150,10,1.165132,1.217e-04,0.000e+00,0.000e+00
37,Rb,M1,50,150,30,1.074994,2.410e-04,0.000e+00,0.000e+00
37,Rb,M1,50,150,100,1.042257,6.556e-04,0.000e+00,0.000e+00
37,Rb,M2,0,100,10,1.230544,3.503e-05,0.000e+00,1.315e-04
37,Rb,M2,0,100,30,1.019334,2.402e-04,0.000e+00,1.124e-04
37,Rb,M2,0,100,100,0.983915,3.773e-04,0.000e+00,1.121e-04
37,Rb,M2,0,200,10,1.211646,1.371e-04,0.000e+00,3.434e-05
37,Rb,M2,0,200,30,1.039628,4.146e-04,0.000e+00,2.691e-05
37,Rb,M2,0,200,100,1.002708,5.891e-04,0.000e+00,2.620e-05
37,Rb,M2,0,50,10,1.246856,4.520e-05,0.000e+00,1.250e-04
37,Rb,M2,0,50,30,0.997231,6.114e-05,0.000e+00,1.168e-04
37,Rb,M2,0,50,100,0.962784,2.124e-04,0.000e+00,1.174e-04
37,Rb,M2,50,150,10,1.204588,1.586e-04,0.000e+00,0.000e+00
37,Rb,M2,50,150,30,1.051338,4.772e-04,0.000e+00,0.000e+00
37,Rb,M2,50,150,100,1.013693,6.160e-04,0.000e+00,0.000e+00
37,Rb,M3,0,100,10,1.224700,5.069e-05,0.000e+00,1.369e-04
37,Rb,M3,0,100,30,1.029012,2.660e-04,0.000e+00,1.177e-04
37,Rb,M3,0,100,100,0.997971,3.711e-04,0.000e+00,1.170e-04
37,Rb,M3,0,200,10,1.206151,1.475e-04,0.000e+00,3.666e-05
37,Rb,M3,0,200,30,1.044522,4.227e-04,0.000e+00,2.897e-05
37,Rb,M3,0,200,100,1.011502,5.845e-04,0.000e+00,2.810e-05
37,Rb,M3,0,50,10,1.240748,2.669e-05,0.000e+00,1.275e-04
37,Rb,M3,0,50,30,1.012241,8.502e-05,0.000e+00,1.193e-04
37,Rb,M3,0,50,100,0.982471,2.014e-04,0.000e+00,1.196e-04
37,Rb,M3,50,150,10,1.198182,1.733e-04,0.000e+00,0.000e+00
37,Rb,M3,50,150,30,1.054380,4.944e-04,0.000e+00,0.000e+00
37,Rb,M3,50,150,100,1.020575,6.244e-04,0.000e+00,0.000e+00
37,Rb,M4,0,100,10,1.028859,5.738e-04,0.000e+00,2.929e-05
37,Rb,M4,0,100,30,0.973996,6.407e-04,0.000e+00,2.853e-05
37,Rb,M4,0,100,100,0.966600,6.522e-04,0.000e+00,2.872e-05
37,Rb,M4,0,200,10,1.066381,6.958e-04,0.000e+00,7.657e-06
37,Rb,M4,0,200,30,1.021070,8.180e-04,0.000e+00,7.117e-06
37,Rb,M4,0,200,100,1.012276,8.238e-04,0.000e+00,7.135e-06
37,Rb,M4,0,50,10,0.904276,3.724e-04,0.000e+00,3.862e-05
37,Rb,M4,0,50,30,0.835679,4.318e-04,0.000e+00,3.869e-05
37,Rb,M4,0,50,100,0.828660,4.369e-04,0.000e+00,3.896e-05
37,Rb,M4,50,150,10,1.127362,7.775e-04,0.000e+00,0.000e+00
37,Rb,M4,50,150,30,1.085172,8.853e-04,0.000e+00,0.000e+00
37,Rb,M4,50,150,100,1.076480,8.851e-04,0.000e+00,0.000e+00
37,Rb,M5,0,100,10,1.029307,5.780e-04,0.000e+00,2.902e-05
37,Rb,M5,0,100,30,0.974493,6.455e-04,0.000e+00,2.820e-05
37,Rb,M5,0,100,100,0.967268,6.573e-04,0.000e+00,2.839e-05
37,Rb,M5,0,200,10,1.066483,6.982e-04,0.000e+00,7.629e-06
37,Rb,M5,0,200,30,1.021127,8.215e-04,0.000e+00,7.075e-06
37,Rb,M5,0,200,100,1.012485,8.269e-04,0.000e+00,7.095e-06
37,Rb,M5,0,50,10,0.904541,3.796e-04,0.000e+00,3.808e-05
37,Rb,M5,0,50,30,0.836069,4.402e-04,0.000e+00,3.808e-05
37,Rb,M5,0,50,100,0.829267,4.437e-04,0.000e+00,3.836e-05
37,Rb,M5,50,150,10,1.128387,7.813e-04,0.000e+00,0.000e+00
37,Rb,M5,50,150,30,1.086123,8.899e-04,0.000e+00,0.000e+00
37,Rb,M5,50,150,100,1.077546,8.901e-04,0.000e+00,0.000e+00
38,Sr,K,0,100,10,1.080696,1.503e-05,0.000e+00,1.187e-04
38,Sr,K,0,100,30,1.075314,1.590e-05,0.000e+00,1.186e-04
38,Sr,K,0,100,100,1.047680,2.529e-05,0.000e+00,1.186e-04
38,Sr,K,0,200,10,1.080503,1.913e-05,0.000e+00,2.647e-05
38,Sr,K,0,200,30,1.075136,1.970e-05,0.000e+00,2.644e-05
38,Sr,K,0,200,100,1.047472,2.822e-05,0.000e+00,2.634e-05
38,Sr,K,0,50,10,1.081647,1.578e-05,0.000e+00,1.180e-04
38,Sr,K,0,50,30,1.076272,1.677e-05,0.000e+00,1.179e-04
38,Sr,K,0,50,100,1.048747,2.639e-05,0.000e+00,1.181e-04
38,Sr,K,50,150,10,1.080025,1.686e-05,0.000e+00,0.000e+00
38,Sr,K,50,150,30,1.074647,1.737e-05,0.000e+00,0.000e+00
38,Sr,K,50,150,100,1.046913,2.603e-05,0.000e+00,0.000e+00
38,Sr,L1,0,100,10,1.036245,1.874e-05,0.000e+00,1.279e-04
38,Sr,L1,0,100,30,1.009477,1.578e-05,0.000e+00,1.300e-04
38,Sr,L1,0,100,100,0.958030,1.307e-04,0.000e+00,1.373e-04
38,Sr,L1,0,200,10,1.035612,4.084e-05,0.000e+00,3.040e-05
38,Sr,L1,0,200,30,1.007973,3.839e-05,0.000e+00,3.064e-05
38,Sr,L1,0,200,100,0.953204,1.559e-04,0.000e+00,3.215e-05
38,Sr,L1,0,50,10,1.037802,1.043e-05,0.000e+00,1.229e-04
38,Sr,L1,0,50,30,1.012723,6.178e-06,0.000e+00,1.252e-04
38,Sr,L1,0,50,100,0.966086,1.177e-04,0.000e+00,1.319e-04
38,Sr,L1,50,150,10,1.034731,3.946e-05,0.000e+00,0.000e+00
38,Sr,L1,50,150,30,1.006099,3.739e-05,0.000e+00,0.000e+00
38,Sr,L1,50,150,100,0.948790,1.550e-04,0.000e+00,0.000e+00
38,Sr,L2,0,100,10,1.115151,4.082e-05,0.000e+00,1.663e-04
38,Sr,L2,0,100,30,1.087749,6.256e-05,0.000e+00,1.637e-04
38,Sr,L2,0,100,100,1.037248,1.405e-04,0.000e+00,1.616e-04
38,Sr,L2,0,200,10,1.101514,8.005e-05,0.000e+00,4.112e-05
38,Sr,L2,0,200,30,1.074524,9.796e-05,0.000e+00,3.984e-05
38,Sr,L2,0,200,100,1.023532,1.727e-04,0.000e+00,3.879e-05
38,Sr,L2,0,50,10,1.137221,1.503e-05,0.000e+00,1.533e-04
38,Sr,L2,0,50,30,1.109431,3.900e-05,0.000e+00,1.521e-04
38,Sr,L2,0,50,100,1.058973,1.165e-04,0.000e+00,1.512e-04
38,Sr,L2,50,150,10,1.087856,8.457e-05,0.000e+00,0.000e+00
38,Sr,L2,50,150,30,1.061520,1.013e-04,0.000e+00,0.000e+00
38,Sr,L2,50,150,100,1.011077,1.757e-04,0.000e+00,0.000e+00
38,Sr,L3,0,100,10,1.116569,4.255e-05,0.000e+00,1.672e-04
38,Sr,L3,0,100,30,1.089093,6.339e-05,0.000e+00,1.645e-04
38,Sr,L3,0,100,100,1.038601,1.450e-04,0.000e+00,1.624e-04
38,Sr,L3,0,200,10,1.103100,8.322e-05,0.000e+00,4.150e-05
38,Sr,L3,0,200,30,1.076021,1.004e-04,0.000e+00,4.018e-05
38,Sr,L3,0,200,100,1.024926,1.774e-04,0.000e+00,3.911e-05
38,Sr,L3,0,50,10,1.138240,1.585e-05,0.000e+00,1.539e-04
38,Sr,L3,0,50,30,1.110396,3.875e-05,0.000e+00,1.527e-04
38,Sr,L3,0,50,100,1.060034,1.217e-04,0.000e+00,1.518e-04
38,Sr,L3,50,150,10,1.089574,8.828e-05,0.000e+00,0.000e+00
38,Sr,L3,50,150,30,1.063149,1.040e-04,0.000e+00,0.000e+00
38,Sr,L3,50,150,100,1.012577,1.807e-04,0.000e+00,0.000e+00
38,Sr,M1,0,100,10,1.160089,5.725e-05,0.000e+00,1.525e-04
38,Sr,M1,0,100,30,1.004448,1.191e-04,0.000e+00,1.345e-04
38,Sr,M1,0,100,100,0.964893,3.941e-04,0.000e+00,1.300e-04
38,Sr,M1,0,200,10,1.161556,1.051e-04,0.000e+00,4.179e-05
38,Sr,M1,0,200,30,1.060868,1.864e-04,0.000e+00,3.321e-05
38,Sr,M1,0,200,100,1.029544,5.970e-04,0.000e+00,3.030e-05
38,Sr,M1,0,50,10,1.166197,3.885e-05,0.000e+00,1.347e-04
38,Sr,M1,0,50,30,0.993279,6.288e-05,0.000e+00,1.267e-04
38,Sr,M1,0,50,100,0.954707,2.719e-04,0.000e+00,1.258e-04
38,Sr,M1,50,150,10,1.160722,1.113e-04,0.000e+00,0.000e+00
38,Sr,M1,50,150,30,1.076522,2.168e-04,0.000e+00,0.000e+00
38,Sr,M1,50,150,100,1.042138,6.359e-04,0.000e+00,0.000e+00
38,Sr,M2,0,100,10,1.228366,3.444e-05,0.000e+00,1.463e-04
38,Sr,M2,0,100,30,1.032839,2.281e-04,0.000e+00,1.223e-04
38,Sr,M2,0,100,100,0.993451,3.643e-04,0.000e+00,1.208e-04
38,Sr,M2,0,200,10,1.210581,1.192e-04,0.000e+00,3.853e-05
38,Sr,M2,0,200,30,1.049735,3.618e-04,0.000e+00,2.969e-05
38,Sr,M2,0,200,100,1.009072,5.382e-04,0.000e+00,2.857e-05
38,Sr,M2,0,50,10,1.244707,2.054e-05,0.000e+00,1.367e-04
38,Sr,M2,0,50,30,1.014690,1.010e-04,0.000e+00,1.247e-04
38,Sr,M2,0,50,100,0.975792,2.240e-04,0.000e+00,1.246e-04
38,Sr,M2,50,150,10,1.202561,1.324e-04,0.000e+00,0.000e+00
38,Sr,M2,50,150,30,1.059860,4.062e-04,0.000e+00,0.000e+00
38,Sr,M2,50,150,100,1.018673,5.701e-04,0.000e+00,0.000e+00
38,Sr,M3,0,100,10,1.224009,4.949e-05,0.000e+00,1.535e-04
38,Sr,M3,0,100,30,1.042033,2.381e-04,0.000e+00,1.295e-04
38,Sr,M3,0,100,100,1.007263,3.610e-04,0.000e+00,1.276e-04
38,Sr,M3,0,200,10,1.206062,1.308e-04,0.000e+00,4.138e-05
38,Sr,M3,0,200,30,1.054534,3.707e-04,0.000e+00,3.227e-05
38,Sr,M3,0,200,100,1.017963,5.368e-04,0.000e+00,3.099e-05
38,Sr,M3,0,50,10,1.240732,4.221e-06,0.000e+00,1.407e-04
38,Sr,M3,0,50,30,1.028874,1.215e-04,0.000e+00,1.289e-04
38,Sr,M3,0,50,100,0.994996,2.227e-04,0.000e+00,1.286e-04
38,Sr,M3,50,150,10,1.196787,1.472e-04,0.000e+00,0.000e+00
38,Sr,M3,50,150,30,1.062704,4.168e-04,0.000e+00,0.000e+00
38,Sr,M3,50,150,100,1.025539,5.721e-04,0.000e+00,0.000e+00
38,Sr,M4,0,100,10,1.034405,4.971e-04,0.000e+00,2.260e-05
38,Sr,M4,0,100,30,0.982337,5.766e-04,0.000e+00,2.208e-05
38,Sr,M4,0,100,100,0.973611,5.787e-04,0.000e+00,2.230e-05
38,Sr,M4,0,200,10,1.074396,6.123e-04,0.000e+00,5.911e-06
38,Sr,M4,0,200,30,1.030446,7.308e-04,0.000e+00,5.515e-06
38,Sr,M4,0,200,100,1.020176,7.353e-04,0.000e+00,5.546e-06
38,Sr,M4,0,50,10,0.907444,3.998e-04,0.000e+00,2.867e-05
38,Sr,M4,0,50,30,0.845555,4.572e-04,0.000e+00,2.881e-05
38,Sr,M4,0,50,100,0.837428,4.588e-04,0.000e+00,2.913e-05
38,Sr,M4,50,150,10,1.141290,6.610e-04,0.000e+00,0.000e+00
38,Sr,M4,50,150,30,1.098156,7.690e-04,0.000e+00,0.000e+00
38,Sr,M4,50,150,100,1.087777,7.714e-04,0.000e+00,0.000e+00
38,Sr,M5,0,100,10,1.034698,5.018e-04,0.000e+00,2.215e-05
38,Sr,M5,0,100,30,0.982655,5.819e-04,0.000e+00,2.158e-05
38,Sr,M5,0,100,100,0.974121,5.828e-04,0.000e+00,2.181e-05
38,Sr,M5,0,200,10,1.074381,6.154e-04,0.000e+00,5.825e-06
38,Sr,M5,0,200,30,1.030387,7.341e-04,0.000e+00,5.419e-06
38,Sr,M5,0,200,100,1.020292,7.389e-04,0.000e+00,5.454e-06
38,Sr,M5,0,50,10,0.907531,4.070e-04,0.000e+00,2.798e-05
38,Sr,M5,0,50,30,0.845694,4.590e-04,0.000e+00,2.805e-05
38,Sr,M5,0,50,100,0.837806,4.650e-04,0.000e+00,2.837e-05
38,Sr,M5,50,150,10,1.142264,6.651e-04,0.000e+00,0.000e+00
38,Sr,M5,50,150,30,1.099050,7.732e-04,0.000e+00,0.000e+00
38,Sr,M5,50,150,100,1.088808,7.761e-04,0.000e+00,0.000e+00
39,Y,K,0,100,10,1.082609,1.504e-05,0.000e+00,1.201e-04
39,Y,K,0,100,30,1.077523,1.625e-05,0.000e+00,1.200e-04
39,Y,K,0,100,100,1.050341,2.492e-05,0.000e+00,1.198e-04
39,Y,K,0,200,10,1.082147,1.834e-05,0.000e+00,2.676e-05
39,Y,K,0,200,30,1.077081,1.942e-05,0.000e+00,2.672e-05
39,Y,K,0,200,100,1.049913,2.742e-05,0.000e+00,2.659e-05
39,Y,K,0,50,10,1.083771,1.456e-05,0.000e+00,1.194e-04
39,Y,K,0,50,30,1.078680,1.569e-05,0.000e+00,1.193e-04
39,Y,K,0,50,100,1.051528,2.454e-05,0.000e+00,1.193e-04
39,Y,K,50,150,10,1.081576,1.689e-05,0.000e+00,0.000e+00
39,Y,K,50,150,30,1.076507,1.812e-05,0.000e+00,0.000e+00
39,Y,K,50,150,100,1.049311,2.624e-05,0.000e+00,0.000e+00
39,Y,L1,0,100,10,1.035873,1.807e-05,0.000e+00,1.283e-04
39,Y,L1,0,100,30,1.008528,1.462e-05,0.000e+00,1.282e-04
39,Y,L1,0,100,100,0.954986,1.033e-04,0.000e+00,1.303e-04
39,Y,L1,0,200,10,1.035146,3.887e-05,0.000e+00,3.036e-05
39,Y,L1,0,200,30,1.007255,3.607e-05,0.000e+00,3.010e-05
39,Y,L1,0,200,100,0.951129,1.267e-04,0.000e+00,3.039e-05
39,Y,L1,0,50,10,1.037389,9.010e-06,0.000e+00,1.235e-04
39,Y,L1,0,50,30,1.011088,4.609e-06,0.000e+00,1.238e-04
39,Y,L1,0,50,100,0.960951,9.373e-05,0.000e+00,1.256e-04
39,Y,L1,50,150,10,1.034302,3.819e-05,0.000e+00,0.000e+00
39,Y,L1,50,150,30,1.005796,3.558e-05,0.000e+00,0.000e+00
39,Y,L1,50,150,100,0.947926,1.247e-04,0.000e+00,0.000e+00
39,Y,L2,0,100,10,1.108131,3.696e-05,0.000e+00,1.436e-04
39,Y,L2,0,100,30,1.080950,5.644e-05,0.000e+00,1.414e-04
39,Y,L2,0,100,100,1.030044,1.275e-04,0.000e+00,1.395e-04
39,Y,L2,0,200,10,1.098082,7.346e-05,0.000e+00,3.527e-05
39,Y,L2,0,200,30,1.071231,8.952e-05,0.000e+00,3.420e-05
39,Y,L2,0,200,100,1.019744,1.591e-04,0.000e+00,3.328e-05
39,Y,L2,0,50,10,1.122858,1.725e-05,0.000e+00,1.333e-04
39,Y,L2,0,50,30,1.095446,3.831e-05,0.000e+00,1.323e-04
39,Y,L2,0,50,100,1.044890,1.082e-04,0.000e+00,1.314e-04
39,Y,L2,50,150,10,1.089149,7.526e-05,0.000e+00,0.000e+00
39,Y,L2,50,150,30,1.062694,9.050e-05,0.000e+00,0.000e+00
39,Y,L2,50,150,100,1.011415,1.611e-04,0.000e+00,0.000e+00
39,Y,L3,0,100,10,1.109955,3.876e-05,0.000e+00,1.452e-04
39,Y,L3,0,100,30,1.082708,5.759e-05,0.000e+00,1.429e-04
39,Y,L3,0,100,100,1.031721,1.339e-04,0.000e+00,1.410e-04
39,Y,L3,0,200,10,1.099884,7.662e-05,0.000e+00,3.581e-05
39,Y,L3,0,200,30,1.072953,9.218e-05,0.000e+00,3.469e-05
39,Y,L3,0,200,100,1.021280,1.675e-04,0.000e+00,3.375e-05
39,Y,L3,0,50,10,1.124669,1.821e-05,0.000e+00,1.345e-04
39,Y,L3,0,50,30,1.097205,3.912e-05,0.000e+00,1.335e-04
39,Y,L3,0,50,100,1.046637,1.134e-04,0.000e+00,1.326e-04
39,Y,L3,50,150,10,1.090877,7.884e-05,0.000e+00,0.000e+00
39,Y,L3,50,150,30,1.064348,9.318e-05,0.000e+00,0.000e+00
39,Y,L3,50,150,100,1.012868,1.697e-04,0.000e+00,0.000e+00
39,Y,M1,0,100,10,1.139022,5.107e-05,0.000e+00,1.518e-04
39,Y,M1,0,100,30,0.994627,1.041e-04,0.000e+00,1.333e-04
39,Y,M1,0,100,100,0.952802,3.512e-04,0.000e+00,1.266e-04
39,Y,M1,0,200,10,1.138840,9.734e-05,0.000e+00,4.128e-05
39,Y,M1,0,200,30,1.037834,1.661e-04,0.000e+00,3.315e-05
39,Y,M1,0,200,100,1.005089,5.541e-04,0.000e+00,2.967e-05
39,Y,M1,0,50,10,1.144774,3.254e-05,0.000e+00,1.347e-04
39,Y,M1,0,50,30,0.985809,6.030e-05,0.000e+00,1.256e-04
39,Y,M1,0,50,100,0.943641,2.371e-04,0.000e+00,1.231e-04
39,Y,M1,50,150,10,1.134628,1.030e-04,0.000e+00,0.000e+00
39,Y,M1,50,150,30,1.038835,1.871e-04,0.000e+00,0.000e+00
39,Y,M1,50,150,100,1.002571,5.797e-04,0.000e+00,0.000e+00
39,Y,M2,0,100,10,1.211949,3.593e-05,0.000e+00,1.361e-04
39,Y,M2,0,100,30,1.034830,2.001e-04,0.000e+00,1.126e-04
39,Y,M2,0,100,100,0.992720,3.455e-04,0.000e+00,1.101e-04
39,Y,M2,0,200,10,1.195138,1.098e-04,0.000e+00,3.590e-05
39,Y,M2,0,200,30,1.047654,3.212e-04,0.000e+00,2.750e-05
39,Y,M2,0,200,100,1.004979,5.076e-04,0.000e+00,2.614e-05
39,Y,M2,0,50,10,1.226140,5.583e-06,0.000e+00,1.264e-04
39,Y,M2,0,50,30,1.019419,8.190e-05,0.000e+00,1.140e-04
39,Y,M2,0,50,100,0.976851,2.226e-04,0.000e+00,1.131e-04
39,Y,M2,50,150,10,1.188073,1.164e-04,0.000e+00,0.000e+00
39,Y,M2,50,150,30,1.056530,3.640e-04,0.000e+00,0.000e+00
39,Y,M2,50,150,100,1.013837,5.415e-04,0.000e+00,0.000e+00
39,Y,M3,0,100,10,1.206119,4.961e-05,0.000e+00,1.426e-04
39,Y,M3,0,100,30,1.041751,2.320e-04,0.000e+00,1.193e-04
39,Y,M3,0,100,100,1.004672,3.448e-04,0.000e+00,1.166e-04
39,Y,M3,0,200,10,1.189396,1.215e-04,0.000e+00,3.846e-05
39,Y,M3,0,200,30,1.050954,3.418e-04,0.000e+00,2.987e-05
39,Y,M3,0,200,100,1.012687,5.040e-04,0.000e+00,2.839e-05
39,Y,M3,0,50,10,1.220465,8.243e-06,0.000e+00,1.302e-04
39,Y,M3,0,50,30,1.030466,1.139e-04,0.000e+00,1.181e-04
39,Y,M3,0,50,100,0.993532,2.192e-04,0.000e+00,1.171e-04
39,Y,M3,50,150,10,1.181357,1.323e-04,0.000e+00,0.000e+00
39,Y,M3,50,150,30,1.058182,3.925e-04,0.000e+00,0.000e+00
39,Y,M3,50,150,100,1.019744,5.443e-04,0.000e+00,0.000e+00
39,Y,M4,0,100,10,1.043257,4.983e-04,0.000e+00,1.862e-05
39,Y,M4,0,100,30,0.992133,5.716e-04,0.000e+00,1.820e-05
39,Y,M4,0,100,100,0.981855,5.752e-04,0.000e+00,1.845e-05
39,Y,M4,0,200,10,1.075358,5.977e-04,0.000e+00,4.810e-06
39,Y,M4,0,200,30,1.032588,7.041e-04,0.000e+00,4.497e-06
39,Y,M4,0,200,100,1.020992,7.114e-04,0.000e+00,4.535e-06
39,Y,M4,0,50,10,0.933992,4.430e-04,0.000e+00,2.362e-05
39,Y,M4,0,50,30,0.871297,4.832e-04,0.000e+00,2.374e-05
39,Y,M4,0,50,100,0.861126,4.981e-04,0.000e+00,2.409e-05
39,Y,M4,50,150,10,1.130126,6.252e-04,0.000e+00,0.000e+00
39,Y,M4,50,150,30,1.089449,7.271e-04,0.000e+00,0.000e+00
39,Y,M4,50,150,100,1.078061,7.293e-04,0.000e+00,0.000e+00
39,Y,M5,0,100,10,1.043335,5.030e-04,0.000e+00,1.813e-05
39,Y,M5,0,100,30,0.992224,5.743e-04,0.000e+00,1.767e-05
39,Y,M5,0,100,100,0.982173,5.800e-04,0.000e+00,1.793e-05
39,Y,M5,0,200,10,1.075205,6.011e-04,0.000e+00,4.709e-06
39,Y,M5,0,200,30,1.032386,7.068e-04,0.000e+00,4.387e-06
39,Y,M5,0,200,100,1.020990,7.151e-04,0.000e+00,4.430e-06
39,Y,M5,0,50,10,0.933845,4.489e-04,0.000e+00,2.292e-05
39,Y,M5,0,50,30,0.871191,4.930e-04,0.000e+00,2.296e-05
39,Y,M5,0,50,100,0.861299,5.041e-04,0.000e+00,2.332e-05
39,Y,M5,50,150,10,1.130754,6.296e-04,0.000e+00,0.000e+00
39,Y,M5,50,150,30,1.090021,7.310e-04,0.000e+00,0.000e+00
39,Y,M5,50,150,100,1.078795,7.342e-04,0.000e+00,0.000e+00
40,Zr,K,0,100,10,1.082371,1.653e-05,0.000e+00,1.209e-04
40,Zr,K,0,100,30,1.077653,1.638e-05,0.000e+00,1.208e-04
40,Zr,K,0,100,100,1.051281,2.445e-05,0.000e+00,1.205e-04
40,Zr,K,0,200,10,1.081909,1.923e-05,0.000e+00,2.692e-05
40,Zr,K,0,200,30,1.077214,1.926e-05,0.000e+00,2.688e-05
40,Zr,K,0,200,100,1.050883,2.671e-05,0.000e+00,2.673e-05
40,Zr,K,0,50,10,1.083498,1.479e-05,0.000e+00,1.203e-04
40,Zr,K,0,50,30,1.078769,1.490e-05,0.000e+00,1.203e-04
40,Zr,K,0,50,100,1.052372,2.308e-05,0.000e+00,1.200e-04
40,Zr,K,50,150,10,1.081359,1.887e-05,0.000e+00,0.000e+00
40,Zr,K,50,150,30,1.076664,1.861e-05,0.000e+00,0.000e+00
40,Zr,K,50,150,100,1.050333,2.622e-05,0.000e+00,0.000e+00
40,Zr,L1,0,100,10,1.034016,1.752e-05,0.000e+00,1.284e-04
40,Zr,L1,0,100,30,1.006568,1.371e-05,0.000e+00,1.270e-04
40,Zr,L1,0,100,100,0.951509,1.145e-04,0.000e+00,1.254e-04
40,Zr,L1,0,200,10,1.033409,3.721e-05,0.000e+00,3.027e-05
40,Zr,L1,0,200,30,1.005644,3.401e-05,0.000e+00,2.970e-05
40,Zr,L1,0,200,100,0.948571,1.245e-04,0.000e+00,2.916e-05
40,Zr,L1,0,50,10,1.035339,8.097e-06,0.000e+00,1.239e-04
40,Zr,L1,0,50,30,1.008486,3.798e-06,0.000e+00,1.230e-04
40,Zr,L1,0,50,100,0.955743,1.109e-04,0.000e+00,1.214e-04
40,Zr,L1,50,150,10,1.032676,3.702e-05,0.000e+00,0.000e+00
40,Zr,L1,50,150,30,1.004555,3.379e-05,0.000e+00,0.000e+00
40,Zr,L1,50,150,100,0.946348,1.218e-04,0.000e+00,0.000e+00
40,Zr,L2,0,100,10,1.101160,3.464e-05,0.000e+00,1.283e-04
40,Zr,L2,0,100,30,1.074446,5.212e-05,0.000e+00,1.263e-04
40,Zr,L2,0,100,100,1.023349,1.123e-04,0.000e+00,1.246e-04
40,Zr,L2,0,200,10,1.094069,6.783e-05,0.000e+00,3.132e-05
40,Zr,L2,0,200,30,1.067613,8.242e-05,0.000e+00,3.038e-05
40,Zr,L2,0,200,100,1.015854,1.421e-04,0.000e+00,2.956e-05
40,Zr,L2,0,50,10,1.110315,2.001e-05,0.000e+00,1.199e-04
40,Zr,L2,0,50,30,1.083488,3.915e-05,0.000e+00,1.189e-04
40,Zr,L2,0,50,100,1.032955,1.006e-04,0.000e+00,1.181e-04
40,Zr,L2,50,150,10,1.088679,6.739e-05,0.000e+00,0.000e+00
40,Zr,L2,50,150,30,1.062429,8.110e-05,0.000e+00,0.000e+00
40,Zr,L2,50,150,100,1.010631,1.401e-04,0.000e+00,0.000e+00
40,Zr,L3,0,100,10,1.103305,3.600e-05,0.000e+00,1.302e-04
40,Zr,L3,0,100,30,1.076516,5.425e-05,0.000e+00,1.281e-04
40,Zr,L3,0,100,100,1.025230,1.234e-04,0.000e+00,1.263e-04
40,Zr,L3,0,200,10,1.096074,7.077e-05,0.000e+00,3.191e-05
40,Zr,L3,0,200,30,1.069531,8.559e-05,0.000e+00,3.093e-05
40,Zr,L3,0,200,100,1.017495,1.543e-04,0.000e+00,3.008e-05
40,Zr,L3,0,50,10,1.112681,2.054e-05,0.000e+00,1.213e-04
40,Zr,L3,0,50,30,1.085789,4.096e-05,0.000e+00,1.204e-04
40,Zr,L3,0,50,100,1.035123,1.083e-04,0.000e+00,1.195e-04
40,Zr,L3,50,150,10,1.090490,7.066e-05,0.000e+00,0.000e+00
40,Zr,L3,50,150,30,1.064162,8.415e-05,0.000e+00,0.000e+00
40,Zr,L3,50,150,100,1.012081,1.541e-04,0.000e+00,0.000e+00
40,Zr,M1,0,100,10,1.123165,4.565e-05,0.000e+00,1.504e-04
40,Zr,M1,0,100,30,0.991411,1.156e-04,0.000e+00,1.311e-04
40,Zr,M1,0,100,100,0.948012,3.437e-04,0.000e+00,1.227e-04
40,Zr,M1,0,200,10,1.124095,9.084e-05,0.000e+00,4.050e-05
40,Zr,M1,0,200,30,1.033297,1.587e-04,0.000e+00,3.249e-05
40,Zr,M1,0,200,100,1.000563,5.132e-04,0.000e+00,2.855e-05
40,Zr,M1,0,50,10,1.129218,2.641e-05,0.000e+00,1.341e-04
40,Zr,M1,0,50,30,0.987528,7.958e-05,0.000e+00,1.232e-04
40,Zr,M1,0,50,100,0.943185,2.516e-04,0.000e+00,1.194e-04
40,Zr,M1,50,150,10,1.119465,9.666e-05,0.000e+00,0.000e+00
40,Zr,M1,50,150,30,1.030522,1.692e-04,0.000e+00,0.000e+00
40,Zr,M1,50,150,100,0.994699,5.255e-04,0.000e+00,0.000e+00
40,Zr,M2,0,100,10,1.195756,3.671e-05,0.000e+00,1.275e-04
40,Zr,M2,0,100,30,1.033444,1.951e-04,0.000e+00,1.050e-04
40,Zr,M2,0,100,100,0.988843,3.377e-04,0.000e+00,1.017e-04
40,Zr,M2,0,200,10,1.181045,1.014e-04,0.000e+00,3.357e-05
40,Zr,M2,0,200,30,1.044438,2.957e-04,0.000e+00,2.568e-05
40,Zr,M2,0,200,100,0.999807,4.874e-04,0.000e+00,2.415e-05
40,Zr,M2,0,50,10,1.206656,4.817e-06,0.000e+00,1.182e-04
40,Zr,M2,0,50,30,1.018459,1.019e-04,0.000e+00,1.059e-04
40,Zr,M2,0,50,100,0.972644,2.180e-04,0.000e+00,1.045e-04
40,Zr,M2,50,150,10,1.175838,1.040e-04,0.000e+00,0.000e+00
40,Zr,M2,50,150,30,1.053151,3.282e-04,0.000e+00,0.000e+00
40,Zr,M2,50,150,100,1.008847,5.180e-04,0.000e+00,0.000e+00
40,Zr,M3,0,100,10,1.189130,4.995e-05,0.000e+00,1.335e-04
40,Zr,M3,0,100,30,1.038763,2.068e-04,0.000e+00,1.112e-04
40,Zr,M3,0,100,100,0.999564,3.383e-04,0.000e+00,1.078e-04
40,Zr,M3,0,200,10,1.174574,1.142e-04,0.000e+00,3.590e-05
40,Zr,M3,0,200,30,1.046673,3.065e-04,0.000e+00,2.787e-05
40,Zr,M3,0,200,100,1.006745,4.846e-04,0.000e+00,2.625e-05
40,Zr,M3,0,50,10,1.200160,1.798e-05,0.000e+00,1.217e-04
40,Zr,M3,0,50,30,1.027357,1.160e-04,0.000e+00,1.099e-04
40,Zr,M3,0,50,100,0.987678,2.198e-04,0.000e+00,1.084e-04
40,Zr,M3,50,150,10,1.168585,1.202e-04,0.000e+00,0.000e+00
40,Zr,M3,50,150,30,1.053984,3.428e-04,0.000e+00,0.000e+00
40,Zr,M3,50,150,100,1.014183,5.202e-04,0.000e+00,0.000e+00
40,Zr,M4,0,100,10,1.044923,5.065e-04,0.000e+00,1.596e-05
40,Zr,M4,0,100,30,0.995076,5.719e-04,0.000e+00,1.560e-05
40,Zr,M4,0,100,100,0.983300,5.828e-04,0.000e+00,1.586e-05
40,Zr,M4,0,200,10,1.073534,5.866e-04,0.000e+00,4.060e-06
40,Zr,M4,0,200,30,1.032020,6.837e-04,0.000e+00,3.800e-06
40,Zr,M4,0,200,100,1.019146,6.913e-04,0.000e+00,3.843e-06
40,Zr,M4,0,50,10,0.942856,4.936e-04,0.000e+00,2.053e-05
40,Zr,M4,0,50,30,0.880645,5.359e-04,0.000e+00,2.062e-05
40,Zr,M4,0,50,100,0.868489,5.444e-04,0.000e+00,2.099e-05
40,Zr,M4,50,150,10,1.121981,5.959e-04,0.000e+00,0.000e+00
40,Zr,M4,50,150,30,1.083034,6.923e-04,0.000e+00,0.000e+00
40,Zr,M4,50,150,100,1.070625,6.942e-04,0.000e+00,0.000e+00
40,Zr,M5,0,100,10,1.044827,5.123e-04,0.000e+00,1.545e-05
40,Zr,M5,0,100,30,0.994975,5.784e-04,0.000e+00,1.504e-05
40,Zr,M5,0,100,100,0.983453,5.873e-04,0.000e+00,1.532e-05
40,Zr,M5,0,200,10,1.073269,5.909e-04,0.000e+00,3.950e-06
40,Zr,M5,0,200,30,1.031697,6.873e-04,0.000e+00,3.682e-06
40,Zr,M5,0,200,100,1.019045,6.964e-04,0.000e+00,3.730e-06
40,Zr,M5,0,50,10,0.942462,5.006e-04,0.000e+00,1.981e-05
40,Zr,M5,0,50,30,0.880242,5.372e-04,0.000e+00,1.982e-05
40,Zr,M5,0,50,100,0.868418,5.502e-04,0.000e+00,2.021e-05
40,Zr,M5,50,150,10,1.122406,6.010e-04,0.000e+00,0.000e+00
40,Zr,M5,50,150,30,1.083413,6.974e-04,0.000e+00,0.000e+00
40,Zr,M5,50,150,100,1.071187,6.993e-04,0.000e+00,0.000e+00
41,Nb,K,0,100,10,1.076967,1.467e-05,0.000e+00,1.182e-04
41,Nb,K,0,100,30,1.072698,1.610e-05,0.000e+00,1.182e-04
41,Nb,K,0,100,100,1.047613,2.368e-05,0.000e+00,1.180e-04
41,Nb,K,0,200,10,1.077831,1.817e-05,0.000e+00,2.625e-05
41,Nb,K,0,200,30,1.073578,1.904e-05,0.000e+00,2.622e-05
41,Nb,K,0,200,100,1.048514,2.588e-05,0.000e+00,2.611e-05
41,Nb,K,0,50,10,1.075588,1.325e-05,0.000e+00,1.180e-04
41,Nb,K,0,50,30,1.071317,1.480e-05,0.000e+00,1.180e-04
41,Nb,K,0,50,100,1.046257,2.246e-05,0.000e+00,1.179e-04
41,Nb,K,50,150,10,1.078553,1.755e-05,0.000e+00,0.000e+00
41,Nb,K,50,150,30,1.074295,1.857e-05,0.000e+00,0.000e+00
41,Nb,K,50,150,100,1.049200,2.561e-05,0.000e+00,0.000e+00
41,Nb,L1,0,100,10,1.025759,1.617e-05,0.000e+00,1.255e-04
41,Nb,L1,0,100,30,0.998553,1.150e-05,0.000e+00,1.254e-04
41,Nb,L1,0,100,100,0.943673,1.178e-04,0.000e+00,1.275e-04
41,Nb,L1,0,200,10,1.026505,3.523e-05,0.000e+00,2.946e-05
41,Nb,L1,0,200,30,0.999014,3.143e-05,0.000e+00,2.921e-05
41,Nb,L1,0,200,100,0.942128,1.302e-04,0.000e+00,2.958e-05
41,Nb,L1,0,50,10,1.024676,7.299e-06,0.000e+00,1.217e-04
41,Nb,L1,0,50,30,0.998126,1.927e-06,0.000e+00,1.218e-04
41,Nb,L1,0,50,100,0.945851,1.120e-04,0.000e+00,1.234e-04
41,Nb,L1,50,150,10,1.027128,3.517e-05,0.000e+00,0.000e+00
41,Nb,L1,50,150,30,0.999223,3.138e-05,0.000e+00,0.000e+00
41,Nb,L1,50,150,100,0.941006,1.297e-04,0.000e+00,0.000e+00
41,Nb,L2,0,100,10,1.087610,2.656e-05,0.000e+00,1.389e-04
41,Nb,L2,0,100,30,1.061872,4.313e-05,0.000e+00,1.369e-04
41,Nb,L2,0,100,100,1.012316,1.058e-04,0.000e+00,1.351e-04
41,Nb,L2,0,200,10,1.083773,5.773e-05,0.000e+00,3.393e-05
41,Nb,L2,0,200,30,1.058151,7.149e-05,0.000e+00,3.296e-05
41,Nb,L2,0,200,100,1.007585,1.271e-04,0.000e+00,3.209e-05
41,Nb,L2,0,50,10,1.092770,1.835e-05,0.000e+00,1.291e-04
41,Nb,L2,0,50,30,1.067093,3.603e-05,0.000e+00,1.281e-04
41,Nb,L2,0,50,100,1.018620,1.046e-04,0.000e+00,1.273e-04
41,Nb,L2,50,150,10,1.080726,5.382e-05,0.000e+00,0.000e+00
41,Nb,L2,50,150,30,1.055120,6.702e-05,0.000e+00,0.000e+00
41,Nb,L2,50,150,100,1.004108,1.199e-04,0.000e+00,0.000e+00
41,Nb,L3,0,100,10,1.090276,2.802e-05,0.000e+00,1.421e-04
41,Nb,L3,0,100,30,1.064439,4.463e-05,0.000e+00,1.399e-04
41,Nb,L3,0,100,100,1.014600,1.042e-04,0.000e+00,1.380e-04
41,Nb,L3,0,200,10,1.086032,6.074e-05,0.000e+00,3.485e-05
41,Nb,L3,0,200,30,1.060299,7.396e-05,0.000e+00,3.383e-05
41,Nb,L3,0,200,100,1.009371,1.326e-04,0.000e+00,3.291e-05
41,Nb,L3,0,50,10,1.096155,1.880e-05,0.000e+00,1.316e-04
41,Nb,L3,0,50,30,1.070382,3.704e-05,0.000e+00,1.306e-04
41,Nb,L3,0,50,100,1.021669,9.872e-05,0.000e+00,1.297e-04
41,Nb,L3,50,150,10,1.082486,5.725e-05,0.000e+00,0.000e+00
41,Nb,L3,50,150,30,1.056789,6.951e-05,0.000e+00,0.000e+00
41,Nb,L3,50,150,100,1.005420,1.275e-04,0.000e+00,0.000e+00
41,Nb,M1,0,100,10,1.097459,4.213e-05,0.000e+00,1.466e-04
41,Nb,M1,0,100,30,0.976692,1.150e-04,0.000e+00,1.304e-04
41,Nb,M1,0,100,100,0.934739,3.573e-04,0.000e+00,1.212e-04
41,Nb,M1,0,200,10,1.100451,8.668e-05,0.000e+00,3.906e-05
41,Nb,M1,0,200,30,1.016509,1.530e-04,0.000e+00,3.212e-05
41,Nb,M1,0,200,100,0.986262,4.791e-04,0.000e+00,2.794e-05
41,Nb,M1,0,50,10,1.099805,2.326e-05,0.000e+00,1.318e-04
41,Nb,M1,0,50,30,0.969555,8.077e-05,0.000e+00,1.236e-04
41,Nb,M1,0,50,100,0.925406,2.585e-04,0.000e+00,1.196e-04
41,Nb,M1,50,150,10,1.098691,9.223e-05,0.000e+00,0.000e+00
41,Nb,M1,50,150,30,1.015994,1.665e-04,0.000e+00,0.000e+00
41,Nb,M1,50,150,100,0.982887,4.933e-04,0.000e+00,0.000e+00
41,Nb,M2,0,100,10,1.181572,4.102e-05,0.000e+00,1.377e-04
41,Nb,M2,0,100,30,1.035492,1.964e-04,0.000e+00,1.138e-04
41,Nb,M2,0,100,100,0.989564,3.255e-04,0.000e+00,1.096e-04
41,Nb,M2,0,200,10,1.165997,9.844e-05,0.000e+00,3.623e-05
41,Nb,M2,0,200,30,1.040180,2.845e-04,0.000e+00,2.782e-05
41,Nb,M2,0,200,100,0.994752,4.626e-04,0.000e+00,2.596e-05
41,Nb,M2,0,50,10,1.194505,9.291e-06,0.000e+00,1.270e-04
41,Nb,M2,0,50,30,1.028459,7.273e-05,0.000e+00,1.145e-04
41,Nb,M2,0,50,100,0.980380,1.805e-04,0.000e+00,1.127e-04
41,Nb,M2,50,150,10,1.159121,9.980e-05,0.000e+00,0.000e+00
41,Nb,M2,50,150,30,1.044358,3.303e-04,0.000e+00,0.000e+00
41,Nb,M2,50,150,100,0.999987,4.995e-04,0.000e+00,0.000e+00
41,Nb,M3,0,100,10,1.172898,5.462e-05,0.000e+00,1.449e-04
41,Nb,M3,0,100,30,1.038370,2.134e-04,0.000e+00,1.212e-04
41,Nb,M3,0,100,100,0.998418,3.276e-04,0.000e+00,1.169e-04
41,Nb,M3,0,200,10,1.157801,1.122e-04,0.000e+00,3.892e-05
41,Nb,M3,0,200,30,1.040699,2.953e-04,0.000e+00,3.035e-05
41,Nb,M3,0,200,100,1.000408,4.656e-04,0.000e+00,2.839e-05
41,Nb,M3,0,50,10,1.185776,2.225e-05,0.000e+00,1.313e-04
41,Nb,M3,0,50,30,1.034233,1.003e-04,0.000e+00,1.193e-04
41,Nb,M3,0,50,100,0.993136,1.867e-04,0.000e+00,1.175e-04
41,Nb,M3,50,150,10,1.150174,1.164e-04,0.000e+00,0.000e+00
41,Nb,M3,50,150,30,1.043574,3.398e-04,0.000e+00,0.000e+00
41,Nb,M3,50,150,100,1.004036,5.079e-04,0.000e+00,0.000e+00
41,Nb,M4,0,100,10,1.070611,6.297e-04,0.000e+00,1.435e-05
41,Nb,M4,0,100,30,1.016827,6.855e-04,0.000e+00,1.401e-05
41,Nb,M4,0,100,100,1.002466,6.881e-04,0.000e+00,1.429e-05
41,Nb,M4,0,200,10,1.080463,6.630e-04,0.000e+00,3.531e-06
41,Nb,M4,0,200,30,1.037488,7.452e-04,0.000e+00,3.305e-06
41,Nb,M4,0,200,100,1.022988,7.508e-04,0.000e+00,3.350e-06
41,Nb,M4,0,50,10,1.002527,5.986e-04,0.000e+00,1.990e-05
41,Nb,M4,0,50,30,0.926208,6.169e-04,0.000e+00,1.996e-05
41,Nb,M4,0,50,100,0.908913,6.247e-04,0.000e+00,2.037e-05
41,Nb,M4,50,150,10,1.107254,6.690e-04,0.000e+00,0.000e+00
41,Nb,M4,50,150,30,1.070636,7.471e-04,0.000e+00,0.000e+00
41,Nb,M4,50,150,100,1.057692,7.517e-04,0.000e+00,0.000e+00
41,Nb,M5,0,100,10,1.070240,6.342e-04,0.000e+00,1.378e-05
41,Nb,M5,0,100,30,1.016428,6.888e-04,0.000e+00,1.340e-05
41,Nb,M5,0,100,100,1.002376,6.942e-04,0.000e+00,1.369e-05
41,Nb,M5,0,200,10,1.080045,6.677e-04,0.000e+00,3.408e-06
41,Nb,M5,0,200,30,1.036989,7.496e-04,0.000e+00,3.176e-06
41,Nb,M5,0,200,100,1.022740,7.561e-04,0.000e+00,3.226e-06
41,Nb,M5,0,50,10,1.001653,6.053e-04,0.000e+00,1.907e-05
41,Nb,M5,0,50,30,0.925300,6.280e-04,0.000e+00,1.904e-05
41,Nb,M5,0,50,100,0.908446,6.329e-04,0.000e+00,1.947e-05
41,Nb,M5,50,150,10,1.107269,6.741e-04,0.000e+00,0.000e+00
41,Nb,M5,50,150,30,1.070639,7.526e-04,0.000e+00,0.000e+00
41,Nb,M5,50,150,100,1.057903,7.577e-04,0.000e+00,0.000e+00
42,Mo,K,0,100,10,1.076032,1.710e-05,0.000e+00,1.180e-04
42,Mo,K,0,100,30,1.072075,1.664e-05,0.000e+00,1.180e-04
42,Mo,K,0,100,100,1.047829,2.342e-05,0.000e+00,1.177e-04
42,Mo,K,0,200,10,1.077112,1.894e-05,0.000e+00,2.617e-05
42,Mo,K,0,200,30,1.073174,1.933e-05,0.000e+00,2.614e-05
42,Mo,K,0,200,100,1.048977,2.543e-05,0.000e+00,2.602e-05
42,Mo,K,0,50,10,1.074373,1.541e-05,0.000e+00,1.179e-04
42,Mo,K,0,50,30,1.070407,1.455e-05,0.000e+00,1.179e-04
42,Mo,K,0,50,100,1.046134,2.151e-05,0.000e+00,1.177e-04
42,Mo,K,50,150,10,1.077968,1.902e-05,0.000e+00,0.000e+00
42,Mo,K,50,150,30,1.074029,1.948e-05,0.000e+00,0.000e+00
42,Mo,K,50,150,100,1.049827,2.574e-05,0.000e+00,0.000e+00
42,Mo,L1,0,100,10,1.023528,1.588e-05,0.000e+00,1.247e-04
42,Mo,L1,0,100,30,0.996325,1.108e-05,0.000e+00,1.238e-04
42,Mo,L1,0,100,100,0.940032,1.107e-04,0.000e+00,1.233e-04
42,Mo,L1,0,200,10,1.024560,3.401e-05,0.000e+00,2.915e-05
42,Mo,L1,0,200,30,0.997271,3.007e-05,0.000e+00,2.871e-05
42,Mo,L1,0,200,100,0.939556,1.248e-04,0.000e+00,2.848e-05
42,Mo,L1,0,50,10,1.022066,6.557e-06,0.000e+00,1.212e-04
42,Mo,L1,0,50,30,0.995140,1.566e-06,0.000e+00,1.206e-04
42,Mo,L1,0,50,100,0.940371,1.044e-04,0.000e+00,1.198e-04
42,Mo,L1,50,150,10,1.025384,3.445e-05,0.000e+00,0.000e+00
42,Mo,L1,50,150,30,0.997892,3.029e-05,0.000e+00,0.000e+00
42,Mo,L1,50,150,100,0.939446,1.236e-04,0.000e+00,0.000e+00
42,Mo,L2,0,100,10,1.079933,2.561e-05,0.000e+00,1.270e-04
42,Mo,L2,0,100,30,1.054701,4.000e-05,0.000e+00,1.251e-04
42,Mo,L2,0,100,100,1.005299,1.147e-04,0.000e+00,1.234e-04
42,Mo,L2,0,200,10,1.079309,5.330e-05,0.000e+00,3.083e-05
42,Mo,L2,0,200,30,1.054117,6.529e-05,0.000e+00,2.997e-05
42,Mo,L2,0,200,100,1.003579,1.330e-04,0.000e+00,2.917e-05
42,Mo,L2,0,50,10,1.079652,2.106e-05,0.000e+00,1.187e-04
42,Mo,L2,0,50,30,1.054580,3.663e-05,0.000e+00,1.179e-04
42,Mo,L2,0,50,100,1.006459,1.137e-04,0.000e+00,1.171e-04
42,Mo,L2,50,150,10,1.079711,4.798e-05,0.000e+00,0.000e+00
42,Mo,L2,50,150,30,1.054369,5.941e-05,0.000e+00,0.000e+00
42,Mo,L2,50,150,100,1.003154,1.284e-04,0.000e+00,0.000e+00
42,Mo,L3,0,100,10,1.083022,2.675e-05,0.000e+00,1.305e-04
42,Mo,L3,0,100,30,1.057666,4.242e-05,0.000e+00,1.286e-04
42,Mo,L3,0,100,100,1.007881,1.115e-04,0.000e+00,1.268e-04
42,Mo,L3,0,200,10,1.081850,5.610e-05,0.000e+00,3.184e-05
42,Mo,L3,0,200,30,1.056527,6.872e-05,0.000e+00,3.092e-05
42,Mo,L3,0,200,100,1.005528,1.295e-04,0.000e+00,3.008e-05
42,Mo,L3,0,50,10,1.083726,2.125e-05,0.000e+00,1.216e-04
42,Mo,L3,0,50,30,1.058532,3.833e-05,0.000e+00,1.207e-04
42,Mo,L3,0,50,100,1.010066,1.099e-04,0.000e+00,1.199e-04
42,Mo,L3,50,150,10,1.081611,5.107e-05,0.000e+00,0.000e+00
42,Mo,L3,50,150,30,1.056159,6.300e-05,0.000e+00,0.000e+00
42,Mo,L3,50,150,100,1.004492,1.236e-04,0.000e+00,0.000e+00
42,Mo,M1,0,100,10,1.084223,3.799e-05,0.000e+00,1.444e-04
42,Mo,M1,0,100,30,0.969493,1.035e-04,0.000e+00,1.283e-04
42,Mo,M1,0,100,100,0.926360,3.883e-04,0.000e+00,1.177e-04
42,Mo,M1,0,200,10,1.088448,8.137e-05,0.000e+00,3.811e-05
42,Mo,M1,0,200,30,1.009139,1.393e-04,0.000e+00,3.142e-05
42,Mo,M1,0,200,100,0.978992,4.791e-04,0.000e+00,2.692e-05
42,Mo,M1,0,50,10,1.085220,1.904e-05,0.000e+00,1.306e-04
42,Mo,M1,0,50,30,0.960637,7.446e-05,0.000e+00,1.221e-04
42,Mo,M1,0,50,100,0.913960,2.743e-04,0.000e+00,1.174e-04
42,Mo,M1,50,150,10,1.087518,8.670e-05,0.000e+00,0.000e+00
42,Mo,M1,50,150,30,1.009442,1.440e-04,0.000e+00,0.000e+00
42,Mo,M1,50,150,100,0.976778,5.215e-04,0.000e+00,0.000e+00
42,Mo,M2,0,100,10,1.165641,4.313e-05,0.000e+00,1.294e-04
42,Mo,M2,0,100,30,1.031050,1.848e-04,0.000e+00,1.068e-04
42,Mo,M2,0,100,100,0.983346,3.259e-04,0.000e+00,1.020e-04
42,Mo,M2,0,200,10,1.153469,9.315e-05,0.000e+00,3.387e-05
42,Mo,M2,0,200,30,1.036111,2.628e-04,0.000e+00,2.606e-05
42,Mo,M2,0,200,100,0.989106,4.434e-04,0.000e+00,2.407e-05
42,Mo,M2,0,50,10,1.173315,1.514e-05,0.000e+00,1.196e-04
42,Mo,M2,0,50,30,1.021285,6.769e-05,0.000e+00,1.079e-04
42,Mo,M2,0,50,100,0.970917,1.789e-04,0.000e+00,1.057e-04
42,Mo,M2,50,150,10,1.149982,9.223e-05,0.000e+00,0.000e+00
42,Mo,M2,50,150,30,1.041760,3.035e-04,0.000e+00,0.000e+00
42,Mo,M2,50,150,100,0.995929,4.805e-04,0.000e+00,0.000e+00
42,Mo,M3,0,100,10,1.156826,5.536e-05,0.000e+00,1.363e-04
42,Mo,M3,0,100,30,1.033013,1.999e-04,0.000e+00,1.140e-04
42,Mo,M3,0,100,100,0.991543,3.264e-04,0.000e+00,1.092e-04
42,Mo,M3,0,200,10,1.144954,1.063e-04,0.000e+00,3.644e-05
42,Mo,M3,0,200,30,1.035951,2.734e-04,0.000e+00,2.848e-05
42,Mo,M3,0,200,100,0.994325,4.466e-04,0.000e+00,2.642e-05
42,Mo,M3,0,50,10,1.164740,2.651e-05,0.000e+00,1.241e-04
42,Mo,M3,0,50,30,1.026022,8.557e-05,0.000e+00,1.127e-04
42,Mo,M3,0,50,100,0.982986,1.799e-04,0.000e+00,1.105e-04
42,Mo,M3,50,150,10,1.140771,1.086e-04,0.000e+00,0.000e+00
42,Mo,M3,50,150,30,1.040456,3.176e-04,0.000e+00,0.000e+00
42,Mo,M3,50,150,100,0.999669,4.887e-04,0.000e+00,0.000e+00
42,Mo,M4,0,100,10,1.071468,6.712e-04,0.000e+00,1.282e-05
42,Mo,M4,0,100,30,1.018803,7.192e-04,0.000e+00,1.251e-05
42,Mo,M4,0,100,100,1.002747,7.282e-04,0.000e+00,1.279e-05
42,Mo,M4,0,200,10,1.079141,6.696e-04,0.000e+00,3.100e-06
42,Mo,M4,0,200,30,1.037216,7.410e-04,0.000e+00,2.904e-06
42,Mo,M4,0,200,100,1.021414,7.495e-04,0.000e+00,2.950e-06
42,Mo,M4,0,50,10,1.003645,6.674e-04,0.000e+00,1.846e-05
42,Mo,M4,0,50,30,0.927283,6.596e-04,0.000e+00,1.848e-05
42,Mo,M4,0,50,100,0.907206,6.860e-04,0.000e+00,1.892e-05
42,Mo,M4,50,150,10,1.104048,6.671e-04,0.000e+00,0.000e+00
42,Mo,M4,50,150,30,1.068421,7.478e-04,0.000e+00,0.000e+00
42,Mo,M4,50,150,100,1.054492,7.452e-04,0.000e+00,0.000e+00
42,Mo,M5,0,100,10,1.070943,6.775e-04,0.000e+00,1.223e-05
42,Mo,M5,0,100,30,1.018214,7.285e-04,0.000e+00,1.187e-05
42,Mo,M5,0,100,100,1.002489,7.341e-04,0.000e+00,1.217e-05
42,Mo,M5,0,200,10,1.078625,6.756e-04,0.000e+00,2.970e-06
42,Mo,M5,0,200,30,1.036603,7.471e-04,0.000e+00,2.768e-06
42,Mo,M5,0,200,100,1.021070,7.555e-04,0.000e+00,2.820e-06
42,Mo,M5,0,50,10,1.002447,6.771e-04,0.000e+00,1.757e-05
42,Mo,M5,0,50,30,0.925948,6.666e-04,0.000e+00,1.751e-05
42,Mo,M5,0,50,100,0.906367,6.939e-04,0.000e+00,1.797e-05
42,Mo,M5,50,150,10,1.103966,6.728e-04,0.000e+00,0.000e+00
42,Mo,M5,50,150,30,1.068322,7.535e-04,0.000e+00,0.000e+00
42,Mo,M5,50,150,100,1.054620,7.515e-04,0.000e+00,0.000e+00
43,Tc,K,0,100,10,1.079390,1.579e-05,0.000e+00,1.217e-04
43,Tc,K,0,100,30,1.075687,1.680e-05,0.000e+00,1.216e-04
43,Tc,K,0,100,100,1.052057,2.273e-05,0.000e+00,1.211e-04
43,Tc,K,0,200,10,1.079388,1.929e-05,0.000e+00,2.700e-05
43,Tc,K,0,200,30,1.075707,1.938e-05,0.000e+00,2.697e-05
43,Tc,K,0,200,100,1.052177,2.464e-05,0.000e+00,2.678e-05
43,Tc,K,0,50,10,1.080033,1.187e-05,0.000e+00,1.214e-04
43,Tc,K,0,50,30,1.076306,1.340e-05,0.000e+00,1.213e-04
43,Tc,K,0,50,100,1.052526,1.986e-05,0.000e+00,1.209e-04
43,Tc,K,50,150,10,1.079074,2.008e-05,0.000e+00,0.000e+00
43,Tc,K,50,150,30,1.075401,2.002e-05,0.000e+00,0.000e+00
43,Tc,K,50,150,100,1.051934,2.514e-05,0.000e+00,0.000e+00
43,Tc,L1,0,100,10,1.025141,1.582e-05,0.000e+00,1.275e-04
43,Tc,L1,0,100,30,0.998891,1.194e-05,0.000e+00,1.242e-04
43,Tc,L1,0,100,100,0.940583,8.975e-05,0.000e+00,1.156e-04
43,Tc,L1,0,200,10,1.025218,3.283e-05,0.000e+00,2.975e-05
43,Tc,L1,0,200,30,0.999154,2.934e-05,0.000e+00,2.874e-05
43,Tc,L1,0,200,100,0.940430,1.070e-04,0.000e+00,2.658e-05
43,Tc,L1,0,50,10,1.025679,5.943e-06,0.000e+00,1.239e-04
43,Tc,L1,0,50,30,0.999038,2.251e-06,0.000e+00,1.212e-04
43,Tc,L1,0,50,100,0.940022,8.127e-05,0.000e+00,1.131e-04
43,Tc,L1,50,150,10,1.024912,3.348e-05,0.000e+00,0.000e+00
43,Tc,L1,50,150,30,0.999040,2.970e-05,0.000e+00,0.000e+00
43,Tc,L1,50,150,100,0.940830,1.065e-04,0.000e+00,0.000e+00
43,Tc,L2,0,100,10,1.078726,3.196e-05,0.000e+00,9.802e-05
43,Tc,L2,0,100,30,1.054514,4.544e-05,0.000e+00,9.657e-05
43,Tc,L2,0,100,100,1.003950,1.185e-04,0.000e+00,9.510e-05
43,Tc,L2,0,200,10,1.079846,5.547e-05,0.000e+00,2.350e-05
43,Tc,L2,0,200,30,1.055707,6.664e-05,0.000e+00,2.285e-05
43,Tc,L2,0,200,100,1.004285,1.369e-04,0.000e+00,2.220e-05
43,Tc,L2,0,50,10,1.073411,2.771e-05,0.000e+00,9.347e-05
43,Tc,L2,0,50,30,1.049341,4.233e-05,0.000e+00,9.275e-05
43,Tc,L2,0,50,100,0.999753,1.161e-04,0.000e+00,9.199e-05
43,Tc,L2,50,150,10,1.083338,5.136e-05,0.000e+00,0.000e+00
43,Tc,L2,50,150,30,1.058986,6.202e-05,0.000e+00,0.000e+00
43,Tc,L2,50,150,100,1.006999,1.327e-04,0.000e+00,0.000e+00
43,Tc,L3,0,100,10,1.081768,3.315e-05,0.000e+00,1.004e-04
43,Tc,L3,0,100,30,1.057460,4.749e-05,0.000e+00,9.885e-05
43,Tc,L3,0,100,100,1.006410,1.246e-04,0.000e+00,9.730e-05
43,Tc,L3,0,200,10,1.082451,5.828e-05,0.000e+00,2.417e-05
43,Tc,L3,0,200,30,1.058203,6.965e-05,0.000e+00,2.348e-05
43,Tc,L3,0,200,100,1.006207,1.408e-04,0.000e+00,2.280e-05
43,Tc,L3,0,50,10,1.077215,2.801e-05,0.000e+00,9.539e-05
43,Tc,L3,0,50,30,1.053052,4.384e-05,0.000e+00,9.463e-05
43,Tc,L3,0,50,100,1.003041,1.228e-04,0.000e+00,9.384e-05
43,Tc,L3,50,150,10,1.085505,5.441e-05,0.000e+00,0.000e+00
43,Tc,L3,50,150,30,1.061053,6.503e-05,0.000e+00,0.000e+00
43,Tc,L3,50,150,100,1.008478,1.372e-04,0.000e+00,0.000e+00
43,Tc,M1,0,100,10,1.077287,3.333e-05,0.000e+00,1.456e-04
43,Tc,M1,0,100,30,0.966926,1.019e-04,0.000e+00,1.259e-04
43,Tc,M1,0,100,100,0.919828,3.987e-04,0.000e+00,1.133e-04
43,Tc,M1,0,200,10,1.078417,7.539e-05,0.000e+00,3.825e-05
43,Tc,M1,0,200,30,0.994047,1.238e-04,0.000e+00,3.112e-05
43,Tc,M1,0,200,100,0.958207,4.925e-04,0.000e+00,2.625e-05
43,Tc,M1,0,50,10,1.079368,1.435e-05,0.000e+00,1.322e-04
43,Tc,M1,0,50,30,0.957060,8.787e-05,0.000e+00,1.200e-04
43,Tc,M1,0,50,100,0.904181,2.989e-04,0.000e+00,1.136e-04
43,Tc,M1,50,150,10,1.073536,8.045e-05,0.000e+00,0.000e+00
43,Tc,M1,50,150,30,0.983141,1.200e-04,0.000e+00,0.000e+00
43,Tc,M1,50,150,100,0.942894,5.345e-04,0.000e+00,0.000e+00
43,Tc,M2,0,100,10,1.147060,4.038e-05,0.000e+00,1.054e-04
43,Tc,M2,0,100,30,1.020071,1.870e-04,0.000e+00,8.630e-05
43,Tc,M2,0,100,100,0.969856,3.296e-04,0.000e+00,8.147e-05
43,Tc,M2,0,200,10,1.140524,8.437e-05,0.000e+00,2.735e-05
43,Tc,M2,0,200,30,1.030788,2.392e-04,0.000e+00,2.100e-05
43,Tc,M2,0,200,100,0.981582,4.187e-04,0.000e+00,1.917e-05
43,Tc,M2,0,50,10,1.145287,2.449e-05,0.000e+00,9.876e-05
43,Tc,M2,0,50,30,0.999063,1.216e-04,0.000e+00,8.800e-05
43,Tc,M2,0,50,100,0.945561,2.382e-04,0.000e+00,8.547e-05
43,Tc,M2,50,150,10,1.143356,7.917e-05,0.000e+00,0.000e+00
43,Tc,M2,50,150,30,1.042786,2.618e-04,0.000e+00,0.000e+00
43,Tc,M2,50,150,100,0.994550,4.387e-04,0.000e+00,0.000e+00
43,Tc,M3,0,100,10,1.139221,5.228e-05,0.000e+00,1.105e-04
43,Tc,M3,0,100,30,1.022211,1.943e-04,0.000e+00,9.172e-05
43,Tc,M3,0,100,100,0.978200,3.253e-04,0.000e+00,8.694e-05
43,Tc,M3,0,200,10,1.132671,9.812e-05,0.000e+00,2.923e-05
43,Tc,M3,0,200,30,1.030737,2.538e-04,0.000e+00,2.282e-05
43,Tc,M3,0,200,100,0.986945,4.203e-04,0.000e+00,2.094e-05
43,Tc,M3,0,50,10,1.137986,3.456e-05,0.000e+00,1.019e-04
43,Tc,M3,0,50,30,1.004172,1.290e-04,0.000e+00,9.163e-05
43,Tc,M3,0,50,100,0.957915,2.307e-04,0.000e+00,8.919e-05
43,Tc,M3,50,150,10,1.134994,9.619e-05,0.000e+00,0.000e+00
43,Tc,M3,50,150,30,1.041804,2.764e-04,0.000e+00,0.000e+00
43,Tc,M3,50,150,100,0.998687,4.449e-04,0.000e+00,0.000e+00
43,Tc,M4,0,100,10,1.039392,5.861e-04,0.000e+00,1.130e-05
43,Tc,M4,0,100,30,0.994989,6.378e-04,0.000e+00,1.102e-05
43,Tc,M4,0,100,100,0.979020,6.510e-04,0.000e+00,1.130e-05
43,Tc,M4,0,200,10,1.062650,5.851e-04,0.000e+00,2.748e-06
43,Tc,M4,0,200,30,1.026057,6.572e-04,0.000e+00,2.577e-06
43,Tc,M4,0,200,100,1.009773,6.694e-04,0.000e+00,2.625e-06
43,Tc,M4,0,50,10,0.939059,7.187e-04,0.000e+00,1.577e-05
43,Tc,M4,0,50,30,0.880986,7.519e-04,0.000e+00,1.576e-05
43,Tc,M4,0,50,100,0.862873,7.455e-04,0.000e+00,1.618e-05
43,Tc,M4,50,150,10,1.102228,5.477e-04,0.000e+00,0.000e+00
43,Tc,M4,50,150,30,1.068532,6.217e-04,0.000e+00,0.000e+00
43,Tc,M4,50,150,100,1.053459,6.341e-04,0.000e+00,0.000e+00
43,Tc,M5,0,100,10,1.038810,5.930e-04,0.000e+00,1.073e-05
43,Tc,M5,0,100,30,0.994312,6.416e-04,0.000e+00,1.041e-05
43,Tc,M5,0,100,100,0.978674,6.576e-04,0.000e+00,1.071e-05
43,Tc,M5,0,200,10,1.062064,5.915e-04,0.000e+00,2.623e-06
43,Tc,M5,0,200,30,1.025375,6.611e-04,0.000e+00,2.445e-06
43,Tc,M5,0,200,100,1.009372,6.758e-04,0.000e+00,2.499e-06
43,Tc,M5,0,50,10,0.937836,7.268e-04,0.000e+00,1.495e-05
43,Tc,M5,0,50,30,0.879563,7.557e-04,0.000e+00,1.486e-05
43,Tc,M5,0,50,100,0.861900,7.536e-04,0.000e+00,1.532e-05
43,Tc,M5,50,150,10,1.102230,5.538e-04,0.000e+00,0.000e+00
43,Tc,M5,50,150,30,1.068490,6.269e-04,0.000e+00,0.000e+00
43,Tc,M5,50,150,100,1.053657,6.400e-04,0.000e+00,0.000e+00
44,Ru,K,0,100,10,1.073270,1.639e-05,0.000e+00,1.169e-04
44,Ru,K,0,100,30,1.069899,1.739e-05,0.000e+00,1.168e-04
44,Ru,K,0,100,100,1.047435,2.260e-05,0.000e+00,1.165e-04
44,Ru,K,0,200,10,1.075074,1.844e-05,0.000e+00,2.584e-05
44,Ru,K,0,200,30,1.071721,1.990e-05,0.000e+00,2.582e-05
44,Ru,K,0,200,100,1.049345,2.475e-05,0.000e+00,2.568e-05
44,Ru,K,0,50,10,1.070573,1.352e-05,0.000e+00,1.172e-04
44,Ru,K,0,50,30,1.067186,1.395e-05,0.000e+00,1.172e-04
44,Ru,K,0,50,100,1.044614,1.940e-05,0.000e+00,1.169e-04
44,Ru,K,50,150,10,1.076416,1.922e-05,0.000e+00,0.000e+00
44,Ru,K,50,150,30,1.073066,2.103e-05,0.000e+00,0.000e+00
44,Ru,K,50,150,100,1.050727,2.587e-05,0.000e+00,0.000e+00
44,Ru,L1,0,100,10,1.016590,1.530e-05,0.000e+00,1.226e-04
44,Ru,L1,0,100,30,0.990489,1.073e-05,0.000e+00,1.205e-04
44,Ru,L1,0,100,100,0.932187,7.278e-05,0.000e+00,1.159e-04
44,Ru,L1,0,200,10,1.018427,3.196e-05,0.000e+00,2.844e-05
44,Ru,L1,0,200,30,0.992554,2.798e-05,0.000e+00,2.775e-05
44,Ru,L1,0,200,100,0.933923,8.864e-05,0.000e+00,2.657e-05
44,Ru,L1,0,50,10,1.013984,5.440e-06,0.000e+00,1.198e-04
44,Ru,L1,0,50,30,0.987560,9.689e-07,0.000e+00,1.182e-04
44,Ru,L1,0,50,100,0.928753,6.499e-05,0.000e+00,1.135e-04
44,Ru,L1,50,150,10,1.019838,3.311e-05,0.000e+00,0.000e+00
44,Ru,L1,50,150,30,0.994089,2.878e-05,0.000e+00,0.000e+00
44,Ru,L1,50,150,100,0.935839,8.843e-05,0.000e+00,0.000e+00
44,Ru,L2,0,100,10,1.062698,2.546e-05,0.000e+00,1.073e-04
44,Ru,L2,0,100,30,1.039438,3.826e-05,0.000e+00,1.058e-04
44,Ru,L2,0,100,100,0.990954,1.023e-04,0.000e+00,1.043e-04
44,Ru,L2,0,200,10,1.068349,4.655e-05,0.000e+00,2.575e-05
44,Ru,L2,0,200,30,1.044993,5.719e-05,0.000e+00,2.507e-05
44,Ru,L2,0,200,100,0.995162,1.208e-04,0.000e+00,2.438e-05
44,Ru,L2,0,50,10,1.052167,2.680e-05,0.000e+00,1.018e-04
44,Ru,L2,0,50,30,1.029219,4.033e-05,0.000e+00,1.011e-04
44,Ru,L2,0,50,100,0.982289,1.011e-04,0.000e+00,1.003e-04
44,Ru,L2,50,150,10,1.075056,3.932e-05,0.000e+00,0.000e+00
44,Ru,L2,50,150,30,1.051283,4.970e-05,0.000e+00,0.000e+00
44,Ru,L2,50,150,100,1.000414,1.156e-04,0.000e+00,0.000e+00
44,Ru,L3,0,100,10,1.066592,2.612e-05,0.000e+00,1.115e-04
44,Ru,L3,0,100,30,1.043188,3.961e-05,0.000e+00,1.098e-04
44,Ru,L3,0,100,100,0.994161,1.144e-04,0.000e+00,1.082e-04
44,Ru,L3,0,200,10,1.071401,4.901e-05,0.000e+00,2.688e-05
44,Ru,L3,0,200,30,1.047894,5.964e-05,0.000e+00,2.614e-05
44,Ru,L3,0,200,100,0.997435,1.321e-04,0.000e+00,2.541e-05
44,Ru,L3,0,50,10,1.057564,2.645e-05,0.000e+00,1.053e-04
44,Ru,L3,0,50,30,1.034466,4.082e-05,0.000e+00,1.045e-04
44,Ru,L3,0,50,100,0.987038,1.142e-04,0.000e+00,1.037e-04
44,Ru,L3,50,150,10,1.077233,4.198e-05,0.000e+00,0.000e+00
44,Ru,L3,50,150,30,1.053331,5.220e-05,0.000e+00,0.000e+00
44,Ru,L3,50,150,100,1.001838,1.267e-04,0.000e+00,0.000e+00
44,Ru,M1,0,100,10,1.056920,3.215e-05,0.000e+00,1.396e-04
44,Ru,M1,0,100,30,0.954691,1.038e-04,0.000e+00,1.233e-04
44,Ru,M1,0,100,100,0.910505,3.882e-04,0.000e+00,1.105e-04
44,Ru,M1,0,200,10,1.058871,7.343e-05,0.000e+00,3.634e-05
44,Ru,M1,0,200,30,0.975216,1.228e-04,0.000e+00,3.044e-05
44,Ru,M1,0,200,100,0.939805,4.995e-04,0.000e+00,2.556e-05
44,Ru,M1,0,50,10,1.055553,1.253e-05,0.000e+00,1.279e-04
44,Ru,M1,0,50,30,0.943540,8.011e-05,0.000e+00,1.185e-04
44,Ru,M1,0,50,100,0.893021,2.372e-04,0.000e+00,1.126e-04
44,Ru,M1,50,150,10,1.057254,7.849e-05,0.000e+00,0.000e+00
44,Ru,M1,50,150,30,0.968894,1.269e-04,0.000e+00,0.000e+00
44,Ru,M1,50,150,100,0.930129,5.565e-04,0.000e+00,0.000e+00
44,Ru,M2,0,100,10,1.131795,4.768e-05,0.000e+00,1.138e-04
44,Ru,M2,0,100,30,1.018242,1.955e-04,0.000e+00,9.390e-05
44,Ru,M2,0,100,100,0.968142,3.472e-04,0.000e+00,8.820e-05
44,Ru,M2,0,200,10,1.126605,8.396e-05,0.000e+00,2.942e-05
44,Ru,M2,0,200,30,1.025412,2.366e-04,0.000e+00,2.274e-05
44,Ru,M2,0,200,100,0.976220,4.122e-04,0.000e+00,2.060e-05
44,Ru,M2,0,50,10,1.128614,2.087e-05,0.000e+00,1.065e-04
44,Ru,M2,0,50,30,1.000414,6.746e-05,0.000e+00,9.638e-05
44,Ru,M2,0,50,100,0.946336,1.820e-04,0.000e+00,9.368e-05
44,Ru,M2,50,150,10,1.130208,8.267e-05,0.000e+00,0.000e+00
44,Ru,M2,50,150,30,1.035316,2.834e-04,0.000e+00,0.000e+00
44,Ru,M2,50,150,100,0.987483,4.641e-04,0.000e+00,0.000e+00
44,Ru,M3,0,100,10,1.122824,5.794e-05,0.000e+00,1.205e-04
44,Ru,M3,0,100,30,1.018706,2.091e-04,0.000e+00,1.009e-04
44,Ru,M3,0,100,100,0.975232,3.418e-04,0.000e+00,9.527e-05
44,Ru,M3,0,200,10,1.117587,9.741e-05,0.000e+00,3.181e-05
44,Ru,M3,0,200,30,1.024077,2.533e-04,0.000e+00,2.500e-05
44,Ru,M3,0,200,100,0.980651,4.151e-04,0.000e+00,2.281e-05
44,Ru,M3,0,50,10,1.120568,3.021e-05,0.000e+00,1.110e-04
44,Ru,M3,0,50,30,1.003826,9.206e-05,0.000e+00,1.013e-04
44,Ru,M3,0,50,100,0.957659,1.794e-04,0.000e+00,9.868e-05
44,Ru,M3,50,150,10,1.120459,9.939e-05,0.000e+00,0.000e+00
44,Ru,M3,50,150,30,1.032989,2.994e-04,0.000e+00,0.000e+00
44,Ru,M3,50,150,100,0.990552,4.688e-04,0.000e+00,0.000e+00
44,Ru,M4,0,100,10,1.067895,7.965e-04,0.000e+00,1.060e-05
44,Ru,M4,0,100,30,1.018962,8.445e-04,0.000e+00,1.033e-05
44,Ru,M4,0,100,100,0.999745,8.380e-04,0.000e+00,1.061e-05
44,Ru,M4,0,200,10,1.071876,7.043e-04,0.000e+00,2.476e-06
44,Ru,M4,0,200,30,1.033410,7.608e-04,0.000e+00,2.323e-06
44,Ru,M4,0,200,100,1.015336,7.664e-04,0.000e+00,2.368e-06
44,Ru,M4,0,50,10,0.992321,8.066e-04,0.000e+00,1.686e-05
44,Ru,M4,0,50,30,0.917280,7.816e-04,0.000e+00,1.682e-05
44,Ru,M4,0,50,100,0.891371,7.837e-04,0.000e+00,1.730e-05
44,Ru,M4,50,150,10,1.095619,7.040e-04,0.000e+00,0.000e+00
44,Ru,M4,50,150,30,1.063128,7.690e-04,0.000e+00,0.000e+00
44,Ru,M4,50,150,100,1.047572,7.746e-04,0.000e+00,0.000e+00
44,Ru,M5,0,100,10,1.067031,8.031e-04,0.000e+00,9.963e-06
44,Ru,M5,0,100,30,1.017940,8.499e-04,0.000e+00,9.648e-06
44,Ru,M5,0,100,100,0.999102,8.449e-04,0.000e+00,9.949e-06
44,Ru,M5,0,200,10,1.071141,7.115e-04,0.000e+00,2.337e-06
44,Ru,M5,0,200,30,1.032543,7.687e-04,0.000e+00,2.179e-06
44,Ru,M5,0,200,100,1.014771,7.740e-04,0.000e+00,2.231e-06
44,Ru,M5,0,50,10,0.990336,8.147e-04,0.000e+00,1.584e-05
44,Ru,M5,0,50,30,0.914927,7.956e-04,0.000e+00,1.572e-05
44,Ru,M5,0,50,100,0.889604,7.929e-04,0.000e+00,1.623e-05
44,Ru,M5,50,150,10,1.095349,7.111e-04,0.000e+00,0.000e+00
44,Ru,M5,50,150,30,1.062826,7.736e-04,0.000e+00,0.000e+00
44,Ru,M5,50,150,100,1.047533,7.821e-04,0.000e+00,0.000e+00
45,Rh,K,0,100,10,1.071917,1.846e-05,0.000e+00,1.161e-04
45,Rh,K,0,100,30,1.068785,1.752e-05,0.000e+00,1.160e-04
45,Rh,K,0,100,100,1.047116,2.240e-05,0.000e+00,1.156e-04
45,Rh,K,0,200,10,1.074208,2.151e-05,0.000e+00,2.562e-05
45,Rh,K,0,200,30,1.071093,2.029e-05,0.000e+00,2.559e-05
45,Rh,K,0,200,100,1.049529,2.485e-05,0.000e+00,2.546e-05
45,Rh,K,0,50,10,1.068485,1.381e-05,0.000e+00,1.166e-04
45,Rh,K,0,50,30,1.065334,1.339e-05,0.000e+00,1.166e-04
45,Rh,K,0,50,100,1.043530,1.859e-05,0.000e+00,1.162e-04
45,Rh,K,50,150,10,1.075902,2.339e-05,0.000e+00,0.000e+00
45,Rh,K,50,150,30,1.072793,2.180e-05,0.000e+00,0.000e+00
45,Rh,K,50,150,100,1.051279,2.625e-05,0.000e+00,0.000e+00
45,Rh,L1,0,100,10,1.013773,1.483e-05,0.000e+00,1.214e-04
45,Rh,L1,0,100,30,0.987863,1.046e-05,0.000e+00,1.189e-04
45,Rh,L1,0,100,100,0.928567,7.678e-05,0.000e+00,1.127e-04
45,Rh,L1,0,200,10,1.016108,3.108e-05,0.000e+00,2.804e-05
45,Rh,L1,0,200,30,0.990552,2.711e-05,0.000e+00,2.728e-05
45,Rh,L1,0,200,100,0.931416,8.426e-05,0.000e+00,2.573e-05
45,Rh,L1,0,50,10,1.010421,4.630e-06,0.000e+00,1.190e-04
45,Rh,L1,0,50,30,0.983956,4.731e-07,0.000e+00,1.170e-04
45,Rh,L1,0,50,100,0.923228,7.190e-05,0.000e+00,1.109e-04
45,Rh,L1,50,150,10,1.017908,3.260e-05,0.000e+00,0.000e+00
45,Rh,L1,50,150,30,0.992596,2.831e-05,0.000e+00,0.000e+00
45,Rh,L1,50,150,100,0.934340,8.387e-05,0.000e+00,0.000e+00
45,Rh,L2,0,100,10,1.055320,2.603e-05,0.000e+00,9.918e-05
45,Rh,L2,0,100,30,1.032569,3.780e-05,0.000e+00,9.780e-05
45,Rh,L2,0,100,100,0.984448,9.123e-05,0.000e+00,9.631e-05
45,Rh,L2,0,200,10,1.063982,4.416e-05,0.000e+00,2.365e-05
45,Rh,L2,0,200,30,1.041078,5.376e-05,0.000e+00,2.304e-05
45,Rh,L2,0,200,100,0.991504,1.063e-04,0.000e+00,2.239e-05
45,Rh,L2,0,50,10,1.040010,2.950e-05,0.000e+00,9.484e-05
45,Rh,L2,0,50,30,1.017622,4.160e-05,0.000e+00,9.417e-05
45,Rh,L2,0,50,100,0.971138,9.287e-05,0.000e+00,9.342e-05
45,Rh,L2,50,150,10,1.073531,3.646e-05,0.000e+00,0.000e+00
45,Rh,L2,50,150,30,1.050109,4.600e-05,0.000e+00,0.000e+00
45,Rh,L2,50,150,100,0.999368,1.004e-04,0.000e+00,0.000e+00
45,Rh,L3,0,100,10,1.059662,2.674e-05,0.000e+00,1.036e-04
45,Rh,L3,0,100,30,1.036740,3.924e-05,0.000e+00,1.021e-04
45,Rh,L3,0,100,100,0.987978,1.036e-04,0.000e+00,1.005e-04
45,Rh,L3,0,200,10,1.067330,4.653e-05,0.000e+00,2.484e-05
45,Rh,L3,0,200,30,1.044247,5.650e-05,0.000e+00,2.417e-05
45,Rh,L3,0,200,100,0.993954,1.205e-04,0.000e+00,2.347e-05
45,Rh,L3,0,50,10,1.046122,2.928e-05,0.000e+00,9.851e-05
45,Rh,L3,0,50,30,1.023557,4.215e-05,0.000e+00,9.779e-05
45,Rh,L3,0,50,100,0.976480,1.025e-04,0.000e+00,9.700e-05
45,Rh,L3,50,150,10,1.075891,3.896e-05,0.000e+00,0.000e+00
45,Rh,L3,50,150,30,1.052308,4.879e-05,0.000e+00,0.000e+00
45,Rh,L3,50,150,100,1.000842,1.153e-04,0.000e+00,0.000e+00
45,Rh,M1,0,100,10,1.046617,2.963e-05,0.000e+00,1.371e-04
45,Rh,M1,0,100,30,0.949815,9.048e-05,0.000e+00,1.206e-04
45,Rh,M1,0,100,100,0.905432,3.733e-04,0.000e+00,1.068e-04
45,Rh,M1,0,200,10,1.049636,7.000e-05,0.000e+00,3.539e-05
45,Rh,M1,0,200,30,0.970511,1.117e-04,0.000e+00,2.961e-05
45,Rh,M1,0,200,100,0.935323,4.804e-04,0.000e+00,2.453e-05
45,Rh,M1,0,50,10,1.044727,9.899e-06,0.000e+00,1.262e-04
45,Rh,M1,0,50,30,0.939920,6.325e-05,0.000e+00,1.162e-04
45,Rh,M1,0,50,100,0.888439,2.007e-04,0.000e+00,1.097e-04
45,Rh,M1,50,150,10,1.048382,7.483e-05,0.000e+00,0.000e+00
45,Rh,M1,50,150,30,0.963826,1.146e-04,0.000e+00,0.000e+00
45,Rh,M1,50,150,100,0.925502,5.419e-04,0.000e+00,0.000e+00
45,Rh,M2,0,100,10,1.118493,5.095e-05,0.000e+00,1.068e-04
45,Rh,M2,0,100,30,1.012897,1.982e-04,0.000e+00,8.817e-05
45,Rh,M2,0,100,100,0.961682,3.653e-04,0.000e+00,8.214e-05
45,Rh,M2,0,200,10,1.116553,8.119e-05,0.000e+00,2.741e-05
45,Rh,M2,0,200,30,1.021376,2.288e-04,0.000e+00,2.124e-05
45,Rh,M2,0,200,100,0.971085,4.168e-04,0.000e+00,1.906e-05
45,Rh,M2,0,50,10,1.110156,2.089e-05,0.000e+00,1.007e-04
45,Rh,M2,0,50,30,0.990379,5.816e-05,0.000e+00,9.151e-05
45,Rh,M2,0,50,100,0.934255,1.699e-04,0.000e+00,8.867e-05
45,Rh,M2,50,150,10,1.123450,8.238e-05,0.000e+00,0.000e+00
45,Rh,M2,50,150,30,1.033647,2.796e-04,0.000e+00,0.000e+00
45,Rh,M2,50,150,100,0.984870,4.870e-04,0.000e+00,0.000e+00
45,Rh,M3,0,100,10,1.109567,6.074e-05,0.000e+00,1.135e-04
45,Rh,M3,0,100,30,1.012857,2.123e-04,0.000e+00,9.513e-05
45,Rh,M3,0,100,100,0.968450,3.562e-04,0.000e+00,8.917e-05
45,Rh,M3,0,200,10,1.107376,9.438e-05,0.000e+00,2.974e-05
45,Rh,M3,0,200,30,1.019601,2.451e-04,0.000e+00,2.344e-05
45,Rh,M3,0,200,100,0.975265,4.102e-04,0.000e+00,2.121e-05
45,Rh,M3,0,50,10,1.102541,3.083e-05,0.000e+00,1.053e-04
45,Rh,M3,0,50,30,0.993541,7.448e-05,0.000e+00,9.645e-05
45,Rh,M3,0,50,100,0.945667,1.731e-04,0.000e+00,9.374e-05
45,Rh,M3,50,150,10,1.113484,9.784e-05,0.000e+00,0.000e+00
45,Rh,M3,50,150,30,1.030899,3.013e-04,0.000e+00,0.000e+00
45,Rh,M3,50,150,100,0.987674,4.783e-04,0.000e+00,0.000e+00
45,Rh,M4,0,100,10,1.069217,8.833e-04,0.000e+00,9.775e-06
45,Rh,M4,0,100,30,1.021371,9.063e-04,0.000e+00,9.514e-06
45,Rh,M4,0,100,100,1.000525,9.162e-04,0.000e+00,9.790e-06
45,Rh,M4,0,200,10,1.071292,7.321e-04,0.000e+00,2.244e-06
45,Rh,M4,0,200,30,1.033792,7.750e-04,0.000e+00,2.106e-06
45,Rh,M4,0,200,100,1.014560,7.871e-04,0.000e+00,2.150e-06
45,Rh,M4,0,50,10,0.984790,8.590e-04,0.000e+00,1.659e-05
45,Rh,M4,0,50,30,0.909349,8.050e-04,0.000e+00,1.652e-05
45,Rh,M4,0,50,100,0.880160,8.188e-04,0.000e+00,1.703e-05
45,Rh,M4,50,150,10,1.095677,7.466e-04,0.000e+00,0.000e+00
45,Rh,M4,50,150,30,1.063993,8.085e-04,0.000e+00,0.000e+00
45,Rh,M4,50,150,100,1.047596,8.120e-04,0.000e+00,0.000e+00
45,Rh,M5,0,100,10,1.068200,8.896e-04,0.000e+00,9.121e-06
45,Rh,M5,0,100,30,1.020151,9.160e-04,0.000e+00,8.819e-06
45,Rh,M5,0,100,100,0.999693,9.236e-04,0.000e+00,9.118e-06
45,Rh,M5,0,200,10,1.070467,7.400e-04,0.000e+00,2.102e-06
45,Rh,M5,0,200,30,1.032816,7.841e-04,0.000e+00,1.959e-06
45,Rh,M5,0,200,100,1.013897,7.950e-04,0.000e+00,2.010e-06
45,Rh,M5,0,50,10,0.982355,8.680e-04,0.000e+00,1.548e-05
45,Rh,M5,0,50,30,0.906390,8.104e-04,0.000e+00,1.533e-05
45,Rh,M5,0,50,100,0.877835,8.277e-04,0.000e+00,1.587e-05
45,Rh,M5,50,150,10,1.095337,7.542e-04,0.000e+00,0.000e+00
45,Rh,M5,50,150,30,1.063618,8.175e-04,0.000e+00,0.000e+00
45,Rh,M5,50,150,100,1.047494,8.197e-04,0.000e+00,0.000e+00
46,Pd,K,0,100,10,1.066700,1.726e-05,0.000e+00,1.090e-04
46,Pd,K,0,100,30,1.063819,1.941e-05,0.000e+00,1.089e-04
46,Pd,K,0,100,100,1.043098,2.414e-05,0.000e+00,1.088e-04
46,Pd,K,0,200,10,1.070443,2.034e-05,0.000e+00,2.392e-05
46,Pd,K,0,200,30,1.067589,2.229e-05,0.000e+00,2.390e-05
46,Pd,K,0,200,100,1.047033,2.665e-05,0.000e+00,2.383e-05
46,Pd,K,0,50,10,1.060461,1.262e-05,0.000e+00,1.103e-04
46,Pd,K,0,50,30,1.057550,1.444e-05,0.000e+00,1.103e-04
46,Pd,K,0,50,100,1.036621,1.940e-05,0.000e+00,1.102e-04
46,Pd,K,50,150,10,1.073500,2.194e-05,0.000e+00,0.000e+00
46,Pd,K,50,150,30,1.070656,2.431e-05,0.000e+00,0.000e+00
46,Pd,K,50,150,100,1.050182,2.867e-05,0.000e+00,0.000e+00
46,Pd,L1,0,100,10,1.005961,1.551e-05,0.000e+00,1.142e-04
46,Pd,L1,0,100,30,0.979713,9.828e-06,0.000e+00,1.135e-04
46,Pd,L1,0,100,100,0.918584,8.052e-05,0.000e+00,1.136e-04
46,Pd,L1,0,200,10,1.009738,3.158e-05,0.000e+00,2.621e-05
46,Pd,L1,0,200,30,0.984148,2.667e-05,0.000e+00,2.589e-05
46,Pd,L1,0,200,100,0.924149,9.079e-05,0.000e+00,2.587e-05
46,Pd,L1,0,50,10,0.999954,4.259e-06,0.000e+00,1.129e-04
46,Pd,L1,0,50,30,0.972758,1.959e-06,0.000e+00,1.124e-04
46,Pd,L1,0,50,100,0.908867,7.241e-05,0.000e+00,1.121e-04
46,Pd,L1,50,150,10,1.012932,3.376e-05,0.000e+00,0.000e+00
46,Pd,L1,50,150,30,0.987783,2.890e-05,0.000e+00,0.000e+00
46,Pd,L1,50,150,100,0.929422,9.178e-05,0.000e+00,0.000e+00
46,Pd,L2,0,100,10,1.029164,1.529e-05,0.000e+00,1.135e-04
46,Pd,L2,0,100,30,1.007798,2.674e-05,0.000e+00,1.120e-04
46,Pd,L2,0,100,100,0.962908,8.107e-05,0.000e+00,1.104e-04
46,Pd,L2,0,200,10,1.046578,3.308e-05,0.000e+00,2.712e-05
46,Pd,L2,0,200,30,1.024801,4.271e-05,0.000e+00,2.645e-05
46,Pd,L2,0,200,100,0.977614,9.190e-05,0.000e+00,2.574e-05
46,Pd,L2,0,50,10,1.002428,2.080e-05,0.000e+00,1.078e-04
46,Pd,L2,0,50,30,0.981691,3.194e-05,0.000e+00,1.071e-04
46,Pd,L2,0,50,100,0.939400,8.764e-05,0.000e+00,1.063e-04
46,Pd,L2,50,150,10,1.063910,2.267e-05,0.000e+00,0.000e+00
46,Pd,L2,50,150,30,1.041217,3.270e-05,0.000e+00,0.000e+00
46,Pd,L2,50,150,100,0.991937,8.102e-05,0.000e+00,0.000e+00
46,Pd,L3,0,100,10,1.034702,1.526e-05,0.000e+00,1.217e-04
46,Pd,L3,0,100,30,1.013127,2.702e-05,0.000e+00,1.200e-04
46,Pd,L3,0,100,100,0.967572,8.199e-05,0.000e+00,1.182e-04
46,Pd,L3,0,200,10,1.050535,3.496e-05,0.000e+00,2.927e-05
46,Pd,L3,0,200,30,1.028538,4.441e-05,0.000e+00,2.852e-05
46,Pd,L3,0,200,100,0.980593,9.860e-05,0.000e+00,2.773e-05
46,Pd,L3,0,50,10,1.010794,1.965e-05,0.000e+00,1.146e-04
46,Pd,L3,0,50,30,0.989825,3.130e-05,0.000e+00,1.139e-04
46,Pd,L3,0,50,100,0.946917,8.262e-05,0.000e+00,1.131e-04
46,Pd,L3,50,150,10,1.066280,2.477e-05,0.000e+00,0.000e+00
46,Pd,L3,50,150,30,1.043396,3.446e-05,0.000e+00,0.000e+00
46,Pd,L3,50,150,100,0.993348,9.128e-05,0.000e+00,0.000e+00
46,Pd,M1,0,100,10,1.027619,2.911e-05,0.000e+00,1.291e-04
46,Pd,M1,0,100,30,0.935527,1.050e-04,0.000e+00,1.178e-04
46,Pd,M1,0,100,100,0.895045,3.669e-04,0.000e+00,1.044e-04
46,Pd,M1,0,200,10,1.032855,6.943e-05,0.000e+00,3.296e-05
46,Pd,M1,0,200,30,0.957058,1.143e-04,0.000e+00,2.866e-05
46,Pd,M1,0,200,100,0.925043,4.670e-04,0.000e+00,2.366e-05
46,Pd,M1,0,50,10,1.022030,6.811e-06,0.000e+00,1.202e-04
46,Pd,M1,0,50,30,0.920672,5.595e-05,0.000e+00,1.148e-04
46,Pd,M1,0,50,100,0.870551,1.200e-04,0.000e+00,1.096e-04
46,Pd,M1,50,150,10,1.033908,7.550e-05,0.000e+00,0.000e+00
46,Pd,M1,50,150,30,0.952946,1.267e-04,0.000e+00,0.000e+00
46,Pd,M1,50,150,100,0.918025,5.599e-04,0.000e+00,0.000e+00
46,Pd,M2,0,100,10,1.094757,5.483e-05,0.000e+00,1.196e-04
46,Pd,M2,0,100,30,1.005088,2.219e-04,0.000e+00,9.977e-05
46,Pd,M2,0,100,100,0.956318,3.875e-04,0.000e+00,9.256e-05
46,Pd,M2,0,200,10,1.097843,7.928e-05,0.000e+00,3.063e-05
46,Pd,M2,0,200,30,1.012632,2.359e-04,0.000e+00,2.390e-05
46,Pd,M2,0,200,100,0.963808,4.366e-04,0.000e+00,2.129e-05
46,Pd,M2,0,50,10,1.077884,5.320e-06,0.000e+00,1.126e-04
46,Pd,M2,0,50,30,0.977661,2.524e-06,0.000e+00,1.041e-04
46,Pd,M2,0,50,100,0.923473,5.883e-05,0.000e+00,1.013e-04
46,Pd,M2,50,150,10,1.110456,9.152e-05,0.000e+00,0.000e+00
46,Pd,M2,50,150,30,1.027344,3.298e-04,0.000e+00,0.000e+00
46,Pd,M2,50,150,100,0.979911,5.656e-04,0.000e+00,0.000e+00
46,Pd,M3,0,100,10,1.085131,6.292e-05,0.000e+00,1.300e-04
46,Pd,M3,0,100,30,1.003384,2.266e-04,0.000e+00,1.100e-04
46,Pd,M3,0,100,100,0.961638,3.753e-04,0.000e+00,1.028e-04
46,Pd,M3,0,200,10,1.087642,9.224e-05,0.000e+00,3.401e-05
46,Pd,M3,0,200,30,1.009509,2.476e-04,0.000e+00,2.700e-05
46,Pd,M3,0,200,100,0.966894,4.255e-04,0.000e+00,2.429e-05
46,Pd,M3,0,50,10,1.070622,1.547e-05,0.000e+00,1.201e-04
46,Pd,M3,0,50,30,0.979801,1.648e-05,0.000e+00,1.118e-04
46,Pd,M3,0,50,100,0.934246,7.342e-05,0.000e+00,1.091e-04
46,Pd,M3,50,150,10,1.099059,1.058e-04,0.000e+00,0.000e+00
46,Pd,M3,50,150,30,1.023077,3.400e-04,0.000e+00,0.000e+00
46,Pd,M3,50,150,100,0.981436,5.516e-04,0.000e+00,0.000e+00
46,Pd,M4,0,100,10,1.110730,1.229e-03,0.000e+00,9.100e-06
46,Pd,M4,0,100,30,1.056068,1.224e-03,0.000e+00,8.855e-06
46,Pd,M4,0,100,100,1.030409,1.223e-03,0.000e+00,9.124e-06
46,Pd,M4,0,200,10,1.083477,9.096e-04,0.000e+00,1.993e-06
46,Pd,M4,0,200,30,1.043636,9.356e-04,0.000e+00,1.873e-06
46,Pd,M4,0,200,100,1.022277,9.385e-04,0.000e+00,1.915e-06
46,Pd,M4,0,50,10,1.060565,6.369e-04,0.000e+00,1.859e-05
46,Pd,M4,0,50,30,0.951870,5.621e-04,0.000e+00,1.851e-05
46,Pd,M4,0,50,100,0.906950,5.651e-04,0.000e+00,1.909e-05
46,Pd,M4,50,150,10,1.098777,1.044e-03,0.000e+00,0.000e+00
46,Pd,M4,50,150,30,1.067489,1.078e-03,0.000e+00,0.000e+00
46,Pd,M4,50,150,100,1.050412,1.084e-03,0.000e+00,0.000e+00
46,Pd,M5,0,100,10,1.109387,1.237e-03,0.000e+00,8.396e-06
46,Pd,M5,0,100,30,1.054363,1.228e-03,0.000e+00,8.114e-06
46,Pd,M5,0,100,100,1.029134,1.231e-03,0.000e+00,8.408e-06
46,Pd,M5,0,200,10,1.082485,9.199e-04,0.000e+00,1.845e-06
46,Pd,M5,0,200,30,1.042422,9.452e-04,0.000e+00,1.721e-06
46,Pd,M5,0,200,100,1.021391,9.485e-04,0.000e+00,1.770e-06
46,Pd,M5,0,50,10,1.056807,6.508e-04,0.000e+00,1.719e-05
46,Pd,M5,0,50,30,0.947009,5.701e-04,0.000e+00,1.701e-05
46,Pd,M5,0,50,100,0.902947,5.749e-04,0.000e+00,1.764e-05
46,Pd,M5,50,150,10,1.098232,1.053e-03,0.000e+00,0.000e+00
46,Pd,M5,50,150,30,1.066911,1.088e-03,0.000e+00,0.000e+00
46,Pd,M5,50,150,100,1.050122,1.094e-03,0.000e+00,0.000e+00
47,Ag,K,0,100,10,1.068942,1.981e-05,0.000e+00,1.142e-04
47,Ag,K,0,100,30,1.066205,1.819e-05,0.000e+00,1.141e-04
47,Ag,K,0,100,100,1.046075,2.237e-05,0.000e+00,1.137e-04
47,Ag,K,0,200,10,1.072437,2.260e-05,0.000e+00,2.510e-05
47,Ag,K,0,200,30,1.069724,2.140e-05,0.000e+00,2.508e-05
47,Ag,K,0,200,100,1.049720,2.515e-05,0.000e+00,2.494e-05
47,Ag,K,0,50,10,1.063670,1.437e-05,0.000e+00,1.151e-04
47,Ag,K,0,50,30,1.060908,1.285e-05,0.000e+00,1.151e-04
47,Ag,K,0,50,100,1.040608,1.746e-05,0.000e+00,1.147e-04
47,Ag,K,50,150,10,1.074985,2.508e-05,0.000e+00,0.000e+00
47,Ag,K,50,150,30,1.072278,2.358e-05,0.000e+00,0.000e+00
47,Ag,K,50,150,100,1.052340,2.720e-05,0.000e+00,0.000e+00
47,Ag,L1,0,100,10,1.007665,1.438e-05,0.000e+00,1.187e-04
47,Ag,L1,0,100,30,0.982263,1.065e-05,0.000e+00,1.158e-04
47,Ag,L1,0,100,100,0.921339,7.562e-05,0.000e+00,1.069e-04
47,Ag,L1,0,200,10,1.011187,2.986e-05,0.000e+00,2.722e-05
47,Ag,L1,0,200,30,0.986338,2.610e-05,0.000e+00,2.638e-05
47,Ag,L1,0,200,100,0.926477,8.663e-05,0.000e+00,2.424e-05
47,Ag,L1,0,50,10,1.002509,3.577e-06,0.000e+00,1.170e-04
47,Ag,L1,0,50,30,0.976197,7.999e-08,0.000e+00,1.146e-04
47,Ag,L1,0,50,100,0.912124,6.504e-05,0.000e+00,1.062e-04
47,Ag,L1,50,150,10,1.013888,3.190e-05,0.000e+00,0.000e+00
47,Ag,L1,50,150,30,0.989459,2.785e-05,0.000e+00,0.000e+00
47,Ag,L1,50,150,100,0.931375,8.884e-05,0.000e+00,0.000e+00
47,Ag,L2,0,100,10,1.040840,2.868e-05,0.000e+00,8.524e-05
47,Ag,L2,0,100,30,1.019101,3.892e-05,0.000e+00,8.410e-05
47,Ag,L2,0,100,100,0.971872,1.044e-04,0.000e+00,8.270e-05
47,Ag,L2,0,200,10,1.055379,4.097e-05,0.000e+00,2.007e-05
47,Ag,L2,0,200,30,1.033382,4.942e-05,0.000e+00,1.958e-05
47,Ag,L2,0,200,100,0.984516,1.090e-04,0.000e+00,1.901e-05
47,Ag,L2,0,50,10,1.016472,3.557e-05,0.000e+00,8.288e-05
47,Ag,L2,0,50,30,0.995162,4.522e-05,0.000e+00,8.231e-05
47,Ag,L2,0,50,100,0.949625,1.082e-04,0.000e+00,8.158e-05
47,Ag,L2,50,150,10,1.070045,3.294e-05,0.000e+00,0.000e+00
47,Ag,L2,50,150,30,1.047379,4.196e-05,0.000e+00,0.000e+00
47,Ag,L2,50,150,100,0.997177,1.045e-04,0.000e+00,0.000e+00
47,Ag,L3,0,100,10,1.046119,2.874e-05,0.000e+00,9.006e-05
47,Ag,L3,0,100,30,1.024150,3.942e-05,0.000e+00,8.880e-05
47,Ag,L3,0,100,100,0.976115,9.603e-05,0.000e+00,8.728e-05
47,Ag,L3,0,200,10,1.059344,4.288e-05,0.000e+00,2.134e-05
47,Ag,L3,0,200,30,1.037107,5.152e-05,0.000e+00,2.079e-05
47,Ag,L3,0,200,100,0.987338,1.022e-04,0.000e+00,2.017e-05
47,Ag,L3,0,50,10,1.024084,3.470e-05,0.000e+00,8.696e-05
47,Ag,L3,0,50,30,1.002528,4.471e-05,0.000e+00,8.634e-05
47,Ag,L3,0,50,100,0.956239,1.017e-04,0.000e+00,8.557e-05
47,Ag,L3,50,150,10,1.072806,3.483e-05,0.000e+00,0.000e+00
47,Ag,L3,50,150,30,1.049920,4.402e-05,0.000e+00,0.000e+00
47,Ag,L3,50,150,100,0.998801,9.469e-05,0.000e+00,0.000e+00
47,Ag,M1,0,100,10,1.025958,2.661e-05,0.000e+00,1.324e-04
47,Ag,M1,0,100,30,0.935436,9.898e-05,0.000e+00,1.160e-04
47,Ag,M1,0,100,100,0.890258,3.571e-04,0.000e+00,1.005e-04
47,Ag,M1,0,200,10,1.029716,6.524e-05,0.000e+00,3.365e-05
47,Ag,M1,0,200,30,0.951155,1.034e-04,0.000e+00,2.829e-05
47,Ag,M1,0,200,100,0.913233,4.278e-04,0.000e+00,2.293e-05
47,Ag,M1,0,50,10,1.020855,5.901e-06,0.000e+00,1.234e-04
47,Ag,M1,0,50,30,0.919555,5.945e-05,0.000e+00,1.134e-04
47,Ag,M1,0,50,100,0.862076,1.461e-04,0.000e+00,1.066e-04
47,Ag,M1,50,150,10,1.031880,7.027e-05,0.000e+00,0.000e+00
47,Ag,M1,50,150,30,0.954064,1.146e-04,0.000e+00,0.000e+00
47,Ag,M1,50,150,100,0.917299,5.037e-04,0.000e+00,0.000e+00
47,Ag,M2,0,100,10,1.094097,5.984e-05,0.000e+00,9.419e-05
47,Ag,M2,0,100,30,1.002094,2.264e-04,0.000e+00,7.800e-05
47,Ag,M2,0,100,100,0.949145,4.025e-04,0.000e+00,7.147e-05
47,Ag,M2,0,200,10,1.098383,7.780e-05,0.000e+00,2.381e-05
47,Ag,M2,0,200,30,1.013623,2.247e-04,0.000e+00,1.854e-05
47,Ag,M2,0,200,100,0.961562,4.268e-04,0.000e+00,1.632e-05
47,Ag,M2,0,50,10,1.075755,1.895e-05,0.000e+00,9.048e-05
47,Ag,M2,0,50,30,0.969038,3.328e-05,0.000e+00,8.313e-05
47,Ag,M2,0,50,100,0.908552,1.097e-04,0.000e+00,8.027e-05
47,Ag,M2,50,150,10,1.111403,8.635e-05,0.000e+00,0.000e+00
47,Ag,M2,50,150,30,1.030933,3.042e-04,0.000e+00,0.000e+00
47,Ag,M2,50,150,100,0.980846,5.355e-04,0.000e+00,0.000e+00
47,Ag,M3,0,100,10,1.085325,6.782e-05,0.000e+00,1.009e-04
47,Ag,M3,0,100,30,1.001253,2.322e-04,0.000e+00,8.490e-05
47,Ag,M3,0,100,100,0.955429,3.937e-04,0.000e+00,7.847e-05
47,Ag,M3,0,200,10,1.088933,9.101e-05,0.000e+00,2.604e-05
47,Ag,M3,0,200,30,1.011076,2.339e-04,0.000e+00,2.065e-05
47,Ag,M3,0,200,100,0.965326,4.264e-04,0.000e+00,1.837e-05
47,Ag,M3,0,50,10,1.069132,2.801e-05,0.000e+00,9.522e-05
47,Ag,M3,0,50,30,0.972253,6.222e-05,0.000e+00,8.819e-05
47,Ag,M3,0,50,100,0.920749,1.225e-04,0.000e+00,8.547e-05
47,Ag,M3,50,150,10,1.101007,1.009e-04,0.000e+00,0.000e+00
47,Ag,M3,50,150,30,1.027331,3.057e-04,0.000e+00,0.000e+00
47,Ag,M3,50,150,100,0.983109,5.352e-04,0.000e+00,0.000e+00
47,Ag,M4,0,100,10,1.072760,1.113e-03,0.000e+00,8.507e-06
47,Ag,M4,0,100,30,1.026924,1.138e-03,0.000e+00,8.266e-06
47,Ag,M4,0,100,100,1.002781,1.125e-03,0.000e+00,8.530e-06
47,Ag,M4,0,200,10,1.070954,8.161e-04,0.000e+00,1.881e-06
47,Ag,M4,0,200,30,1.035264,8.501e-04,0.000e+00,1.767e-06
47,Ag,M4,0,200,100,1.013833,8.541e-04,0.000e+00,1.809e-06
47,Ag,M4,0,50,10,0.959736,8.784e-04,0.000e+00,1.702e-05
47,Ag,M4,0,50,30,0.882570,8.010e-04,0.000e+00,1.691e-05
47,Ag,M4,0,50,100,0.846044,8.032e-04,0.000e+00,1.747e-05
47,Ag,M4,50,150,10,1.098112,8.945e-04,0.000e+00,0.000e+00
47,Ag,M4,50,150,30,1.067903,9.461e-04,0.000e+00,0.000e+00
47,Ag,M4,50,150,100,1.049960,9.459e-04,0.000e+00,0.000e+00
47,Ag,M5,0,100,10,1.071426,1.121e-03,0.000e+00,7.821e-06
47,Ag,M5,0,100,30,1.025276,1.149e-03,0.000e+00,7.539e-06
47,Ag,M5,0,100,100,1.001526,1.134e-03,0.000e+00,7.831e-06
47,Ag,M5,0,200,10,1.069954,8.260e-04,0.000e+00,1.734e-06
47,Ag,M5,0,200,30,1.034072,8.617e-04,0.000e+00,1.616e-06
47,Ag,M5,0,200,100,1.012967,8.636e-04,0.000e+00,1.665e-06
47,Ag,M5,0,50,10,0.956179,8.892e-04,0.000e+00,1.569e-05
47,Ag,M5,0,50,30,0.878134,8.152e-04,0.000e+00,1.547e-05
47,Ag,M5,0,50,100,0.842306,8.124e-04,0.000e+00,1.609e-05
47,Ag,M5,50,150,10,1.097633,9.038e-04,0.000e+00,0.000e+00
47,Ag,M5,50,150,30,1.067370,9.551e-04,0.000e+00,0.000e+00
47,Ag,M5,50,150,100,1.049721,9.555e-04,0.000e+00,0.000e+00
48,Cd,K,0,100,10,1.074500,1.419e-05,0.000e+00,1.202e-04
48,Cd,K,0,100,30,1.071885,1.711e-05,0.000e+00,1.202e-04
48,Cd,K,0,100,100,1.052107,2.127e-05,0.000e+00,1.195e-04
48,Cd,K,0,200,10,1.076258,1.856e-05,0.000e+00,2.649e-05
48,Cd,K,0,200,30,1.073661,2.023e-05,0.000e+00,2.647e-05
48,Cd,K,0,200,100,1.054039,2.399e-05,0.000e+00,2.629e-05
48,Cd,K,0,50,10,1.072986,8.452e-06,0.000e+00,1.206e-04
48,Cd,K,0,50,30,1.070339,1.162e-05,0.000e+00,1.205e-04
48,Cd,K,0,50,100,1.050298,1.599e-05,0.000e+00,1.200e-04
48,Cd,K,50,150,10,1.076902,2.024e-05,0.000e+00,0.000e+00
48,Cd,K,50,150,30,1.074318,2.222e-05,0.000e+00,0.000e+00
48,Cd,K,50,150,100,1.054814,2.600e-05,0.000e+00,0.000e+00
48,Cd,L1,0,100,10,1.013523,1.384e-05,0.000e+00,1.243e-04
48,Cd,L1,0,100,30,0.987631,1.131e-05,0.000e+00,1.201e-04
48,Cd,L1,0,100,100,0.924755,6.891e-05,0.000e+00,1.054e-04
48,Cd,L1,0,200,10,1.015434,2.842e-05,0.000e+00,2.852e-05
48,Cd,L1,0,200,30,0.990245,2.541e-05,0.000e+00,2.736e-05
48,Cd,L1,0,200,100,0.929225,7.872e-05,0.000e+00,2.381e-05
48,Cd,L1,0,50,10,1.011756,3.243e-06,0.000e+00,1.221e-04
48,Cd,L1,0,50,30,0.984520,1.302e-06,0.000e+00,1.186e-04
48,Cd,L1,0,50,100,0.916487,5.727e-05,0.000e+00,1.051e-04
48,Cd,L1,50,150,10,1.016271,3.027e-05,0.000e+00,0.000e+00
48,Cd,L1,50,150,30,0.991758,2.687e-05,0.000e+00,0.000e+00
48,Cd,L1,50,150,100,0.933564,8.171e-05,0.000e+00,0.000e+00
48,Cd,L2,0,100,10,1.048695,3.694e-05,0.000e+00,6.775e-05
48,Cd,L2,0,100,30,1.026007,4.654e-05,0.000e+00,6.682e-05
48,Cd,L2,0,100,100,0.976670,1.124e-04,0.000e+00,6.554e-05
48,Cd,L2,0,200,10,1.062644,4.705e-05,0.000e+00,1.575e-05
48,Cd,L2,0,200,30,1.039792,5.481e-05,0.000e+00,1.536e-05
48,Cd,L2,0,200,100,0.989294,1.174e-04,0.000e+00,1.488e-05
48,Cd,L2,0,50,10,1.022201,3.994e-05,0.000e+00,6.724e-05
48,Cd,L2,0,50,30,0.999875,4.891e-05,0.000e+00,6.675e-05
48,Cd,L2,0,50,100,0.951685,1.110e-04,0.000e+00,6.602e-05
48,Cd,L2,50,150,10,1.077836,4.304e-05,0.000e+00,0.000e+00
48,Cd,L2,50,150,30,1.054380,5.131e-05,0.000e+00,0.000e+00
48,Cd,L2,50,150,100,1.002905,1.165e-04,0.000e+00,0.000e+00
48,Cd,L3,0,100,10,1.053661,3.728e-05,0.000e+00,7.069e-05
48,Cd,L3,0,100,30,1.030691,4.688e-05,0.000e+00,6.967e-05
48,Cd,L3,0,100,100,0.980423,1.155e-04,0.000e+00,6.829e-05
48,Cd,L3,0,200,10,1.066605,4.900e-05,0.000e+00,1.653e-05
48,Cd,L3,0,200,30,1.043461,5.658e-05,0.000e+00,1.610e-05
48,Cd,L3,0,200,100,0.991936,1.185e-04,0.000e+00,1.558e-05
48,Cd,L3,0,50,10,1.028897,3.968e-05,0.000e+00,6.975e-05
48,Cd,L3,0,50,30,1.006277,4.846e-05,0.000e+00,6.922e-05
48,Cd,L3,0,50,100,0.957217,1.139e-04,0.000e+00,6.844e-05
48,Cd,L3,50,150,10,1.081014,4.482e-05,0.000e+00,0.000e+00
48,Cd,L3,50,150,30,1.057271,5.298e-05,0.000e+00,0.000e+00
48,Cd,L3,50,150,100,1.004742,1.180e-04,0.000e+00,0.000e+00
48,Cd,M1,0,100,10,1.029529,2.473e-05,0.000e+00,1.373e-04
48,Cd,M1,0,100,30,0.938539,7.270e-05,0.000e+00,1.171e-04
48,Cd,M1,0,100,100,0.888432,3.694e-04,0.000e+00,9.885e-05
48,Cd,M1,0,200,10,1.031873,6.197e-05,0.000e+00,3.475e-05
48,Cd,M1,0,200,30,0.953027,8.482e-05,0.000e+00,2.852e-05
48,Cd,M1,0,200,100,0.911435,3.917e-04,0.000e+00,2.259e-05
48,Cd,M1,0,50,10,1.027436,5.239e-06,0.000e+00,1.279e-04
48,Cd,M1,0,50,30,0.923634,5.052e-05,0.000e+00,1.145e-04
48,Cd,M1,0,50,100,0.858059,2.211e-04,0.000e+00,1.055e-04
48,Cd,M1,50,150,10,1.032116,6.594e-05,0.000e+00,0.000e+00
48,Cd,M1,50,150,30,0.956244,8.545e-05,0.000e+00,0.000e+00
48,Cd,M1,50,150,100,0.918004,4.424e-04,0.000e+00,0.000e+00
48,Cd,M2,0,100,10,1.093617,5.964e-05,0.000e+00,7.789e-05
48,Cd,M2,0,100,30,0.999760,2.185e-04,0.000e+00,6.386e-05
48,Cd,M2,0,100,100,0.942894,4.003e-04,0.000e+00,5.763e-05
48,Cd,M2,0,200,10,1.100183,7.497e-05,0.000e+00,1.947e-05
48,Cd,M2,0,200,30,1.015418,2.053e-04,0.000e+00,1.512e-05
48,Cd,M2,0,200,100,0.960165,4.070e-04,0.000e+00,1.312e-05
48,Cd,M2,0,50,10,1.070439,2.849e-05,0.000e+00,7.616e-05
48,Cd,M2,0,50,30,0.958608,8.307e-05,0.000e+00,6.911e-05
48,Cd,M2,0,50,100,0.892349,1.877e-04,0.000e+00,6.598e-05
48,Cd,M2,50,150,10,1.115838,7.916e-05,0.000e+00,0.000e+00
48,Cd,M2,50,150,30,1.036796,2.554e-04,0.000e+00,0.000e+00
48,Cd,M2,50,150,100,0.983918,4.802e-04,0.000e+00,0.000e+00
48,Cd,M3,0,100,10,1.085363,6.852e-05,0.000e+00,8.251e-05
48,Cd,M3,0,100,30,0.999410,2.268e-04,0.000e+00,6.883e-05
48,Cd,M3,0,100,100,0.949748,3.996e-04,0.000e+00,6.277e-05
48,Cd,M3,0,200,10,1.091223,8.888e-05,0.000e+00,2.104e-05
48,Cd,M3,0,200,30,1.013237,2.214e-04,0.000e+00,1.665e-05
48,Cd,M3,0,200,100,0.964397,4.124e-04,0.000e+00,1.463e-05
48,Cd,M3,0,50,10,1.064083,3.794e-05,0.000e+00,7.934e-05
48,Cd,M3,0,50,30,0.962326,9.785e-05,0.000e+00,7.271e-05
48,Cd,M3,0,50,100,0.905272,1.914e-04,0.000e+00,6.977e-05
48,Cd,M3,50,150,10,1.106274,9.407e-05,0.000e+00,0.000e+00
48,Cd,M3,50,150,30,1.033760,2.716e-04,0.000e+00,0.000e+00
48,Cd,M3,50,150,100,0.986822,4.906e-04,0.000e+00,0.000e+00
48,Cd,M4,0,100,10,1.048261,9.814e-04,0.000e+00,7.827e-06
48,Cd,M4,0,100,30,1.008137,1.003e-03,0.000e+00,7.595e-06
48,Cd,M4,0,100,100,0.985220,1.015e-03,0.000e+00,7.848e-06
48,Cd,M4,0,200,10,1.065066,7.178e-04,0.000e+00,1.767e-06
48,Cd,M4,0,200,30,1.031652,7.550e-04,0.000e+00,1.661e-06
48,Cd,M4,0,200,100,1.009998,7.665e-04,0.000e+00,1.702e-06
48,Cd,M4,0,50,10,0.899180,1.107e-03,0.000e+00,1.471e-05
48,Cd,M4,0,50,30,0.841875,1.049e-03,0.000e+00,1.458e-05
48,Cd,M4,0,50,100,0.811717,1.044e-03,0.000e+00,1.510e-05
48,Cd,M4,50,150,10,1.104164,7.187e-04,0.000e+00,0.000e+00
48,Cd,M4,50,150,30,1.073720,7.753e-04,0.000e+00,0.000e+00
48,Cd,M4,50,150,100,1.054712,7.864e-04,0.000e+00,0.000e+00
48,Cd,M5,0,100,10,1.046971,9.891e-04,0.000e+00,7.191e-06
48,Cd,M5,0,100,30,1.006573,1.013e-03,0.000e+00,6.916e-06
48,Cd,M5,0,100,100,0.984027,1.022e-03,0.000e+00,7.198e-06
48,Cd,M5,0,200,10,1.064081,7.272e-04,0.000e+00,1.628e-06
48,Cd,M5,0,200,30,1.030499,7.646e-04,0.000e+00,1.516e-06
48,Cd,M5,0,200,100,1.009174,7.756e-04,0.000e+00,1.565e-06
48,Cd,M5,0,50,10,0.896044,1.112e-03,0.000e+00,1.355e-05
48,Cd,M5,0,50,30,0.838017,1.048e-03,0.000e+00,1.332e-05
48,Cd,M5,0,50,100,0.808434,1.049e-03,0.000e+00,1.389e-05
48,Cd,M5,50,150,10,1.103718,7.287e-04,0.000e+00,0.000e+00
48,Cd,M5,50,150,30,1.073214,7.891e-04,0.000e+00,0.000e+00
48,Cd,M5,50,150,100,1.054504,7.951e-04,0.000e+00,0.000e+00
49,In,K,0,100,10,1.079430,1.833e-05,0.000e+00,1.217e-04
49,In,K,0,100,30,1.076916,1.619e-05,0.000e+00,1.216e-04
49,In,K,0,100,100,1.057483,2.021e-05,0.000e+00,1.210e-04
49,In,K,0,200,10,1.080214,2.040e-05,0.000e+00,2.687e-05
49,In,K,0,200,30,1.077720,1.928e-05,0.000e+00,2.685e-05
49,In,K,0,200,100,1.058418,2.296e-05,0.000e+00,2.667e-05
49,In,K,0,50,10,1.079876,1.378e-05,0.000e+00,1.216e-04
49,In,K,0,50,30,1.077333,1.146e-05,0.000e+00,1.215e-04
49,In,K,0,50,100,1.057666,1.569e-05,0.000e+00,1.210e-04
49,In,K,50,150,10,1.079866,2.214e-05,0.000e+00,0.000e+00
49,In,K,50,150,30,1.077385,2.071e-05,0.000e+00,0.000e+00
49,In,K,50,150,100,1.058192,2.444e-05,0.000e+00,0.000e+00
49,In,L1,0,100,10,1.018533,1.266e-05,0.000e+00,1.256e-04
49,In,L1,0,100,30,0.992531,1.070e-05,0.000e+00,1.215e-04
49,In,L1,0,100,100,0.929757,5.384e-05,0.000e+00,1.065e-04
49,In,L1,0,200,10,1.019497,2.668e-05,0.000e+00,2.883e-05
49,In,L1,0,200,30,0.994094,2.420e-05,0.000e+00,2.769e-05
49,In,L1,0,200,100,0.932933,6.296e-05,0.000e+00,2.404e-05
49,In,L1,0,50,10,1.018611,3.085e-06,0.000e+00,1.231e-04
49,In,L1,0,50,30,0.991408,1.773e-06,0.000e+00,1.197e-04
49,In,L1,0,50,100,0.923714,4.391e-05,0.000e+00,1.062e-04
49,In,L1,50,150,10,1.019328,2.792e-05,0.000e+00,0.000e+00
49,In,L1,50,150,30,0.994545,2.493e-05,0.000e+00,0.000e+00
49,In,L1,50,150,100,0.936096,6.450e-05,0.000e+00,0.000e+00
49,In,L2,0,100,10,1.064490,4.033e-05,0.000e+00,6.865e-05
49,In,L2,0,100,30,1.040500,4.942e-05,0.000e+00,6.772e-05
49,In,L2,0,100,100,0.988796,1.067e-04,0.000e+00,6.638e-05
49,In,L2,0,200,10,1.074366,5.032e-05,0.000e+00,1.587e-05
49,In,L2,0,200,30,1.050364,5.738e-05,0.000e+00,1.549e-05
49,In,L2,0,200,100,0.998030,1.131e-04,0.000e+00,1.500e-05
49,In,L2,0,50,10,1.043567,3.769e-05,0.000e+00,6.852e-05
49,In,L2,0,50,30,1.019755,4.635e-05,0.000e+00,6.802e-05
49,In,L2,0,50,100,0.968516,1.007e-04,0.000e+00,6.723e-05
49,In,L2,50,150,10,1.086086,4.961e-05,0.000e+00,0.000e+00
49,In,L2,50,150,30,1.061687,5.711e-05,0.000e+00,0.000e+00
49,In,L2,50,150,100,1.008865,1.150e-04,0.000e+00,0.000e+00
49,In,L3,0,100,10,1.069011,4.101e-05,0.000e+00,7.020e-05
49,In,L3,0,100,30,1.044681,4.992e-05,0.000e+00,6.919e-05
49,In,L3,0,100,100,0.991916,1.181e-04,0.000e+00,6.774e-05
49,In,L3,0,200,10,1.078263,5.256e-05,0.000e+00,1.631e-05
49,In,L3,0,200,30,1.053912,5.946e-05,0.000e+00,1.590e-05
49,In,L3,0,200,100,1.000428,1.243e-04,0.000e+00,1.537e-05
49,In,L3,0,50,10,1.049030,3.807e-05,0.000e+00,6.975e-05
49,In,L3,0,50,30,1.024870,4.676e-05,0.000e+00,6.921e-05
49,In,L3,0,50,100,0.972623,1.124e-04,0.000e+00,6.837e-05
49,In,L3,50,150,10,1.089608,5.163e-05,0.000e+00,0.000e+00
49,In,L3,50,150,30,1.064859,5.875e-05,0.000e+00,0.000e+00
49,In,L3,50,150,100,1.010864,1.255e-04,0.000e+00,0.000e+00
49,In,M1,0,100,10,1.030872,2.234e-05,0.000e+00,1.379e-04
49,In,M1,0,100,30,0.942143,5.741e-05,0.000e+00,1.173e-04
49,In,M1,0,100,100,0.888892,4.067e-04,0.000e+00,9.634e-05
49,In,M1,0,200,10,1.031108,5.875e-05,0.000e+00,3.482e-05
49,In,M1,0,200,30,0.950040,6.832e-05,0.000e+00,2.875e-05
49,In,M1,0,200,100,0.903317,4.031e-04,0.000e+00,2.236e-05
49,In,M1,0,50,10,1.030524,4.501e-06,0.000e+00,1.285e-04
49,In,M1,0,50,30,0.928653,5.579e-05,0.000e+00,1.143e-04
49,In,M1,0,50,100,0.857098,3.188e-04,0.000e+00,1.022e-04
49,In,M1,50,150,10,1.031515,6.159e-05,0.000e+00,0.000e+00
49,In,M1,50,150,30,0.958053,5.556e-05,0.000e+00,0.000e+00
49,In,M1,50,150,100,0.919652,4.440e-04,0.000e+00,0.000e+00
49,In,M2,0,100,10,1.100514,5.061e-05,0.000e+00,7.730e-05
49,In,M2,0,100,30,1.005195,1.992e-04,0.000e+00,6.241e-05
49,In,M2,0,100,100,0.944539,3.720e-04,0.000e+00,5.520e-05
49,In,M2,0,200,10,1.105787,6.850e-05,0.000e+00,1.925e-05
49,In,M2,0,200,30,1.020946,1.830e-04,0.000e+00,1.487e-05
49,In,M2,0,200,100,0.962457,3.739e-04,0.000e+00,1.269e-05
49,In,M2,0,50,10,1.079472,4.038e-05,0.000e+00,7.578e-05
49,In,M2,0,50,30,0.963109,1.627e-04,0.000e+00,6.698e-05
49,In,M2,0,50,100,0.891598,3.008e-04,0.000e+00,6.257e-05
49,In,M2,50,150,10,1.119911,6.267e-05,0.000e+00,0.000e+00
49,In,M2,50,150,30,1.043445,1.920e-04,0.000e+00,0.000e+00
49,In,M2,50,150,100,0.988271,3.912e-04,0.000e+00,0.000e+00
49,In,M3,0,100,10,1.092389,6.052e-05,0.000e+00,8.066e-05
49,In,M3,0,100,30,1.004907,2.002e-04,0.000e+00,6.636e-05
49,In,M3,0,100,100,0.951467,3.717e-04,0.000e+00,5.944e-05
49,In,M3,0,200,10,1.097084,8.353e-05,0.000e+00,2.046e-05
49,In,M3,0,200,30,1.018907,1.949e-04,0.000e+00,1.612e-05
49,In,M3,0,200,100,0.966919,3.827e-04,0.000e+00,1.395e-05
49,In,M3,0,50,10,1.072747,4.782e-05,0.000e+00,7.791e-05
49,In,M3,0,50,30,0.966537,1.591e-04,0.000e+00,6.973e-05
49,In,M3,0,50,100,0.904151,2.917e-04,0.000e+00,6.566e-05
49,In,M3,50,150,10,1.110824,7.982e-05,0.000e+00,0.000e+00
49,In,M3,50,150,30,1.040589,2.042e-04,0.000e+00,0.000e+00
49,In,M3,50,150,100,0.991441,4.054e-04,0.000e+00,0.000e+00
49,In,M4,0,100,10,1.036320,7.678e-04,0.000e+00,6.547e-06
49,In,M4,0,100,30,1.000986,8.210e-04,0.000e+00,6.357e-06
49,In,M4,0,100,100,0.979297,8.255e-04,0.000e+00,6.581e-06
49,In,M4,0,200,10,1.062797,5.845e-04,0.000e+00,1.544e-06
49,In,M4,0,200,30,1.031428,6.339e-04,0.000e+00,1.455e-06
49,In,M4,0,200,100,1.009664,6.462e-04,0.000e+00,1.493e-06
49,In,M4,0,50,10,0.885338,1.202e-03,0.000e+00,1.051e-05
49,In,M4,0,50,30,0.842372,1.208e-03,0.000e+00,1.041e-05
49,In,M4,0,50,100,0.817626,1.189e-03,0.000e+00,1.081e-05
49,In,M4,50,150,10,1.113955,4.819e-04,0.000e+00,0.000e+00
49,In,M4,50,150,30,1.083164,5.426e-04,0.000e+00,0.000e+00
49,In,M4,50,150,100,1.062896,5.633e-04,0.000e+00,0.000e+00
49,In,M5,0,100,10,1.035139,7.752e-04,0.000e+00,6.076e-06
49,In,M5,0,100,30,0.999588,8.265e-04,0.000e+00,5.839e-06
49,In,M5,0,100,100,0.978252,8.330e-04,0.000e+00,6.094e-06
49,In,M5,0,200,10,1.061840,5.932e-04,0.000e+00,1.436e-06
49,In,M5,0,200,30,1.030340,6.434e-04,0.000e+00,1.339e-06
49,In,M5,0,200,100,1.008907,6.545e-04,0.000e+00,1.386e-06
49,In,M5,0,50,10,0.882947,1.206e-03,0.000e+00,9.778e-06
49,In,M5,0,50,30,0.839469,1.214e-03,0.000e+00,9.585e-06
49,In,M5,0,50,100,0.815165,1.191e-03,0.000e+00,1.003e-05
49,In,M5,50,150,10,1.113482,4.917e-04,0.000e+00,0.000e+00
49,In,M5,50,150,30,1.082631,5.521e-04,0.000e+00,0.000e+00
49,In,M5,50,150,100,1.062678,5.734e-04,0.000e+00,0.000e+00
50,Sn,K,0,100,10,1.082073,1.243e-05,0.000e+00,1.209e-04
50,Sn,K,0,100,30,1.079678,1.560e-05,0.000e+00,1.208e-04
50,Sn,K,0,100,100,1.060802,1.950e-05,0.000e+00,1.202e-04
50,Sn,K,0,200,10,1.082291,1.732e-05,0.000e+00,2.673e-05
50,Sn,K,0,200,30,1.079915,1.891e-05,0.000e+00,2.671e-05
50,Sn,K,0,200,100,1.061147,2.239e-05,0.000e+00,2.654e-05
50,Sn,K,0,50,10,1.083417,8.044e-06,0.000e+00,1.205e-04
50,Sn,K,0,50,30,1.080995,1.174e-05,0.000e+00,1.204e-04
50,Sn,K,0,50,100,1.061920,1.580e-05,0.000e+00,1.200e-04
50,Sn,K,50,150,10,1.081474,1.836e-05,0.000e+00,0.000e+00
50,Sn,K,50,150,30,1.079110,2.007e-05,0.000e+00,0.000e+00
50,Sn,K,50,150,100,1.060436,2.358e-05,0.000e+00,0.000e+00
50,Sn,L1,0,100,10,1.020683,1.186e-05,0.000e+00,1.246e-04
50,Sn,L1,0,100,30,0.994952,9.882e-06,0.000e+00,1.209e-04
50,Sn,L1,0,100,100,0.932596,5.464e-05,0.000e+00,1.064e-04
50,Sn,L1,0,200,10,1.021090,2.545e-05,0.000e+00,2.859e-05
50,Sn,L1,0,200,30,0.995867,2.304e-05,0.000e+00,2.753e-05
50,Sn,L1,0,200,100,0.934890,6.121e-05,0.000e+00,2.402e-05
50,Sn,L1,0,50,10,1.021626,3.546e-06,0.000e+00,1.219e-04
50,Sn,L1,0,50,30,0.994848,2.157e-06,0.000e+00,1.189e-04
50,Sn,L1,0,50,100,0.927932,4.919e-05,0.000e+00,1.060e-04
50,Sn,L1,50,150,10,1.020437,2.632e-05,0.000e+00,0.000e+00
50,Sn,L1,50,150,30,0.995763,2.349e-05,0.000e+00,0.000e+00
50,Sn,L1,50,150,100,0.937334,6.129e-05,0.000e+00,0.000e+00
50,Sn,L2,0,100,10,1.075615,3.975e-05,0.000e+00,7.095e-05
50,Sn,L2,0,100,30,1.050971,4.799e-05,0.000e+00,7.000e-05
50,Sn,L2,0,100,100,0.997678,9.430e-05,0.000e+00,6.856e-05
50,Sn,L2,0,200,10,1.082236,5.142e-05,0.000e+00,1.634e-05
50,Sn,L2,0,200,30,1.057710,5.765e-05,0.000e+00,1.596e-05
50,Sn,L2,0,200,100,1.004201,1.017e-04,0.000e+00,1.545e-05
50,Sn,L2,0,50,10,1.059340,3.267e-05,0.000e+00,7.089e-05
50,Sn,L2,0,50,30,1.034705,4.155e-05,0.000e+00,7.036e-05
50,Sn,L2,0,50,100,0.981359,8.722e-05,0.000e+00,6.948e-05
50,Sn,L2,50,150,10,1.091334,5.269e-05,0.000e+00,0.000e+00
50,Sn,L2,50,150,30,1.066576,5.882e-05,0.000e+00,0.000e+00
50,Sn,L2,50,150,100,1.012923,1.032e-04,0.000e+00,0.000e+00
50,Sn,L3,0,100,10,1.079828,4.061e-05,0.000e+00,7.156e-05
50,Sn,L3,0,100,30,1.054772,4.893e-05,0.000e+00,7.053e-05
50,Sn,L3,0,100,100,1.000278,1.095e-04,0.000e+00,6.899e-05
50,Sn,L3,0,200,10,1.086148,5.380e-05,0.000e+00,1.656e-05
50,Sn,L3,0,200,30,1.061203,5.994e-05,0.000e+00,1.615e-05
50,Sn,L3,0,200,100,1.006417,1.181e-04,0.000e+00,1.561e-05
50,Sn,L3,0,50,10,1.063831,3.332e-05,0.000e+00,7.127e-05
50,Sn,L3,0,50,30,1.038778,4.214e-05,0.000e+00,7.070e-05
50,Sn,L3,0,50,100,0.984271,1.023e-04,0.000e+00,6.976e-05
50,Sn,L3,50,150,10,1.095203,5.486e-05,0.000e+00,0.000e+00
50,Sn,L3,50,150,30,1.070022,6.099e-05,0.000e+00,0.000e+00
50,Sn,L3,50,150,100,1.015076,1.200e-04,0.000e+00,0.000e+00
50,Sn,M1,0,100,10,1.029287,1.949e-05,0.000e+00,1.363e-04
50,Sn,M1,0,100,30,0.943571,3.784e-05,0.000e+00,1.160e-04
50,Sn,M1,0,100,100,0.888254,4.200e-04,0.000e+00,9.240e-05
50,Sn,M1,0,200,10,1.029210,5.522e-05,0.000e+00,3.424e-05
50,Sn,M1,0,200,30,0.950675,5.247e-05,0.000e+00,2.842e-05
50,Sn,M1,0,200,100,0.902579,4.267e-04,0.000e+00,2.162e-05
50,Sn,M1,0,50,10,1.029694,3.337e-06,0.000e+00,1.271e-04
50,Sn,M1,0,50,30,0.930827,4.805e-05,0.000e+00,1.124e-04
50,Sn,M1,0,50,100,0.854619,4.044e-04,0.000e+00,9.684e-05
50,Sn,M1,50,150,10,1.029053,5.757e-05,0.000e+00,0.000e+00
50,Sn,M1,50,150,30,0.958299,4.129e-05,0.000e+00,0.000e+00
50,Sn,M1,50,150,100,0.920626,4.397e-04,0.000e+00,0.000e+00
50,Sn,M2,0,100,10,1.104578,3.696e-05,0.000e+00,7.810e-05
50,Sn,M2,0,100,30,1.009144,1.620e-04,0.000e+00,6.207e-05
50,Sn,M2,0,100,100,0.945452,3.540e-04,0.000e+00,5.367e-05
50,Sn,M2,0,200,10,1.108842,5.981e-05,0.000e+00,1.941e-05
50,Sn,M2,0,200,30,1.024763,1.547e-04,0.000e+00,1.491e-05
50,Sn,M2,0,200,100,0.963583,3.420e-04,0.000e+00,1.250e-05
50,Sn,M2,0,50,10,1.084954,4.714e-05,0.000e+00,7.635e-05
50,Sn,M2,0,50,30,0.966145,2.135e-04,0.000e+00,6.540e-05
50,Sn,M2,0,50,100,0.890781,4.191e-04,0.000e+00,5.939e-05
50,Sn,M2,50,150,10,1.122077,4.650e-05,0.000e+00,0.000e+00
50,Sn,M2,50,150,30,1.048892,1.299e-04,0.000e+00,0.000e+00
50,Sn,M2,50,150,100,0.991983,3.136e-04,0.000e+00,0.000e+00
50,Sn,M3,0,100,10,1.096530,4.779e-05,0.000e+00,8.064e-05
50,Sn,M3,0,100,30,1.008846,1.773e-04,0.000e+00,6.540e-05
50,Sn,M3,0,100,100,0.952290,3.454e-04,0.000e+00,5.743e-05
50,Sn,M3,0,200,10,1.100327,7.529e-05,0.000e+00,2.039e-05
50,Sn,M3,0,200,30,1.022804,1.740e-04,0.000e+00,1.599e-05
50,Sn,M3,0,200,100,0.968164,3.519e-04,0.000e+00,1.362e-05
50,Sn,M3,0,50,10,1.077969,5.256e-05,0.000e+00,7.782e-05
50,Sn,M3,0,50,30,0.969258,2.193e-04,0.000e+00,6.770e-05
50,Sn,M3,0,50,100,0.902686,3.915e-04,0.000e+00,6.220e-05
50,Sn,M3,50,150,10,1.113316,6.521e-05,0.000e+00,0.000e+00
50,Sn,M3,50,150,30,1.046090,1.524e-04,0.000e+00,0.000e+00
50,Sn,M3,50,150,100,0.995272,3.268e-04,0.000e+00,0.000e+00
50,Sn,M4,0,100,10,1.027134,5.892e-04,0.000e+00,5.408e-06
50,Sn,M4,0,100,30,0.995598,6.440e-04,0.000e+00,5.257e-06
50,Sn,M4,0,100,100,0.975001,6.606e-04,0.000e+00,5.452e-06
50,Sn,M4,0,200,10,1.059496,4.629e-04,0.000e+00,1.333e-06
50,Sn,M4,0,200,30,1.030065,5.155e-04,0.000e+00,1.260e-06
50,Sn,M4,0,200,100,1.008323,5.358e-04,0.000e+00,1.295e-06
50,Sn,M4,0,50,10,0.883032,1.179e-03,0.000e+00,7.432e-06
50,Sn,M4,0,50,30,0.849034,1.194e-03,0.000e+00,7.353e-06
50,Sn,M4,0,50,100,0.828186,1.203e-03,0.000e+00,7.655e-06
50,Sn,M4,50,150,10,1.123714,2.823e-04,0.000e+00,0.000e+00
50,Sn,M4,50,150,30,1.092684,3.579e-04,0.000e+00,0.000e+00
50,Sn,M4,50,150,100,1.071045,3.754e-04,0.000e+00,0.000e+00
50,Sn,M5,0,100,10,1.026025,5.973e-04,0.000e+00,5.048e-06
50,Sn,M5,0,100,30,0.994325,6.564e-04,0.000e+00,4.852e-06
50,Sn,M5,0,100,100,0.974054,6.677e-04,0.000e+00,5.078e-06
50,Sn,M5,0,200,10,1.058556,4.718e-04,0.000e+00,1.247e-06
50,Sn,M5,0,200,30,1.029023,5.250e-04,0.000e+00,1.165e-06
50,Sn,M5,0,200,100,1.007611,5.436e-04,0.000e+00,1.208e-06
50,Sn,M5,0,50,10,0.881059,1.183e-03,0.000e+00,6.951e-06
50,Sn,M5,0,50,30,0.846696,1.201e-03,0.000e+00,6.803e-06
50,Sn,M5,0,50,100,0.826198,1.206e-03,0.000e+00,7.146e-06
50,Sn,M5,50,150,10,1.123208,2.920e-04,0.000e+00,0.000e+00
50,Sn,M5,50,150,30,1.092123,3.679e-04,0.000e+00,0.000e+00
50,Sn,M5,50,150,100,1.070816,3.843e-04,0.000e+00,0.000e+00
51,Sb,L1,0,100,10,1.020988,1.093e-05,0.000e+00,1.223e-04
51,Sb,L1,0,100,30,0.995789,9.032e-06,0.000e+00,1.190e-04
51,Sb,L1,0,100,100,0.934370,5.363e-05,0.000e+00,1.058e-04
51,Sb,L1,0,200,10,1.021179,2.427e-05,0.000e+00,2.803e-05
51,Sb,L1,0,200,30,0.996366,2.218e-05,0.000e+00,2.708e-05
51,Sb,L1,0,200,100,0.935934,6.127e-05,0.000e+00,2.388e-05
51,Sb,L1,0,50,10,1.021929,3.650e-06,0.000e+00,1.196e-04
51,Sb,L1,0,50,30,0.995921,2.222e-06,0.000e+00,1.169e-04
51,Sb,L1,0,50,100,0.930730,5.109e-05,0.000e+00,1.052e-04
51,Sb,L1,50,150,10,1.020527,2.476e-05,0.000e+00,0.000e+00
51,Sb,L1,50,150,30,0.996139,2.248e-05,0.000e+00,0.000e+00
51,Sb,L1,50,150,100,0.937862,6.104e-05,0.000e+00,0.000e+00
51,Sb,L2,0,100,10,1.085302,3.675e-05,0.000e+00,7.496e-05
51,Sb,L2,0,100,30,1.060326,4.413e-05,0.000e+00,7.397e-05
51,Sb,L2,0,100,100,1.005898,9.099e-05,0.000e+00,7.239e-05
51,Sb,L2,0,200,10,1.088579,5.076e-05,0.000e+00,1.724e-05
51,Sb,L2,0,200,30,1.063846,5.621e-05,0.000e+00,1.686e-05
51,Sb,L2,0,200,100,1.009553,9.697e-05,0.000e+00,1.632e-05
51,Sb,L2,0,50,10,1.074352,2.720e-05,0.000e+00,7.466e-05
51,Sb,L2,0,50,30,1.049207,3.630e-05,0.000e+00,7.409e-05
51,Sb,L2,0,50,100,0.994280,8.815e-05,0.000e+00,7.306e-05
51,Sb,L2,50,150,10,1.094851,5.292e-05,0.000e+00,0.000e+00
51,Sb,L2,50,150,30,1.070051,5.781e-05,0.000e+00,0.000e+00
51,Sb,L2,50,150,100,1.015915,9.750e-05,0.000e+00,0.000e+00
51,Sb,L3,0,100,10,1.089221,3.763e-05,0.000e+00,7.472e-05
51,Sb,L3,0,100,30,1.063750,4.496e-05,0.000e+00,7.365e-05
51,Sb,L3,0,100,100,1.007965,9.430e-05,0.000e+00,7.196e-05
51,Sb,L3,0,200,10,1.092518,5.300e-05,0.000e+00,1.726e-05
51,Sb,L3,0,200,30,1.067287,5.829e-05,0.000e+00,1.685e-05
51,Sb,L3,0,200,100,1.011576,1.057e-04,0.000e+00,1.627e-05
51,Sb,L3,0,50,10,1.077920,2.804e-05,0.000e+00,7.426e-05
51,Sb,L3,0,50,30,1.052270,3.728e-05,0.000e+00,7.364e-05
51,Sb,L3,0,50,100,0.996005,8.904e-05,0.000e+00,7.253e-05
51,Sb,L3,50,150,10,1.099056,5.487e-05,0.000e+00,0.000e+00
51,Sb,L3,50,150,30,1.073755,5.954e-05,0.000e+00,0.000e+00
51,Sb,L3,50,150,100,1.018190,1.064e-04,0.000e+00,0.000e+00
51,Sb,M1,0,100,10,1.025756,1.674e-05,0.000e+00,1.332e-04
51,Sb,M1,0,100,30,0.943731,6.590e-06,0.000e+00,1.138e-04
51,Sb,M1,0,100,100,0.887600,4.037e-04,0.000e+00,8.782e-05
51,Sb,M1,0,200,10,1.025681,5.207e-05,0.000e+00,3.332e-05
51,Sb,M1,0,200,30,0.950064,3.285e-05,0.000e+00,2.789e-05
51,Sb,M1,0,200,100,0.901378,4.230e-04,0.000e+00,2.075e-05
51,Sb,M1,0,50,10,1.026114,1.468e-06,0.000e+00,1.244e-04
51,Sb,M1,0,50,30,0.931755,3.137e-05,0.000e+00,1.096e-04
51,Sb,M1,0,50,100,0.853507,4.651e-04,0.000e+00,9.016e-05
51,Sb,M1,50,150,10,1.025500,5.438e-05,0.000e+00,0.000e+00
51,Sb,M1,50,150,30,0.957301,1.972e-05,0.000e+00,0.000e+00
51,Sb,M1,50,150,100,0.920736,4.045e-04,0.000e+00,0.000e+00
51,Sb,M2,0,100,10,1.108359,2.225e-05,0.000e+00,8.046e-05
51,Sb,M2,0,100,30,1.013509,1.300e-04,0.000e+00,6.293e-05
51,Sb,M2,0,100,100,0.947365,3.532e-04,0.000e+00,5.309e-05
51,Sb,M2,0,200,10,1.111177,4.798e-05,0.000e+00,2.000e-05
51,Sb,M2,0,200,30,1.028184,1.202e-04,0.000e+00,1.529e-05
51,Sb,M2,0,200,100,0.964719,3.201e-04,0.000e+00,1.258e-05
51,Sb,M2,0,50,10,1.091188,4.640e-05,0.000e+00,7.802e-05
51,Sb,M2,0,50,30,0.971940,2.440e-04,0.000e+00,6.446e-05
51,Sb,M2,0,50,100,0.894267,5.110e-04,0.000e+00,5.655e-05
51,Sb,M2,50,150,10,1.123011,3.459e-05,0.000e+00,0.000e+00
51,Sb,M2,50,150,30,1.053093,7.834e-05,0.000e+00,0.000e+00
51,Sb,M2,50,150,100,0.994814,2.729e-04,0.000e+00,0.000e+00
51,Sb,M3,0,100,10,1.100245,3.335e-05,0.000e+00,8.231e-05
51,Sb,M3,0,100,30,1.013046,1.414e-04,0.000e+00,6.578e-05
51,Sb,M3,0,100,100,0.953929,3.343e-04,0.000e+00,5.652e-05
51,Sb,M3,0,200,10,1.102734,6.360e-05,0.000e+00,2.079e-05
51,Sb,M3,0,200,30,1.026205,1.401e-04,0.000e+00,1.623e-05
51,Sb,M3,0,200,100,0.969290,3.185e-04,0.000e+00,1.360e-05
51,Sb,M3,0,50,10,1.083810,5.055e-05,0.000e+00,7.892e-05
51,Sb,M3,0,50,30,0.974456,2.409e-04,0.000e+00,6.645e-05
51,Sb,M3,0,50,100,0.905054,4.770e-04,0.000e+00,5.923e-05
51,Sb,M3,50,150,10,1.114426,5.330e-05,0.000e+00,0.000e+00
51,Sb,M3,50,150,30,1.050233,1.043e-04,0.000e+00,0.000e+00
51,Sb,M3,50,150,100,0.998110,2.683e-04,0.000e+00,0.000e+00
51,Sb,M4,0,100,10,1.021808,4.564e-04,0.000e+00,4.442e-06
51,Sb,M4,0,100,30,0.993224,5.127e-04,0.000e+00,4.325e-06
51,Sb,M4,0,100,100,0.973544,5.367e-04,0.000e+00,4.493e-06
51,Sb,M4,0,200,10,1.056645,3.463e-04,0.000e+00,1.144e-06
51,Sb,M4,0,200,30,1.028918,4.038e-04,0.000e+00,1.085e-06
51,Sb,M4,0,200,100,1.007264,4.297e-04,0.000e+00,1.117e-06
51,Sb,M4,0,50,10,0.893236,1.073e-03,0.000e+00,5.252e-06
51,Sb,M4,0,50,30,0.864870,1.126e-03,0.000e+00,5.195e-06
51,Sb,M4,0,50,100,0.846641,1.124e-03,0.000e+00,5.420e-06
51,Sb,M4,50,150,10,1.132179,1.385e-04,0.000e+00,0.000e+00
51,Sb,M4,50,150,30,1.100924,2.019e-04,0.000e+00,0.000e+00
51,Sb,M4,50,150,100,1.077865,2.395e-04,0.000e+00,0.000e+00
51,Sb,M5,0,100,10,1.020751,4.630e-04,0.000e+00,4.161e-06
51,Sb,M5,0,100,30,0.992039,5.169e-04,0.000e+00,4.002e-06
51,Sb,M5,0,100,100,0.972673,5.440e-04,0.000e+00,4.199e-06
51,Sb,M5,0,200,10,1.055715,3.541e-04,0.000e+00,1.074e-06
51,Sb,M5,0,200,30,1.027909,4.102e-04,0.000e+00,1.006e-06
51,Sb,M5,0,200,100,1.006586,4.376e-04,0.000e+00,1.046e-06
51,Sb,M5,0,50,10,0.891479,1.075e-03,0.000e+00,4.930e-06
51,Sb,M5,0,50,30,0.862854,1.123e-03,0.000e+00,4.819e-06
51,Sb,M5,0,50,100,0.844921,1.128e-03,0.000e+00,5.078e-06
51,Sb,M5,50,150,10,1.131651,1.471e-04,0.000e+00,0.000e+00
51,Sb,M5,50,150,30,1.100350,2.131e-04,0.000e+00,0.000e+00
51,Sb,M5,50,150,100,1.077639,2.482e-04,0.000e+00,0.000e+00
52,Te,L1,0,100,10,1.020151,1.008e-05,0.000e+00,1.197e-04
52,Te,L1,0,100,30,0.995642,7.962e-06,0.000e+00,1.168e-04
52,Te,L1,0,100,100,0.935464,4.956e-05,0.000e+00,1.049e-04
52,Te,L1,0,200,10,1.020368,2.340e-05,0.000e+00,2.741e-05
52,Te,L1,0,200,30,0.996113,2.106e-05,0.000e+00,2.657e-05
52,Te,L1,0,200,100,0.936442,5.828e-05,0.000e+00,2.368e-05
52,Te,L1,0,50,10,1.020583,3.887e-06,0.000e+00,1.172e-04
52,Te,L1,0,50,30,0.995537,2.369e-06,0.000e+00,1.148e-04
52,Te,L1,0,50,100,0.932609,4.983e-05,0.000e+00,1.040e-04
52,Te,L1,50,150,10,1.020017,2.338e-05,0.000e+00,0.000e+00
52,Te,L1,50,150,30,0.996039,2.082e-05,0.000e+00,0.000e+00
52,Te,L1,50,150,100,0.937996,5.742e-05,0.000e+00,0.000e+00
52,Te,L2,0,100,10,1.093885,3.214e-05,0.000e+00,7.907e-05
52,Te,L2,0,100,30,1.068804,3.804e-05,0.000e+00,7.804e-05
52,Te,L2,0,100,100,1.013566,9.367e-05,0.000e+00,7.630e-05
52,Te,L2,0,200,10,1.093907,4.833e-05,0.000e+00,1.820e-05
52,Te,L2,0,200,30,1.069187,5.275e-05,0.000e+00,1.781e-05
52,Te,L2,0,200,100,1.014388,1.012e-04,0.000e+00,1.723e-05
52,Te,L2,0,50,10,1.088483,2.130e-05,0.000e+00,7.828e-05
52,Te,L2,0,50,30,1.063048,2.972e-05,0.000e+00,7.764e-05
52,Te,L2,0,50,100,1.006911,9.219e-05,0.000e+00,7.641e-05
52,Te,L2,50,150,10,1.097296,5.074e-05,0.000e+00,0.000e+00
52,Te,L2,50,150,30,1.072670,5.439e-05,0.000e+00,0.000e+00
52,Te,L2,50,150,100,1.018297,1.022e-04,0.000e+00,0.000e+00
52,Te,L3,0,100,10,1.097487,3.346e-05,0.000e+00,7.798e-05
52,Te,L3,0,100,30,1.071823,3.965e-05,0.000e+00,7.686e-05
52,Te,L3,0,100,100,1.015067,8.629e-05,0.000e+00,7.499e-05
52,Te,L3,0,200,10,1.097860,5.080e-05,0.000e+00,1.802e-05
52,Te,L3,0,200,30,1.072561,5.510e-05,0.000e+00,1.760e-05
52,Te,L3,0,200,100,1.016194,9.589e-05,0.000e+00,1.698e-05
52,Te,L3,0,50,10,1.091098,2.271e-05,0.000e+00,7.710e-05
52,Te,L3,0,50,30,1.065063,3.180e-05,0.000e+00,7.640e-05
52,Te,L3,0,50,100,1.007411,8.504e-05,0.000e+00,7.508e-05
52,Te,L3,50,150,10,1.101831,5.288e-05,0.000e+00,0.000e+00
52,Te,L3,50,150,30,1.076624,5.638e-05,0.000e+00,0.000e+00
52,Te,L3,50,150,100,1.020683,9.626e-05,0.000e+00,0.000e+00
52,Te,M1,0,100,10,1.021196,1.464e-05,0.000e+00,1.300e-04
52,Te,M1,0,100,30,0.943151,4.493e-06,0.000e+00,1.115e-04
52,Te,M1,0,100,100,0.887087,3.804e-04,0.000e+00,8.315e-05
52,Te,M1,0,200,10,1.021333,4.957e-05,0.000e+00,3.235e-05
52,Te,M1,0,200,30,0.948763,2.118e-05,0.000e+00,2.732e-05
52,Te,M1,0,200,100,0.900012,3.944e-04,0.000e+00,1.989e-05
52,Te,M1,0,50,10,1.021057,2.209e-07,0.000e+00,1.217e-04
52,Te,M1,0,50,30,0.932119,2.246e-05,0.000e+00,1.066e-04
52,Te,M1,0,50,100,0.854235,4.847e-04,0.000e+00,8.301e-05
52,Te,M1,50,150,10,1.021443,5.208e-05,0.000e+00,0.000e+00
52,Te,M1,50,150,30,0.955519,5.339e-06,0.000e+00,0.000e+00
52,Te,M1,50,150,100,0.920017,3.604e-04,0.000e+00,0.000e+00
52,Te,M2,0,100,10,1.111885,7.233e-06,0.000e+00,8.295e-05
52,Te,M2,0,100,30,1.017892,1.063e-04,0.000e+00,6.386e-05
52,Te,M2,0,100,100,0.949687,3.403e-04,0.000e+00,5.246e-05
52,Te,M2,0,200,10,1.113124,3.545e-05,0.000e+00,2.066e-05
52,Te,M2,0,200,30,1.031314,9.238e-05,0.000e+00,1.571e-05
52,Te,M2,0,200,100,0.965828,3.105e-04,0.000e+00,1.267e-05
52,Te,M2,0,50,10,1.097751,3.223e-05,0.000e+00,7.945e-05
52,Te,M2,0,50,30,0.979428,2.354e-04,0.000e+00,6.317e-05
52,Te,M2,0,50,100,0.900668,5.127e-04,0.000e+00,5.328e-05
52,Te,M2,50,150,10,1.123244,2.717e-05,0.000e+00,0.000e+00
52,Te,M2,50,150,30,1.056258,5.322e-05,0.000e+00,0.000e+00
52,Te,M2,50,150,100,0.996694,2.619e-04,0.000e+00,0.000e+00
52,Te,M3,0,100,10,1.103610,1.955e-05,0.000e+00,8.410e-05
52,Te,M3,0,100,30,1.017204,1.189e-04,0.000e+00,6.624e-05
52,Te,M3,0,100,100,0.955897,3.355e-04,0.000e+00,5.560e-05
52,Te,M3,0,200,10,1.104677,5.225e-05,0.000e+00,2.125e-05
52,Te,M3,0,200,30,1.029268,1.129e-04,0.000e+00,1.652e-05
52,Te,M3,0,200,100,0.970337,3.044e-04,0.000e+00,1.361e-05
52,Te,M3,0,50,10,1.089872,3.739e-05,0.000e+00,7.982e-05
52,Te,M3,0,50,30,0.981203,2.358e-04,0.000e+00,6.489e-05
52,Te,M3,0,50,100,0.910105,5.041e-04,0.000e+00,5.586e-05
52,Te,M3,50,150,10,1.114767,4.685e-05,0.000e+00,0.000e+00
52,Te,M3,50,150,30,1.053307,7.477e-05,0.000e+00,0.000e+00
52,Te,M3,50,150,100,1.000016,2.556e-04,0.000e+00,0.000e+00
52,Te,M4,0,100,10,1.018266,3.725e-04,0.000e+00,3.674e-06
52,Te,M4,0,100,30,0.992055,4.449e-04,0.000e+00,3.584e-06
52,Te,M4,0,100,100,0.973159,4.577e-04,0.000e+00,3.728e-06
52,Te,M4,0,200,10,1.053891,2.665e-04,0.000e+00,9.873e-07
52,Te,M4,0,200,30,1.027680,3.298e-04,0.000e+00,9.396e-07
52,Te,M4,0,200,100,1.006174,3.551e-04,0.000e+00,9.684e-07
52,Te,M4,0,50,10,0.907781,8.975e-04,0.000e+00,3.793e-06
52,Te,M4,0,50,30,0.883099,9.620e-04,0.000e+00,3.753e-06
52,Te,M4,0,50,100,0.866745,9.641e-04,0.000e+00,3.921e-06
52,Te,M4,50,150,10,1.138970,5.660e-05,0.000e+00,0.000e+00
52,Te,M4,50,150,30,1.107536,1.283e-04,0.000e+00,0.000e+00
52,Te,M4,50,150,100,1.082941,1.655e-04,0.000e+00,0.000e+00
52,Te,M5,0,100,10,1.017244,3.774e-04,0.000e+00,3.449e-06
52,Te,M5,0,100,30,0.990944,4.510e-04,0.000e+00,3.320e-06
52,Te,M5,0,100,100,0.972341,4.626e-04,0.000e+00,3.492e-06
52,Te,M5,0,200,10,1.052968,2.723e-04,0.000e+00,9.286e-07
52,Te,M5,0,200,30,1.026704,3.359e-04,0.000e+00,8.719e-07
52,Te,M5,0,200,100,1.005523,3.613e-04,0.000e+00,9.085e-07
52,Te,M5,0,50,10,0.906132,9.028e-04,0.000e+00,3.568e-06
52,Te,M5,0,50,30,0.881290,9.734e-04,0.000e+00,3.485e-06
52,Te,M5,0,50,100,0.865179,9.704e-04,0.000e+00,3.681e-06
52,Te,M5,50,150,10,1.138448,6.329e-05,0.000e+00,0.000e+00
52,Te,M5,50,150,30,1.106963,1.309e-04,0.000e+00,0.000e+00
52,Te,M5,50,150,100,1.082746,1.716e-04,0.000e+00,0.000e+00
53,I,L1,0,100,10,1.018847,9.376e-06,0.000e+00,1.174e-04
53,I,L1,0,100,30,0.995051,6.775e-06,0.000e+00,1.148e-04
53,I,L1,0,100,100,0.936083,3.817e-05,0.000e+00,1.036e-04
53,I,L1,0,200,10,1.019190,2.252e-05,0.000e+00,2.684e-05
53,I,L1,0,200,30,0.995533,2.013e-05,0.000e+00,2.608e-05
53,I,L1,0,200,100,0.936627,4.861e-05,0.000e+00,2.342e-05
53,I,L1,0,50,10,1.018586,4.099e-06,0.000e+00,1.150e-04
53,I,L1,0,50,30,0.994497,1.643e-06,0.000e+00,1.128e-04
53,I,L1,0,50,100,0.933752,3.813e-05,0.000e+00,1.024e-04
53,I,L1,50,150,10,1.019246,2.204e-05,0.000e+00,0.000e+00
53,I,L1,50,150,30,0.995731,1.958e-05,0.000e+00,0.000e+00
53,I,L1,50,150,100,0.937943,4.626e-05,0.000e+00,0.000e+00
53,I,L2,0,100,10,1.101057,2.699e-05,0.000e+00,8.154e-05
53,I,L2,0,100,30,1.076018,3.264e-05,0.000e+00,8.048e-05
53,I,L2,0,100,100,1.020191,8.772e-05,0.000e+00,7.857e-05
53,I,L2,0,200,10,1.098310,4.495e-05,0.000e+00,1.880e-05
53,I,L2,0,200,30,1.073734,4.906e-05,0.000e+00,1.841e-05
53,I,L2,0,200,100,1.018603,9.960e-05,0.000e+00,1.780e-05
53,I,L2,0,50,10,1.100532,1.485e-05,0.000e+00,8.012e-05
53,I,L2,0,50,30,1.074957,2.228e-05,0.000e+00,7.941e-05
53,I,L2,0,50,100,1.017876,8.356e-05,0.000e+00,7.794e-05
53,I,L2,50,150,10,1.099153,4.704e-05,0.000e+00,0.000e+00
53,I,L2,50,150,30,1.074815,5.067e-05,0.000e+00,0.000e+00
53,I,L2,50,150,100,1.020340,9.994e-05,0.000e+00,0.000e+00
53,I,L3,0,100,10,1.104301,2.845e-05,0.000e+00,7.961e-05
53,I,L3,0,100,30,1.078580,3.348e-05,0.000e+00,7.846e-05
53,I,L3,0,100,100,1.021095,9.080e-05,0.000e+00,7.642e-05
53,I,L3,0,200,10,1.102260,4.748e-05,0.000e+00,1.841e-05
53,I,L3,0,200,30,1.077016,5.106e-05,0.000e+00,1.799e-05
53,I,L3,0,200,100,1.020185,9.952e-05,0.000e+00,1.735e-05
53,I,L3,0,50,10,1.102119,1.638e-05,0.000e+00,7.820e-05
53,I,L3,0,50,30,1.075835,2.353e-05,0.000e+00,7.743e-05
53,I,L3,0,50,100,1.017081,8.872e-05,0.000e+00,7.585e-05
53,I,L3,50,150,10,1.104030,4.933e-05,0.000e+00,0.000e+00
53,I,L3,50,150,30,1.079029,5.229e-05,0.000e+00,0.000e+00
53,I,L3,50,150,100,1.022864,9.939e-05,0.000e+00,0.000e+00
53,I,M1,0,100,10,1.016542,1.233e-05,0.000e+00,1.270e-04
53,I,M1,0,100,30,0.942269,1.261e-05,0.000e+00,1.092e-04
53,I,M1,0,100,100,0.886721,3.563e-04,0.000e+00,7.852e-05
53,I,M1,0,200,10,1.016959,4.685e-05,0.000e+00,3.146e-05
53,I,M1,0,200,30,0.947232,1.226e-05,0.000e+00,2.676e-05
53,I,M1,0,200,100,0.898631,3.588e-04,0.000e+00,1.903e-05
53,I,M1,0,50,10,1.015748,3.300e-06,0.000e+00,1.192e-04
53,I,M1,0,50,30,0.932227,2.022e-05,0.000e+00,1.036e-04
53,I,M1,0,50,100,0.856195,4.201e-04,0.000e+00,7.584e-05
53,I,M1,50,150,10,1.017466,4.916e-05,0.000e+00,0.000e+00
53,I,M1,50,150,30,0.953471,7.617e-06,0.000e+00,0.000e+00
53,I,M1,50,150,100,0.918739,3.091e-04,0.000e+00,0.000e+00
53,I,M2,0,100,10,1.114875,1.511e-06,0.000e+00,8.399e-05
53,I,M2,0,100,30,1.021728,9.841e-05,0.000e+00,6.368e-05
53,I,M2,0,100,100,0.951715,3.603e-04,0.000e+00,5.089e-05
53,I,M2,0,200,10,1.114817,2.830e-05,0.000e+00,2.098e-05
53,I,M2,0,200,30,1.034069,8.312e-05,0.000e+00,1.588e-05
53,I,M2,0,200,100,0.966687,3.223e-04,0.000e+00,1.255e-05
53,I,M2,0,50,10,1.103372,9.080e-06,0.000e+00,7.932e-05
53,I,M2,0,50,30,0.986551,1.570e-04,0.000e+00,6.069e-05
53,I,M2,0,50,100,0.907475,4.562e-04,0.000e+00,4.908e-05
53,I,M2,50,150,10,1.123431,2.448e-05,0.000e+00,0.000e+00
53,I,M2,50,150,30,1.058887,4.004e-05,0.000e+00,0.000e+00
53,I,M2,50,150,100,0.997928,2.527e-04,0.000e+00,0.000e+00
53,I,M3,0,100,10,1.106398,1.103e-05,0.000e+00,8.446e-05
53,I,M3,0,100,30,1.020806,1.147e-04,0.000e+00,6.559e-05
53,I,M3,0,100,100,0.957544,3.514e-04,0.000e+00,5.374e-05
53,I,M3,0,200,10,1.106338,4.531e-05,0.000e+00,2.138e-05
53,I,M3,0,200,30,1.031952,1.022e-04,0.000e+00,1.655e-05
53,I,M3,0,200,100,0.971131,3.146e-04,0.000e+00,1.339e-05
53,I,M3,0,50,10,1.094954,7.259e-07,0.000e+00,7.920e-05
53,I,M3,0,50,30,0.987564,1.668e-04,0.000e+00,6.215e-05
53,I,M3,0,50,100,0.915512,4.362e-04,0.000e+00,5.153e-05
53,I,M3,50,150,10,1.115065,4.404e-05,0.000e+00,0.000e+00
53,I,M3,50,150,30,1.055891,6.424e-05,0.000e+00,0.000e+00
53,I,M3,50,150,100,1.001359,2.567e-04,0.000e+00,0.000e+00
53,I,M4,0,100,10,1.015234,3.779e-04,0.000e+00,3.085e-06
53,I,M4,0,100,30,0.990875,4.326e-04,0.000e+00,3.015e-06
53,I,M4,0,100,100,0.972690,4.665e-04,0.000e+00,3.139e-06
53,I,M4,0,200,10,1.050919,2.640e-04,0.000e+00,8.626e-07
53,I,M4,0,200,30,1.026005,3.174e-04,0.000e+00,8.237e-07
53,I,M4,0,200,100,1.004696,3.529e-04,0.000e+00,8.496e-07
53,I,M4,0,50,10,0.920934,6.442e-04,0.000e+00,2.837e-06
53,I,M4,0,50,30,0.898752,6.928e-04,0.000e+00,2.808e-06
53,I,M4,0,50,100,0.883795,7.280e-04,0.000e+00,2.937e-06
53,I,M4,50,150,10,1.144933,2.970e-05,0.000e+00,0.000e+00
53,I,M4,50,150,30,1.113196,1.029e-04,0.000e+00,0.000e+00
53,I,M4,50,150,100,1.086935,1.370e-04,0.000e+00,0.000e+00
53,I,M5,0,100,10,1.014226,3.797e-04,0.000e+00,2.901e-06
53,I,M5,0,100,30,0.989810,4.370e-04,0.000e+00,2.796e-06
53,I,M5,0,100,100,0.971902,4.678e-04,0.000e+00,2.945e-06
53,I,M5,0,200,10,1.050003,2.689e-04,0.000e+00,8.125e-07
53,I,M5,0,200,30,1.025056,3.220e-04,0.000e+00,7.649e-07
53,I,M5,0,200,100,1.004066,3.574e-04,0.000e+00,7.983e-07
53,I,M5,0,50,10,0.919339,6.556e-04,0.000e+00,2.673e-06
53,I,M5,0,50,30,0.897058,7.048e-04,0.000e+00,2.610e-06
53,I,M5,0,50,100,0.882317,7.367e-04,0.000e+00,2.762e-06
53,I,M5,50,150,10,1.144452,3.462e-05,0.000e+00,0.000e+00
53,I,M5,50,150,30,1.112670,1.079e-04,0.000e+00,0.000e+00
53,I,M5,50,150,100,1.086804,1.434e-04,0.000e+00,0.000e+00
54,Xe,L1,0,100,10,1.017059,8.588e-06,0.000e+00,1.151e-04
54,Xe,L1,0,100,30,0.994039,5.974e-06,0.000e+00,1.127e-04
54,Xe,L1,0,100,100,0.936488,3.197e-05,0.000e+00,1.021e-04
54,Xe,L1,0,200,10,1.017685,2.143e-05,0.000e+00,2.627e-05
54,Xe,L1,0,200,30,0.994677,1.919e-05,0.000e+00,2.558e-05
54,Xe,L1,0,200,100,0.936654,4.442e-05,0.000e+00,2.311e-05
54,Xe,L1,0,50,10,1.015908,4.032e-06,0.000e+00,1.128e-04
54,Xe,L1,0,50,30,0.992855,5.412e-07,0.000e+00,1.108e-04
54,Xe,L1,0,50,100,0.934656,2.291e-05,0.000e+00,1.005e-04
54,Xe,L1,50,150,10,1.018263,2.035e-05,0.000e+00,0.000e+00
54,Xe,L1,50,150,30,0.995254,1.802e-05,0.000e+00,0.000e+00
54,Xe,L1,50,150,100,0.937750,3.948e-05,0.000e+00,0.000e+00
54,Xe,L2,0,100,10,1.108064,2.219e-05,0.000e+00,8.329e-05
54,Xe,L2,0,100,30,1.083154,2.737e-05,0.000e+00,8.220e-05
54,Xe,L2,0,100,100,1.026874,7.583e-05,0.000e+00,8.012e-05
54,Xe,L2,0,200,10,1.102481,4.183e-05,0.000e+00,1.926e-05
54,Xe,L2,0,200,30,1.078136,4.595e-05,0.000e+00,1.887e-05
54,Xe,L2,0,200,100,1.022781,9.198e-05,0.000e+00,1.824e-05
54,Xe,L2,0,50,10,1.112684,7.405e-06,0.000e+00,8.109e-05
54,Xe,L2,0,50,30,1.087047,1.206e-05,0.000e+00,8.031e-05
54,Xe,L2,0,50,100,1.029148,5.977e-05,0.000e+00,7.856e-05
54,Xe,L2,50,150,10,1.100576,4.247e-05,0.000e+00,0.000e+00
54,Xe,L2,50,150,30,1.076613,4.531e-05,0.000e+00,0.000e+00
54,Xe,L2,50,150,100,1.022145,8.811e-05,0.000e+00,0.000e+00
54,Xe,L3,0,100,10,1.110848,2.355e-05,0.000e+00,8.052e-05
54,Xe,L3,0,100,30,1.085158,2.890e-05,0.000e+00,7.934e-05
54,Xe,L3,0,100,100,1.027078,8.805e-05,0.000e+00,7.711e-05
54,Xe,L3,0,200,10,1.106373,4.416e-05,0.000e+00,1.867e-05
54,Xe,L3,0,200,30,1.081269,4.820e-05,0.000e+00,1.825e-05
54,Xe,L3,0,200,100,1.024091,1.023e-04,0.000e+00,1.758e-05
54,Xe,L3,0,50,10,1.113065,8.353e-06,0.000e+00,7.845e-05
54,Xe,L3,0,50,30,1.086606,1.307e-05,0.000e+00,7.760e-05
54,Xe,L3,0,50,100,1.026879,7.276e-05,0.000e+00,7.571e-05
54,Xe,L3,50,150,10,1.105795,4.477e-05,0.000e+00,0.000e+00
54,Xe,L3,50,150,30,1.081084,4.750e-05,0.000e+00,0.000e+00
54,Xe,L3,50,150,100,1.024811,9.789e-05,0.000e+00,0.000e+00
54,Xe,M1,0,100,10,1.011525,1.016e-05,0.000e+00,1.241e-04
54,Xe,M1,0,100,30,0.941090,3.043e-05,0.000e+00,1.068e-04
54,Xe,M1,0,100,100,0.886838,3.476e-04,0.000e+00,7.395e-05
54,Xe,M1,0,200,10,1.012337,4.464e-05,0.000e+00,3.061e-05
54,Xe,M1,0,200,30,0.945409,1.010e-05,0.000e+00,2.619e-05
54,Xe,M1,0,200,100,0.897316,3.644e-04,0.000e+00,1.819e-05
54,Xe,M1,0,50,10,1.009919,6.544e-06,0.000e+00,1.167e-04
54,Xe,M1,0,50,30,0.932288,7.270e-05,0.000e+00,1.005e-04
54,Xe,M1,0,50,100,0.860069,3.747e-04,0.000e+00,6.887e-05
54,Xe,M1,50,150,10,1.013351,4.652e-05,0.000e+00,0.000e+00
54,Xe,M1,50,150,30,0.950986,9.871e-06,0.000e+00,0.000e+00
54,Xe,M1,50,150,100,0.916621,2.538e-04,0.000e+00,0.000e+00
54,Xe,M2,0,100,10,1.118172,7.840e-06,0.000e+00,8.443e-05
54,Xe,M2,0,100,30,1.025859,1.079e-04,0.000e+00,6.306e-05
54,Xe,M2,0,100,100,0.954243,3.783e-04,0.000e+00,4.899e-05
54,Xe,M2,0,200,10,1.116605,3.362e-05,0.000e+00,2.117e-05
54,Xe,M2,0,200,30,1.036777,1.220e-04,0.000e+00,1.596e-05
54,Xe,M2,0,200,100,0.967601,3.823e-04,0.000e+00,1.235e-05
54,Xe,M2,0,50,10,1.109844,5.453e-05,0.000e+00,7.845e-05
54,Xe,M2,0,50,30,0.995001,9.808e-05,0.000e+00,5.784e-05
54,Xe,M2,0,50,100,0.916110,4.033e-04,0.000e+00,4.479e-05
54,Xe,M2,50,150,10,1.123318,2.533e-05,0.000e+00,0.000e+00
54,Xe,M2,50,150,30,1.060668,3.447e-05,0.000e+00,0.000e+00
54,Xe,M2,50,150,100,0.998166,2.394e-04,0.000e+00,0.000e+00
54,Xe,M3,0,100,10,1.109367,3.524e-06,0.000e+00,8.419e-05
54,Xe,M3,0,100,30,1.024622,1.137e-04,0.000e+00,6.451e-05
54,Xe,M3,0,100,100,0.959635,3.796e-04,0.000e+00,5.153e-05
54,Xe,M3,0,200,10,1.108010,5.152e-05,0.000e+00,2.137e-05
54,Xe,M3,0,200,30,1.034547,1.423e-04,0.000e+00,1.648e-05
54,Xe,M3,0,200,100,0.971945,3.977e-04,0.000e+00,1.309e-05
54,Xe,M3,0,50,10,1.100688,4.391e-05,0.000e+00,7.786e-05
54,Xe,M3,0,50,30,0.995140,9.664e-05,0.000e+00,5.903e-05
54,Xe,M3,0,50,100,0.922735,3.933e-04,0.000e+00,4.707e-05
54,Xe,M3,50,150,10,1.115032,4.375e-05,0.000e+00,0.000e+00
54,Xe,M3,50,150,30,1.057637,6.068e-05,0.000e+00,0.000e+00
54,Xe,M3,50,150,100,1.001728,2.587e-04,0.000e+00,0.000e+00
54,Xe,M4,0,100,10,1.013473,4.223e-04,0.000e+00,2.631e-06
54,Xe,M4,0,100,30,0.990602,4.866e-04,0.000e+00,2.576e-06
54,Xe,M4,0,100,100,0.972999,5.093e-04,0.000e+00,2.682e-06
54,Xe,M4,0,200,10,1.048022,4.879e-04,0.000e+00,7.636e-07
54,Xe,M4,0,200,30,1.024251,5.370e-04,0.000e+00,7.316e-07
54,Xe,M4,0,200,100,1.003155,5.590e-04,0.000e+00,7.547e-07
54,Xe,M4,0,50,10,0.934631,5.136e-04,0.000e+00,2.193e-06
54,Xe,M4,0,50,30,0.914179,5.909e-04,0.000e+00,2.172e-06
54,Xe,M4,0,50,100,0.900174,6.021e-04,0.000e+00,2.272e-06
54,Xe,M4,50,150,10,1.148868,4.124e-05,0.000e+00,0.000e+00
54,Xe,M4,50,150,30,1.116834,9.706e-05,0.000e+00,0.000e+00
54,Xe,M4,50,150,100,1.088872,1.454e-04,0.000e+00,0.000e+00
54,Xe,M5,0,100,10,1.012471,4.242e-04,0.000e+00,2.477e-06
54,Xe,M5,0,100,30,0.989565,4.820e-04,0.000e+00,2.391e-06
54,Xe,M5,0,100,100,0.972237,5.107e-04,0.000e+00,2.520e-06
54,Xe,M5,0,200,10,1.047111,5.202e-04,0.000e+00,7.201e-07
54,Xe,M5,0,200,30,1.023325,5.639e-04,0.000e+00,6.799e-07
54,Xe,M5,0,200,100,1.002549,5.886e-04,0.000e+00,7.101e-07
54,Xe,M5,0,50,10,0.933057,5.133e-04,0.000e+00,2.069e-06
54,Xe,M5,0,50,30,0.912554,5.817e-04,0.000e+00,2.020e-06
54,Xe,M5,0,50,100,0.898757,6.004e-04,0.000e+00,2.140e-06
54,Xe,M5,50,150,10,1.148436,4.448e-05,0.000e+00,0.000e+00
54,Xe,M5,50,150,30,1.116355,1.010e-04,0.000e+00,0.000e+00
54,Xe,M5,50,150,100,1.088809,1.496e-04,0.000e+00,0.000e+00
55,Cs,L1,0,100,10,1.021137,9.587e-06,0.000e+00,1.200e-04
55,Cs,L1,0,100,30,0.998526,5.594e-06,0.000e+00,1.204e-04
55,Cs,L1,0,100,100,0.942825,2.358e-05,0.000e+00,1.235e-04
55,Cs,L1,0,200,10,1.020594,2.106e-05,0.000e+00,2.737e-05
55,Cs,L1,0,200,30,0.997812,1.788e-05,0.000e+00,2.733e-05
55,Cs,L1,0,200,100,0.940667,3.279e-05,0.000e+00,2.805e-05
55,Cs,L1,0,50,10,1.021899,7.456e-06,0.000e+00,1.177e-04
55,Cs,L1,0,50,30,0.999666,2.091e-06,0.000e+00,1.183e-04
55,Cs,L1,0,50,100,0.945497,1.883e-05,0.000e+00,1.206e-04
55,Cs,L1,50,150,10,1.020179,1.943e-05,0.000e+00,0.000e+00
55,Cs,L1,50,150,30,0.997182,1.713e-05,0.000e+00,0.000e+00
55,Cs,L1,50,150,100,0.939347,3.540e-05,0.000e+00,0.000e+00
55,Cs,L2,0,100,10,1.126623,1.488e-05,0.000e+00,1.531e-04
55,Cs,L2,0,100,30,1.100951,1.796e-05,0.000e+00,1.512e-04
55,Cs,L2,0,100,100,1.043080,5.449e-05,0.000e+00,1.474e-04
55,Cs,L2,0,200,10,1.114407,3.505e-05,0.000e+00,3.565e-05
55,Cs,L2,0,200,30,1.089519,3.724e-05,0.000e+00,3.497e-05
55,Cs,L2,0,200,100,1.033018,7.100e-05,0.000e+00,3.385e-05
55,Cs,L2,0,50,10,1.144519,9.783e-07,0.000e+00,1.466e-04
55,Cs,L2,0,50,30,1.117678,3.904e-06,0.000e+00,1.451e-04
55,Cs,L2,0,50,100,1.057313,4.178e-05,0.000e+00,1.416e-04
55,Cs,L2,50,150,10,1.105109,3.818e-05,0.000e+00,0.000e+00
55,Cs,L2,50,150,30,1.080907,4.136e-05,0.000e+00,0.000e+00
55,Cs,L2,50,150,100,1.025787,7.739e-05,0.000e+00,0.000e+00
55,Cs,L3,0,100,10,1.130385,1.551e-05,0.000e+00,1.504e-04
55,Cs,L3,0,100,30,1.103749,1.759e-05,0.000e+00,1.483e-04
55,Cs,L3,0,100,100,1.043855,6.588e-05,0.000e+00,1.441e-04
55,Cs,L3,0,200,10,1.119021,3.674e-05,0.000e+00,3.514e-05
55,Cs,L3,0,200,30,1.093225,3.759e-05,0.000e+00,3.439e-05
55,Cs,L3,0,200,100,1.034729,8.189e-05,0.000e+00,3.319e-05
55,Cs,L3,0,50,10,1.146461,8.400e-07,0.000e+00,1.440e-04
55,Cs,L3,0,50,30,1.118547,3.206e-06,0.000e+00,1.423e-04
55,Cs,L3,0,50,100,1.056047,5.461e-05,0.000e+00,1.385e-04
55,Cs,L3,50,150,10,1.110672,4.083e-05,0.000e+00,0.000e+00
55,Cs,L3,50,150,30,1.085623,4.320e-05,0.000e+00,0.000e+00
55,Cs,L3,50,150,100,1.028581,9.096e-05,0.000e+00,0.000e+00
55,Cs,M1,0,100,10,1.013432,9.282e-06,0.000e+00,1.301e-04
55,Cs,M1,0,100,30,0.948718,5.252e-05,0.000e+00,1.216e-04
55,Cs,M1,0,100,100,0.901331,3.372e-04,0.000e+00,8.393e-05
55,Cs,M1,0,200,10,1.013078,4.227e-05,0.000e+00,3.197e-05
55,Cs,M1,0,200,30,0.949854,2.739e-06,0.000e+00,2.990e-05
55,Cs,M1,0,200,100,0.905573,3.321e-04,0.000e+00,2.112e-05
55,Cs,M1,0,50,10,1.013941,6.022e-06,0.000e+00,1.226e-04
55,Cs,M1,0,50,30,0.946511,7.918e-05,0.000e+00,1.129e-04
55,Cs,M1,0,50,100,0.888668,4.182e-04,0.000e+00,7.409e-05
55,Cs,M1,50,150,10,1.012749,4.487e-05,0.000e+00,0.000e+00
55,Cs,M1,50,150,30,0.951108,9.054e-06,0.000e+00,0.000e+00
55,Cs,M1,50,150,100,0.915540,2.625e-04,0.000e+00,0.000e+00
55,Cs,M2,0,100,10,1.136099,4.282e-05,0.000e+00,1.447e-04
55,Cs,M2,0,100,30,1.048631,4.936e-06,0.000e+00,1.061e-04
55,Cs,M2,0,100,100,0.976859,2.197e-04,0.000e+00,7.973e-05
55,Cs,M2,0,200,10,1.128486,8.134e-06,0.000e+00,3.663e-05
55,Cs,M2,0,200,30,1.052270,4.242e-05,0.000e+00,2.745e-05
55,Cs,M2,0,200,100,0.982051,2.611e-04,0.000e+00,2.075e-05
55,Cs,M2,0,50,10,1.140459,7.996e-05,0.000e+00,1.309e-04
55,Cs,M2,0,50,30,1.034222,1.139e-05,0.000e+00,9.221e-05
55,Cs,M2,0,50,100,0.958064,2.643e-04,0.000e+00,6.781e-05
55,Cs,M2,50,150,10,1.126318,2.999e-05,0.000e+00,0.000e+00
55,Cs,M2,50,150,30,1.064558,4.724e-05,0.000e+00,0.000e+00
55,Cs,M2,50,150,100,0.999274,2.401e-04,0.000e+00,0.000e+00
55,Cs,M3,0,100,10,1.127778,2.638e-05,0.000e+00,1.461e-04
55,Cs,M3,0,100,30,1.046422,2.529e-05,0.000e+00,1.100e-04
55,Cs,M3,0,100,100,0.980617,2.539e-04,0.000e+00,8.528e-05
55,Cs,M3,0,200,10,1.120349,3.466e-05,0.000e+00,3.740e-05
55,Cs,M3,0,200,30,1.049590,9.019e-05,0.000e+00,2.866e-05
55,Cs,M3,0,200,100,0.985600,3.225e-04,0.000e+00,2.232e-05
55,Cs,M3,0,50,10,1.131875,6.635e-05,0.000e+00,1.316e-04
55,Cs,M3,0,50,30,1.032404,2.767e-05,0.000e+00,9.559e-05
55,Cs,M3,0,50,100,0.961504,2.901e-04,0.000e+00,7.274e-05
55,Cs,M3,50,150,10,1.118264,4.811e-05,0.000e+00,0.000e+00
55,Cs,M3,50,150,30,1.061640,6.492e-05,0.000e+00,0.000e+00
55,Cs,M3,50,150,100,1.003144,2.671e-04,0.000e+00,0.000e+00
55,Cs,M4,0,100,10,1.045657,1.709e-05,0.000e+00,3.600e-06
55,Cs,M4,0,100,30,1.022452,9.504e-05,0.000e+00,3.530e-06
55,Cs,M4,0,100,100,1.004474,1.322e-04,0.000e+00,3.613e-06
55,Cs,M4,0,200,10,1.071892,1.634e-04,0.000e+00,1.097e-06
55,Cs,M4,0,200,30,1.047317,2.271e-04,0.000e+00,1.054e-06
55,Cs,M4,0,200,100,1.025380,2.662e-04,0.000e+00,1.068e-06
55,Cs,M4,0,50,10,0.995507,8.959e-05,0.000e+00,2.684e-06
55,Cs,M4,0,50,30,0.974742,1.672e-04,0.000e+00,2.660e-06
55,Cs,M4,0,50,100,0.960627,2.042e-04,0.000e+00,2.735e-06
55,Cs,M4,50,150,10,1.155360,9.427e-05,0.000e+00,0.000e+00
55,Cs,M4,50,150,30,1.122164,1.529e-04,0.000e+00,0.000e+00
55,Cs,M4,50,150,100,1.091618,1.943e-04,0.000e+00,0.000e+00
55,Cs,M5,0,100,10,1.040480,6.230e-05,0.000e+00,3.370e-06
55,Cs,M5,0,100,30,1.017486,1.415e-04,0.000e+00,3.274e-06
55,Cs,M5,0,100,100,0.999934,1.749e-04,0.000e+00,3.377e-06
55,Cs,M5,0,200,10,1.067953,2.944e-04,0.000e+00,1.028e-06
55,Cs,M5,0,200,30,1.043601,3.543e-04,0.000e+00,9.786e-07
55,Cs,M5,0,200,100,1.022140,3.864e-04,0.000e+00,9.999e-07
55,Cs,M5,0,50,10,0.988458,1.117e-04,0.000e+00,2.516e-06
55,Cs,M5,0,50,30,0.967910,1.947e-04,0.000e+00,2.471e-06
55,Cs,M5,0,50,100,0.954154,2.251e-04,0.000e+00,2.560e-06
55,Cs,M5,50,150,10,1.155050,9.685e-05,0.000e+00,0.000e+00
55,Cs,M5,50,150,30,1.121795,1.516e-04,0.000e+00,0.000e+00
55,Cs,M5,50,150,100,1.091684,1.974e-04,0.000e+00,0.000e+00
56,Ba,L1,0,100,10,1.024193,1.072e-05,0.000e+00,1.224e-04
56,Ba,L1,0,100,30,1.002227,7.862e-06,0.000e+00,1.222e-04
56,Ba,L1,0,100,100,0.954490,2.928e-05,0.000e+00,1.231e-04
56,Ba,L1,0,200,10,1.022603,2.100e-05,0.000e+00,2.787e-05
56,Ba,L1,0,200,30,1.000237,1.855e-05,0.000e+00,2.771e-05
56,Ba,L1,0,200,100,0.947062,3.805e-05,0.000e+00,2.798e-05
56,Ba,L1,0,50,10,1.027042,9.218e-06,0.000e+00,1.201e-04
56,Ba,L1,0,50,30,1.005917,5.922e-06,0.000e+00,1.201e-04
56,Ba,L1,0,50,100,0.967688,2.663e-05,0.000e+00,1.199e-04
56,Ba,L1,50,150,10,1.021118,1.896e-05,0.000e+00,0.000e+00
56,Ba,L1,50,150,30,0.998304,1.655e-05,0.000e+00,0.000e+00
56,Ba,L1,50,150,100,0.940307,3.691e-05,0.000e+00,0.000e+00
56,Ba,L2,0,100,10,1.128193,1.740e-05,0.000e+00,1.358e-04
56,Ba,L2,0,100,30,1.105473,2.170e-05,0.000e+00,1.346e-04
56,Ba,L2,0,100,100,1.055463,5.917e-05,0.000e+00,1.327e-04
56,Ba,L2,0,200,10,1.116835,3.539e-05,0.000e+00,3.151e-05
56,Ba,L2,0,200,30,1.093482,3.852e-05,0.000e+00,3.106e-05
56,Ba,L2,0,200,100,1.040817,7.080e-05,0.000e+00,3.045e-05
56,Ba,L2,0,50,10,1.144409,3.040e-06,0.000e+00,1.306e-04
56,Ba,L2,0,50,30,1.123393,8.244e-06,0.000e+00,1.296e-04
56,Ba,L2,0,50,100,1.079064,5.002e-05,0.000e+00,1.275e-04
56,Ba,L2,50,150,10,1.108532,3.702e-05,0.000e+00,0.000e+00
56,Ba,L2,50,150,30,1.084315,3.965e-05,0.000e+00,0.000e+00
56,Ba,L2,50,150,100,1.028744,7.079e-05,0.000e+00,0.000e+00
56,Ba,L3,0,100,10,1.133678,1.816e-05,0.000e+00,1.365e-04
56,Ba,L3,0,100,30,1.110386,2.219e-05,0.000e+00,1.350e-04
56,Ba,L3,0,100,100,1.059107,6.669e-05,0.000e+00,1.325e-04
56,Ba,L3,0,200,10,1.122506,3.754e-05,0.000e+00,3.180e-05
56,Ba,L3,0,200,30,1.098380,4.035e-05,0.000e+00,3.126e-05
56,Ba,L3,0,200,100,1.043993,8.286e-05,0.000e+00,3.050e-05
56,Ba,L3,0,50,10,1.149366,2.976e-06,0.000e+00,1.311e-04
56,Ba,L3,0,50,30,1.128136,7.752e-06,0.000e+00,1.298e-04
56,Ba,L3,0,50,100,1.083239,5.427e-05,0.000e+00,1.271e-04
56,Ba,L3,50,150,10,1.114452,3.931e-05,0.000e+00,0.000e+00
56,Ba,L3,50,150,30,1.089289,4.193e-05,0.000e+00,0.000e+00
56,Ba,L3,50,150,100,1.031675,8.395e-05,0.000e+00,0.000e+00
56,Ba,M1,0,100,10,1.015529,1.359e-05,0.000e+00,1.322e-04
56,Ba,M1,0,100,30,0.986134,1.931e-05,0.000e+00,1.280e-04
56,Ba,M1,0,100,100,1.066727,3.205e-04,0.000e+00,1.110e-04
56,Ba,M1,0,200,10,1.013598,4.315e-05,0.000e+00,3.234e-05
56,Ba,M1,0,200,30,0.969988,1.196e-05,0.000e+00,3.151e-05
56,Ba,M1,0,200,100,0.994464,3.140e-04,0.000e+00,2.859e-05
56,Ba,M1,0,50,10,1.019324,2.300e-06,0.000e+00,1.247e-04
56,Ba,M1,0,50,30,1.018246,2.453e-05,0.000e+00,1.178e-04
56,Ba,M1,0,50,100,1.202548,3.376e-04,0.000e+00,9.364e-05
56,Ba,M1,50,150,10,1.011260,4.323e-05,0.000e+00,0.000e+00
56,Ba,M1,50,150,30,0.950384,7.600e-06,0.000e+00,0.000e+00
56,Ba,M1,50,150,100,0.913527,3.073e-04,0.000e+00,0.000e+00
56,Ba,M2,0,100,10,1.198785,4.349e-06,0.000e+00,1.402e-04
56,Ba,M2,0,100,30,1.240239,2.776e-05,0.000e+00,1.295e-04
56,Ba,M2,0,100,100,1.242210,2.136e-04,0.000e+00,1.210e-04
56,Ba,M2,0,200,10,1.164581,3.114e-05,0.000e+00,3.554e-05
56,Ba,M2,0,200,30,1.161603,5.315e-05,0.000e+00,3.402e-05
56,Ba,M2,0,200,100,1.130305,2.369e-04,0.000e+00,3.234e-05
56,Ba,M2,0,50,10,1.256908,2.252e-05,0.000e+00,1.256e-04
56,Ba,M2,0,50,30,1.388199,2.111e-05,0.000e+00,1.084e-04
56,Ba,M2,0,50,100,1.452479,2.264e-04,0.000e+00,9.742e-05
56,Ba,M2,50,150,10,1.128425,3.361e-05,0.000e+00,0.000e+00
56,Ba,M2,50,150,30,1.067316,5.305e-05,0.000e+00,0.000e+00
56,Ba,M2,50,150,100,0.999259,2.223e-04,0.000e+00,0.000e+00
56,Ba,M3,0,100,10,1.184304,6.882e-06,0.000e+00,1.409e-04
56,Ba,M3,0,100,30,1.221863,4.562e-05,0.000e+00,1.252e-04
56,Ba,M3,0,100,100,1.225904,2.265e-04,0.000e+00,1.134e-04
56,Ba,M3,0,200,10,1.153058,4.648e-05,0.000e+00,3.610e-05
56,Ba,M3,0,200,30,1.149567,7.231e-05,0.000e+00,3.313e-05
56,Ba,M3,0,200,100,1.122232,2.594e-04,0.000e+00,3.047e-05
56,Ba,M3,0,50,10,1.235622,1.468e-05,0.000e+00,1.258e-04
56,Ba,M3,0,50,30,1.353825,3.637e-05,0.000e+00,1.052e-04
56,Ba,M3,0,50,100,1.414877,2.259e-04,0.000e+00,9.196e-05
56,Ba,M3,50,150,10,1.120594,5.104e-05,0.000e+00,0.000e+00
56,Ba,M3,50,150,30,1.064529,7.035e-05,0.000e+00,0.000e+00
56,Ba,M3,50,150,100,1.003426,2.529e-04,0.000e+00,0.000e+00
56,Ba,M4,0,100,10,1.832371,1.005e-04,0.000e+00,1.119e-04
56,Ba,M4,0,100,30,1.762089,1.583e-04,0.000e+00,1.099e-04
56,Ba,M4,0,100,100,1.708428,2.117e-04,0.000e+00,1.091e-04
56,Ba,M4,0,200,10,1.571301,1.366e-04,0.000e+00,3.555e-05
56,Ba,M4,0,200,30,1.506218,1.896e-04,0.000e+00,3.427e-05
56,Ba,M4,0,200,100,1.454714,2.403e-04,0.000e+00,3.371e-05
56,Ba,M4,0,50,10,2.335755,1.198e-04,0.000e+00,7.712e-05
56,Ba,M4,0,50,30,2.252060,1.764e-04,0.000e+00,7.651e-05
56,Ba,M4,0,50,100,2.188792,2.337e-04,0.000e+00,7.630e-05
56,Ba,M4,50,150,10,1.159058,1.237e-04,0.000e+00,0.000e+00
56,Ba,M4,50,150,30,1.124974,1.799e-04,0.000e+00,0.000e+00
56,Ba,M4,50,150,100,1.091986,2.269e-04,0.000e+00,0.000e+00
56,Ba,M5,0,100,10,1.816194,1.011e-04,0.000e+00,8.948e-05
56,Ba,M5,0,100,30,1.746884,1.603e-04,0.000e+00,8.788e-05
56,Ba,M5,0,100,100,1.694616,2.125e-04,0.000e+00,8.727e-05
56,Ba,M5,0,200,10,1.556258,1.386e-04,0.000e+00,2.860e-05
56,Ba,M5,0,200,30,1.492242,1.919e-04,0.000e+00,2.754e-05
56,Ba,M5,0,200,100,1.442082,2.424e-04,0.000e+00,2.710e-05
56,Ba,M5,0,50,10,2.301195,1.185e-04,0.000e+00,6.176e-05
56,Ba,M5,0,50,30,2.219336,1.742e-04,0.000e+00,6.125e-05
56,Ba,M5,0,50,100,2.158236,2.341e-04,0.000e+00,6.110e-05
56,Ba,M5,50,150,10,1.158827,1.269e-04,0.000e+00,0.000e+00
56,Ba,M5,50,150,30,1.124684,1.851e-04,0.000e+00,0.000e+00
56,Ba,M5,50,150,100,1.092136,2.281e-04,0.000e+00,0.000e+00
57,La,L1,0,100,10,1.005338,1.091e-05,0.000e+00,1.220e-04
57,La,L1,0,100,30,0.985770,8.582e-06,0.000e+00,1.215e-04
57,La,L1,0,100,100,0.931598,2.782e-05,0.000e+00,1.201e-04
57,La,L1,0,200,10,1.004878,2.052e-05,0.000e+00,2.772e-05
57,La,L1,0,200,30,0.985261,1.848e-05,0.000e+00,2.747e-05
57,La,L1,0,200,100,0.930119,3.626e-05,0.000e+00,2.707e-05
57,La,L1,0,50,10,1.006518,8.492e-06,0.000e+00,1.200e-04
57,La,L1,0,50,30,0.987117,5.935e-06,0.000e+00,1.197e-04
57,La,L1,0,50,100,0.934036,2.515e-05,0.000e+00,1.184e-04
57,La,L1,50,150,10,1.004204,1.901e-05,0.000e+00,0.000e+00
57,La,L1,50,150,30,0.984484,1.694e-05,0.000e+00,0.000e+00
57,La,L1,50,150,100,0.928863,3.511e-05,0.000e+00,0.000e+00
57,La,L2,0,100,10,1.097048,1.637e-05,0.000e+00,1.258e-04
57,La,L2,0,100,30,1.076440,2.055e-05,0.000e+00,1.245e-04
57,La,L2,0,100,100,1.024248,6.609e-05,0.000e+00,1.220e-04
57,La,L2,0,200,10,1.090506,3.323e-05,0.000e+00,2.903e-05
57,La,L2,0,200,30,1.070237,3.627e-05,0.000e+00,2.856e-05
57,La,L2,0,200,100,1.018516,7.642e-05,0.000e+00,2.773e-05
57,La,L2,0,50,10,1.106165,5.545e-06,0.000e+00,1.217e-04
57,La,L2,0,50,30,1.085216,1.037e-05,0.000e+00,1.209e-04
57,La,L2,0,50,100,1.032378,5.868e-05,0.000e+00,1.190e-04
57,La,L2,50,150,10,1.085850,3.346e-05,0.000e+00,0.000e+00
57,La,L2,50,150,30,1.065792,3.632e-05,0.000e+00,0.000e+00
57,La,L2,50,150,100,1.014481,7.655e-05,0.000e+00,0.000e+00
57,La,L3,0,100,10,1.103132,1.680e-05,0.000e+00,1.275e-04
57,La,L3,0,100,30,1.081527,2.070e-05,0.000e+00,1.261e-04
57,La,L3,0,100,100,1.027133,5.857e-05,0.000e+00,1.233e-04
57,La,L3,0,200,10,1.096610,3.519e-05,0.000e+00,2.955e-05
57,La,L3,0,200,30,1.075357,3.799e-05,0.000e+00,2.901e-05
57,La,L3,0,200,100,1.021407,7.283e-05,0.000e+00,2.810e-05
57,La,L3,0,50,10,1.112144,5.156e-06,0.000e+00,1.231e-04
57,La,L3,0,50,30,1.090177,1.000e-05,0.000e+00,1.222e-04
57,La,L3,0,50,100,1.035142,5.003e-05,0.000e+00,1.201e-04
57,La,L3,50,150,10,1.091974,3.555e-05,0.000e+00,0.000e+00
57,La,L3,50,150,30,1.070951,3.796e-05,0.000e+00,0.000e+00
57,La,L3,50,150,100,1.017426,7.258e-05,0.000e+00,0.000e+00
57,La,M1,0,100,10,0.993126,1.413e-05,0.000e+00,1.312e-04
57,La,M1,0,100,30,0.934832,1.219e-05,0.000e+00,1.247e-04
57,La,M1,0,100,100,0.895936,3.240e-04,0.000e+00,9.777e-05
57,La,M1,0,200,10,0.993301,4.220e-05,0.000e+00,3.189e-05
57,La,M1,0,200,30,0.935615,1.478e-05,0.000e+00,2.999e-05
57,La,M1,0,200,100,0.895988,3.348e-04,0.000e+00,2.319e-05
57,La,M1,0,50,10,0.993849,2.878e-06,0.000e+00,1.245e-04
57,La,M1,0,50,30,0.934956,1.902e-05,0.000e+00,1.190e-04
57,La,M1,0,50,100,0.892628,3.221e-04,0.000e+00,9.488e-05
57,La,M1,50,150,10,0.992721,4.226e-05,0.000e+00,0.000e+00
57,La,M1,50,150,30,0.935244,1.122e-05,0.000e+00,0.000e+00
57,La,M1,50,150,100,0.898135,3.361e-04,0.000e+00,0.000e+00
57,La,M2,0,100,10,1.118713,3.386e-06,0.000e+00,1.270e-04
57,La,M2,0,100,30,1.053881,3.112e-05,0.000e+00,1.065e-04
57,La,M2,0,100,100,0.982956,2.345e-04,0.000e+00,8.711e-05
57,La,M2,0,200,10,1.111148,3.464e-05,0.000e+00,3.129e-05
57,La,M2,0,200,30,1.049931,5.498e-05,0.000e+00,2.600e-05
57,La,M2,0,200,100,0.979460,2.384e-04,0.000e+00,2.092e-05
57,La,M2,0,50,10,1.126492,9.193e-06,0.000e+00,1.191e-04
57,La,M2,0,50,30,1.055874,3.449e-05,0.000e+00,1.012e-04
57,La,M2,0,50,100,0.981091,2.505e-04,0.000e+00,8.415e-05
57,La,M2,50,150,10,1.107030,3.423e-05,0.000e+00,0.000e+00
57,La,M2,50,150,30,1.049254,4.971e-05,0.000e+00,0.000e+00
57,La,M2,50,150,100,0.981479,2.274e-04,0.000e+00,0.000e+00
57,La,M3,0,100,10,1.111103,1.314e-05,0.000e+00,1.313e-04
57,La,M3,0,100,30,1.052307,4.769e-05,0.000e+00,1.121e-04
57,La,M3,0,100,100,0.989374,2.170e-04,0.000e+00,9.402e-05
57,La,M3,0,200,10,1.103531,4.920e-05,0.000e+00,3.278e-05
57,La,M3,0,200,30,1.047668,7.332e-05,0.000e+00,2.771e-05
57,La,M3,0,200,100,0.984609,2.451e-04,0.000e+00,2.287e-05
57,La,M3,0,50,10,1.119005,2.530e-06,0.000e+00,1.221e-04
57,La,M3,0,50,30,1.055373,4.141e-05,0.000e+00,1.055e-04
57,La,M3,0,50,100,0.989527,2.240e-04,0.000e+00,8.991e-05
57,La,M3,50,150,10,1.099134,5.043e-05,0.000e+00,0.000e+00
57,La,M3,50,150,30,1.046292,7.272e-05,0.000e+00,0.000e+00
57,La,M3,50,150,100,0.985495,2.347e-04,0.000e+00,0.000e+00
57,La,M4,0,100,10,1.114234,1.367e-04,0.000e+00,2.781e-05
57,La,M4,0,100,30,1.083723,1.933e-04,0.000e+00,2.707e-05
57,La,M4,0,100,100,1.053161,2.461e-04,0.000e+00,2.688e-05
57,La,M4,0,200,10,1.113915,1.624e-04,0.000e+00,7.290e-06
57,La,M4,0,200,30,1.084013,2.132e-04,0.000e+00,6.938e-06
57,La,M4,0,200,100,1.051833,2.646e-04,0.000e+00,6.808e-06
57,La,M4,0,50,10,1.098334,1.696e-04,0.000e+00,2.632e-05
57,La,M4,0,50,30,1.067363,2.387e-04,0.000e+00,2.594e-05
57,La,M4,0,50,100,1.037449,2.789e-04,0.000e+00,2.590e-05
57,La,M4,50,150,10,1.126286,1.447e-04,0.000e+00,0.000e+00
57,La,M4,50,150,30,1.096194,1.868e-04,0.000e+00,0.000e+00
57,La,M4,50,150,100,1.063689,2.472e-04,0.000e+00,0.000e+00
57,La,M5,0,100,10,1.115970,1.383e-04,0.000e+00,2.968e-05
57,La,M5,0,100,30,1.085289,1.921e-04,0.000e+00,2.884e-05
57,La,M5,0,100,100,1.055182,2.488e-04,0.000e+00,2.865e-05
57,La,M5,0,200,10,1.114835,1.651e-04,0.000e+00,7.820e-06
57,La,M5,0,200,30,1.084762,2.161e-04,0.000e+00,7.430e-06
57,La,M5,0,200,100,1.052987,2.674e-04,0.000e+00,7.294e-06
57,La,M5,0,50,10,1.101886,1.699e-04,0.000e+00,2.793e-05
57,La,M5,0,50,30,1.070708,2.319e-04,0.000e+00,2.749e-05
57,La,M5,0,50,100,1.041272,2.816e-04,0.000e+00,2.746e-05
57,La,M5,50,150,10,1.126051,1.481e-04,0.000e+00,0.000e+00
57,La,M5,50,150,30,1.095868,1.946e-04,0.000e+00,0.000e+00
57,La,M5,50,150,100,1.063777,2.506e-04,0.000e+00,0.000e+00
58,Ce,L1,0,100,10,1.002648,1.116e-05,0.000e+00,1.220e-04
58,Ce,L1,0,100,30,0.983631,8.562e-06,0.000e+00,1.215e-04
58,Ce,L1,0,100,100,0.929853,2.207e-05,0.000e+00,1.202e-04
58,Ce,L1,0,200,10,1.002151,2.014e-05,0.000e+00,2.768e-05
58,Ce,L1,0,200,30,0.983080,1.787e-05,0.000e+00,2.745e-05
58,Ce,L1,0,200,100,0.928399,3.125e-05,0.000e+00,2.707e-05
58,Ce,L1,0,50,10,1.003920,8.941e-06,0.000e+00,1.201e-04
58,Ce,L1,0,50,30,0.985072,6.054e-06,0.000e+00,1.198e-04
58,Ce,L1,0,50,100,0.932276,1.923e-05,0.000e+00,1.185e-04
58,Ce,L1,50,150,10,1.001429,1.853e-05,0.000e+00,0.000e+00
58,Ce,L1,50,150,30,0.982256,1.630e-05,0.000e+00,0.000e+00
58,Ce,L1,50,150,100,0.927150,2.986e-05,0.000e+00,0.000e+00
58,Ce,L2,0,100,10,1.096762,1.540e-05,0.000e+00,1.263e-04
58,Ce,L2,0,100,30,1.076621,1.922e-05,0.000e+00,1.251e-04
58,Ce,L2,0,100,100,1.024731,6.461e-05,0.000e+00,1.225e-04
58,Ce,L2,0,200,10,1.089765,3.177e-05,0.000e+00,2.913e-05
58,Ce,L2,0,200,30,1.069996,3.465e-05,0.000e+00,2.867e-05
58,Ce,L2,0,200,100,1.018725,7.618e-05,0.000e+00,2.783e-05
58,Ce,L2,0,50,10,1.106577,4.772e-06,0.000e+00,1.221e-04
58,Ce,L2,0,50,30,1.086035,9.196e-06,0.000e+00,1.213e-04
58,Ce,L2,0,50,100,1.033287,5.707e-05,0.000e+00,1.195e-04
58,Ce,L2,50,150,10,1.084735,3.202e-05,0.000e+00,0.000e+00
58,Ce,L2,50,150,30,1.065210,3.474e-05,0.000e+00,0.000e+00
58,Ce,L2,50,150,100,1.014463,7.609e-05,0.000e+00,0.000e+00
58,Ce,L3,0,100,10,1.102932,1.607e-05,0.000e+00,1.282e-04
58,Ce,L3,0,100,30,1.081725,1.975e-05,0.000e+00,1.268e-04
58,Ce,L3,0,100,100,1.027532,6.269e-05,0.000e+00,1.239e-04
58,Ce,L3,0,200,10,1.095966,3.396e-05,0.000e+00,2.968e-05
58,Ce,L3,0,200,30,1.075156,3.638e-05,0.000e+00,2.915e-05
58,Ce,L3,0,200,100,1.021573,7.257e-05,0.000e+00,2.821e-05
58,Ce,L3,0,50,10,1.112632,4.499e-06,0.000e+00,1.237e-04
58,Ce,L3,0,50,30,1.090989,9.062e-06,0.000e+00,1.228e-04
58,Ce,L3,0,50,100,1.035906,5.590e-05,0.000e+00,1.207e-04
58,Ce,L3,50,150,10,1.090956,3.441e-05,0.000e+00,0.000e+00
58,Ce,L3,50,150,30,1.070419,3.647e-05,0.000e+00,0.000e+00
58,Ce,L3,50,150,100,1.017396,7.218e-05,0.000e+00,0.000e+00
58,Ce,M1,0,100,10,0.983366,1.349e-05,0.000e+00,1.308e-04
58,Ce,M1,0,100,30,0.926158,1.409e-05,0.000e+00,1.245e-04
58,Ce,M1,0,100,100,0.884426,3.055e-04,0.000e+00,9.612e-05
58,Ce,M1,0,200,10,0.983629,4.031e-05,0.000e+00,3.168e-05
58,Ce,M1,0,200,30,0.927214,1.217e-05,0.000e+00,2.984e-05
58,Ce,M1,0,200,100,0.886386,3.252e-04,0.000e+00,2.269e-05
58,Ce,M1,0,50,10,0.984104,2.799e-06,0.000e+00,1.243e-04
58,Ce,M1,0,50,30,0.925911,2.430e-05,0.000e+00,1.192e-04
58,Ce,M1,0,50,100,0.877872,3.008e-04,0.000e+00,9.385e-05
58,Ce,M1,50,150,10,0.983017,4.017e-05,0.000e+00,0.000e+00
58,Ce,M1,50,150,30,0.927051,1.136e-05,0.000e+00,0.000e+00
58,Ce,M1,50,150,100,0.890371,3.279e-04,0.000e+00,0.000e+00
58,Ce,M2,0,100,10,1.111909,2.675e-06,0.000e+00,1.270e-04
58,Ce,M2,0,100,30,1.045251,3.338e-05,0.000e+00,1.062e-04
58,Ce,M2,0,100,100,0.971056,2.491e-04,0.000e+00,8.514e-05
58,Ce,M2,0,200,10,1.104618,3.288e-05,0.000e+00,3.119e-05
58,Ce,M2,0,200,30,1.042802,5.395e-05,0.000e+00,2.578e-05
58,Ce,M2,0,200,100,0.970466,2.489e-04,0.000e+00,2.032e-05
58,Ce,M2,0,50,10,1.119398,9.658e-06,0.000e+00,1.194e-04
58,Ce,M2,0,50,30,1.044871,3.960e-05,0.000e+00,1.014e-04
58,Ce,M2,0,50,100,0.964438,2.509e-04,0.000e+00,8.293e-05
58,Ce,M2,50,150,10,1.100682,3.254e-05,0.000e+00,0.000e+00
58,Ce,M2,50,150,30,1.043550,4.538e-05,0.000e+00,0.000e+00
58,Ce,M2,50,150,100,0.975198,2.482e-04,0.000e+00,0.000e+00
58,Ce,M3,0,100,10,1.103582,1.318e-05,0.000e+00,1.315e-04
58,Ce,M3,0,100,30,1.043249,4.183e-05,0.000e+00,1.119e-04
58,Ce,M3,0,100,100,0.977507,2.254e-04,0.000e+00,9.230e-05
58,Ce,M3,0,200,10,1.096265,4.796e-05,0.000e+00,3.271e-05
58,Ce,M3,0,200,30,1.039995,6.893e-05,0.000e+00,2.752e-05
58,Ce,M3,0,200,100,0.975390,2.381e-04,0.000e+00,2.232e-05
58,Ce,M3,0,50,10,1.111263,2.576e-06,0.000e+00,1.225e-04
58,Ce,M3,0,50,30,1.044186,3.957e-05,0.000e+00,1.058e-04
58,Ce,M3,0,50,100,0.973402,2.374e-04,0.000e+00,8.893e-05
58,Ce,M3,50,150,10,1.092010,4.936e-05,0.000e+00,0.000e+00
58,Ce,M3,50,150,30,1.039940,6.688e-05,0.000e+00,0.000e+00
58,Ce,M3,50,150,100,0.978780,2.279e-04,0.000e+00,0.000e+00
58,Ce,M4,0,100,10,1.084406,1.393e-04,0.000e+00,2.098e-05
58,Ce,M4,0,100,30,1.055960,2.006e-04,0.000e+00,2.043e-05
58,Ce,M4,0,100,100,1.025899,2.466e-04,0.000e+00,2.031e-05
58,Ce,M4,0,200,10,1.092155,1.615e-04,0.000e+00,5.415e-06
58,Ce,M4,0,200,30,1.064225,2.119e-04,0.000e+00,5.158e-06
58,Ce,M4,0,200,100,1.032574,2.632e-04,0.000e+00,5.068e-06
58,Ce,M4,0,50,10,1.054542,1.749e-04,0.000e+00,2.030e-05
58,Ce,M4,0,50,30,1.025871,2.420e-04,0.000e+00,2.001e-05
58,Ce,M4,0,50,100,0.996615,2.811e-04,0.000e+00,2.001e-05
58,Ce,M4,50,150,10,1.113611,1.436e-04,0.000e+00,0.000e+00
58,Ce,M4,50,150,30,1.084916,1.883e-04,0.000e+00,0.000e+00
58,Ce,M4,50,150,100,1.052613,2.454e-04,0.000e+00,0.000e+00
58,Ce,M5,0,100,10,1.085458,1.401e-04,0.000e+00,2.220e-05
58,Ce,M5,0,100,30,1.056903,2.011e-04,0.000e+00,2.157e-05
58,Ce,M5,0,100,100,1.027344,2.480e-04,0.000e+00,2.147e-05
58,Ce,M5,0,200,10,1.092500,1.637e-04,0.000e+00,5.763e-06
58,Ce,M5,0,200,30,1.064462,2.155e-04,0.000e+00,5.477e-06
58,Ce,M5,0,200,100,1.033262,2.660e-04,0.000e+00,5.386e-06
58,Ce,M5,0,50,10,1.057217,1.743e-04,0.000e+00,2.136e-05
58,Ce,M5,0,50,30,1.028412,2.446e-04,0.000e+00,2.102e-05
58,Ce,M5,0,50,100,0.999684,2.811e-04,0.000e+00,2.104e-05
58,Ce,M5,50,150,10,1.113104,1.465e-04,0.000e+00,0.000e+00
58,Ce,M5,50,150,30,1.084350,1.910e-04,0.000e+00,0.000e+00
58,Ce,M5,50,150,100,1.052494,2.491e-04,0.000e+00,0.000e+00
59,Pr,L1,0,100,10,1.013614,1.060e-05,0.000e+00,1.223e-04
59,Pr,L1,0,100,30,0.992712,8.058e-06,0.000e+00,1.223e-04
59,Pr,L1,0,100,100,0.937765,1.910e-05,0.000e+00,1.245e-04
59,Pr,L1,0,200,10,1.012277,1.907e-05,0.000e+00,2.775e-05
59,Pr,L1,0,200,30,0.991279,1.685e-05,0.000e+00,2.764e-05
59,Pr,L1,0,200,100,0.935110,2.792e-05,0.000e+00,2.808e-05
59,Pr,L1,0,50,10,1.016128,9.711e-06,0.000e+00,1.202e-04
59,Pr,L1,0,50,30,0.995466,6.599e-06,0.000e+00,1.204e-04
59,Pr,L1,0,50,100,0.941975,1.664e-05,0.000e+00,1.224e-04
59,Pr,L1,50,150,10,1.010956,1.686e-05,0.000e+00,0.000e+00
59,Pr,L1,50,150,30,0.989821,1.487e-05,0.000e+00,0.000e+00
59,Pr,L1,50,150,100,0.932995,2.624e-05,0.000e+00,0.000e+00
59,Pr,L2,0,100,10,1.121099,1.461e-05,0.000e+00,1.367e-04
59,Pr,L2,0,100,30,1.097735,1.809e-05,0.000e+00,1.357e-04
59,Pr,L2,0,100,100,1.041966,5.610e-05,0.000e+00,1.338e-04
59,Pr,L2,0,200,10,1.109883,3.140e-05,0.000e+00,3.158e-05
59,Pr,L2,0,200,30,1.087102,3.391e-05,0.000e+00,3.116e-05
59,Pr,L2,0,200,100,1.032455,7.011e-05,0.000e+00,3.048e-05
59,Pr,L2,0,50,10,1.136715,1.408e-07,0.000e+00,1.316e-04
59,Pr,L2,0,50,30,1.112684,4.289e-06,0.000e+00,1.310e-04
59,Pr,L2,0,50,100,1.055401,4.448e-05,0.000e+00,1.297e-04
59,Pr,L2,50,150,10,1.101891,3.336e-05,0.000e+00,0.000e+00
59,Pr,L2,50,150,30,1.079514,3.566e-05,0.000e+00,0.000e+00
59,Pr,L2,50,150,100,1.025757,7.134e-05,0.000e+00,0.000e+00
59,Pr,L3,0,100,10,1.126613,1.516e-05,0.000e+00,1.384e-04
59,Pr,L3,0,100,30,1.101987,1.829e-05,0.000e+00,1.373e-04
59,Pr,L3,0,100,100,1.043970,6.519e-05,0.000e+00,1.356e-04
59,Pr,L3,0,200,10,1.115726,3.341e-05,0.000e+00,3.208e-05
59,Pr,L3,0,200,30,1.091718,3.556e-05,0.000e+00,3.163e-05
59,Pr,L3,0,200,100,1.034815,7.718e-05,0.000e+00,3.098e-05
59,Pr,L3,0,50,10,1.141565,2.496e-07,0.000e+00,1.330e-04
59,Pr,L3,0,50,30,1.116230,3.506e-06,0.000e+00,1.324e-04
59,Pr,L3,0,50,100,1.056699,5.377e-05,0.000e+00,1.314e-04
59,Pr,L3,50,150,10,1.108031,3.561e-05,0.000e+00,0.000e+00
59,Pr,L3,50,150,30,1.084459,3.758e-05,0.000e+00,0.000e+00
59,Pr,L3,50,150,100,1.028461,7.884e-05,0.000e+00,0.000e+00
59,Pr,M1,0,100,10,0.983507,1.207e-05,0.000e+00,1.311e-04
59,Pr,M1,0,100,30,0.925070,2.393e-05,0.000e+00,1.309e-04
59,Pr,M1,0,100,100,0.884533,2.804e-04,0.000e+00,1.257e-04
59,Pr,M1,0,200,10,0.982850,3.815e-05,0.000e+00,3.169e-05
59,Pr,M1,0,200,30,0.924638,5.309e-06,0.000e+00,3.138e-05
59,Pr,M1,0,200,100,0.884358,3.046e-04,0.000e+00,2.997e-05
59,Pr,M1,0,50,10,0.985543,2.363e-06,0.000e+00,1.246e-04
59,Pr,M1,0,50,30,0.927115,3.674e-05,0.000e+00,1.248e-04
59,Pr,M1,0,50,100,0.882734,2.824e-04,0.000e+00,1.203e-04
59,Pr,M1,50,150,10,0.981472,3.752e-05,0.000e+00,0.000e+00
59,Pr,M1,50,150,30,0.923061,6.151e-06,0.000e+00,0.000e+00
59,Pr,M1,50,150,100,0.885549,2.991e-04,0.000e+00,0.000e+00
59,Pr,M2,0,100,10,1.124120,4.103e-06,0.000e+00,1.406e-04
59,Pr,M2,0,100,30,1.049892,2.252e-05,0.000e+00,1.295e-04
59,Pr,M2,0,100,100,0.971755,2.453e-04,0.000e+00,1.176e-04
59,Pr,M2,0,200,10,1.113734,2.776e-05,0.000e+00,3.459e-05
59,Pr,M2,0,200,30,1.045763,4.436e-05,0.000e+00,3.165e-05
59,Pr,M2,0,200,100,0.970487,2.537e-04,0.000e+00,2.841e-05
59,Pr,M2,0,50,10,1.136129,2.130e-05,0.000e+00,1.314e-04
59,Pr,M2,0,50,30,1.052919,2.276e-05,0.000e+00,1.219e-04
59,Pr,M2,0,50,100,0.968280,2.490e-04,0.000e+00,1.119e-04
59,Pr,M2,50,150,10,1.107089,2.998e-05,0.000e+00,0.000e+00
59,Pr,M2,50,150,30,1.044491,3.802e-05,0.000e+00,0.000e+00
59,Pr,M2,50,150,100,0.973553,2.515e-04,0.000e+00,0.000e+00
59,Pr,M3,0,100,10,1.113822,6.013e-06,0.000e+00,1.462e-04
59,Pr,M3,0,100,30,1.047615,3.204e-05,0.000e+00,1.401e-04
59,Pr,M3,0,100,100,0.979411,2.341e-04,0.000e+00,1.332e-04
59,Pr,M3,0,200,10,1.103471,4.292e-05,0.000e+00,3.643e-05
59,Pr,M3,0,200,30,1.042184,6.160e-05,0.000e+00,3.468e-05
59,Pr,M3,0,200,100,0.975673,2.386e-04,0.000e+00,3.261e-05
59,Pr,M3,0,50,10,1.125917,1.464e-05,0.000e+00,1.355e-04
59,Pr,M3,0,50,30,1.052791,2.835e-05,0.000e+00,1.306e-04
59,Pr,M3,0,50,100,0.979983,2.384e-04,0.000e+00,1.253e-04
59,Pr,M3,50,150,10,1.096482,4.689e-05,0.000e+00,0.000e+00
59,Pr,M3,50,150,30,1.039483,5.865e-05,0.000e+00,0.000e+00
59,Pr,M3,50,150,100,0.976290,2.327e-04,0.000e+00,0.000e+00
59,Pr,M4,0,100,10,1.072602,1.006e-04,0.000e+00,9.512e-05
59,Pr,M4,0,100,30,1.043089,1.617e-04,0.000e+00,9.279e-05
59,Pr,M4,0,100,100,1.014919,2.094e-04,0.000e+00,9.173e-05
59,Pr,M4,0,200,10,1.083966,1.297e-04,0.000e+00,2.517e-05
59,Pr,M4,0,200,30,1.054649,1.813e-04,0.000e+00,2.404e-05
59,Pr,M4,0,200,100,1.024361,2.336e-04,0.000e+00,2.349e-05
59,Pr,M4,0,50,10,1.044564,1.231e-04,0.000e+00,8.733e-05
59,Pr,M4,0,50,30,1.015359,1.841e-04,0.000e+00,8.619e-05
59,Pr,M4,0,50,100,0.988849,2.342e-04,0.000e+00,8.571e-05
59,Pr,M4,50,150,10,1.107162,1.167e-04,0.000e+00,0.000e+00
59,Pr,M4,50,150,30,1.076575,1.700e-04,0.000e+00,0.000e+00
59,Pr,M4,50,150,100,1.044767,2.184e-04,0.000e+00,0.000e+00
59,Pr,M5,0,100,10,1.078172,1.002e-04,0.000e+00,1.263e-04
59,Pr,M5,0,100,30,1.048467,1.630e-04,0.000e+00,1.231e-04
59,Pr,M5,0,100,100,1.020758,2.110e-04,0.000e+00,1.217e-04
59,Pr,M5,0,200,10,1.086791,1.311e-04,0.000e+00,3.370e-05
59,Pr,M5,0,200,30,1.057297,1.823e-04,0.000e+00,3.219e-05
59,Pr,M5,0,200,100,1.027446,2.360e-04,0.000e+00,3.145e-05
59,Pr,M5,0,50,10,1.055905,1.210e-04,0.000e+00,1.145e-04
59,Pr,M5,0,50,30,1.026414,1.850e-04,0.000e+00,1.130e-04
59,Pr,M5,0,50,100,1.000332,2.329e-04,0.000e+00,1.123e-04
59,Pr,M5,50,150,10,1.105890,1.190e-04,0.000e+00,0.000e+00
59,Pr,M5,50,150,30,1.075361,1.685e-04,0.000e+00,0.000e+00
59,Pr,M5,50,150,100,1.044089,2.219e-04,0.000e+00,0.000e+00
60,Nd,L1,0,100,10,1.010069,1.061e-05,0.000e+00,1.223e-04
60,Nd,L1,0,100,30,0.989953,8.364e-06,0.000e+00,1.223e-04
60,Nd,L1,0,100,100,0.935430,1.629e-05,0.000e+00,1.244e-04
60,Nd,L1,0,200,10,1.008734,1.852e-05,0.000e+00,2.771e-05
60,Nd,L1,0,200,30,0.988514,1.657e-05,0.000e+00,2.763e-05
60,Nd,L1,0,200,100,0.932881,2.484e-05,0.000e+00,2.805e-05
60,Nd,L1,0,50,10,1.012615,9.743e-06,0.000e+00,1.203e-04
60,Nd,L1,0,50,30,0.992747,6.965e-06,0.000e+00,1.205e-04
60,Nd,L1,0,50,100,0.939521,1.432e-05,0.000e+00,1.224e-04
60,Nd,L1,50,150,10,1.007383,1.644e-05,0.000e+00,0.000e+00
60,Nd,L1,50,150,30,0.987023,1.469e-05,0.000e+00,0.000e+00
60,Nd,L1,50,150,100,0.930811,2.292e-05,0.000e+00,0.000e+00
60,Nd,L2,0,100,10,1.120560,1.366e-05,0.000e+00,1.391e-04
60,Nd,L2,0,100,30,1.097897,1.673e-05,0.000e+00,1.380e-04
60,Nd,L2,0,100,100,1.042311,4.872e-05,0.000e+00,1.357e-04
60,Nd,L2,0,200,10,1.108580,3.012e-05,0.000e+00,3.212e-05
60,Nd,L2,0,200,30,1.086559,3.243e-05,0.000e+00,3.169e-05
60,Nd,L2,0,200,100,1.032352,6.292e-05,0.000e+00,3.092e-05
60,Nd,L2,0,50,10,1.137469,8.610e-07,0.000e+00,1.338e-04
60,Nd,L2,0,50,30,1.114035,2.939e-06,0.000e+00,1.331e-04
60,Nd,L2,0,50,100,1.056539,3.672e-05,0.000e+00,1.315e-04
60,Nd,L2,50,150,10,1.099874,3.219e-05,0.000e+00,0.000e+00
60,Nd,L2,50,150,30,1.078315,3.421e-05,0.000e+00,0.000e+00
60,Nd,L2,50,150,100,1.025209,6.436e-05,0.000e+00,0.000e+00
60,Nd,L3,0,100,10,1.126099,1.402e-05,0.000e+00,1.408e-04
60,Nd,L3,0,100,30,1.102068,1.694e-05,0.000e+00,1.396e-04
60,Nd,L3,0,100,100,1.044067,6.322e-05,0.000e+00,1.373e-04
60,Nd,L3,0,200,10,1.114512,3.208e-05,0.000e+00,3.263e-05
60,Nd,L3,0,200,30,1.091182,3.410e-05,0.000e+00,3.216e-05
60,Nd,L3,0,200,100,1.034611,7.661e-05,0.000e+00,3.135e-05
60,Nd,L3,0,50,10,1.142246,1.383e-06,0.000e+00,1.352e-04
60,Nd,L3,0,50,30,1.117365,2.202e-06,0.000e+00,1.345e-04
60,Nd,L3,0,50,100,1.057360,5.139e-05,0.000e+00,1.330e-04
60,Nd,L3,50,150,10,1.106151,3.430e-05,0.000e+00,0.000e+00
60,Nd,L3,50,150,30,1.083334,3.612e-05,0.000e+00,0.000e+00
60,Nd,L3,50,150,100,1.027929,7.818e-05,0.000e+00,0.000e+00
60,Nd,M1,0,100,10,0.975420,1.135e-05,0.000e+00,1.305e-04
60,Nd,M1,0,100,30,0.919475,2.551e-05,0.000e+00,1.290e-04
60,Nd,M1,0,100,100,0.875491,2.314e-04,0.000e+00,1.149e-04
60,Nd,M1,0,200,10,0.974522,3.617e-05,0.000e+00,3.148e-05
60,Nd,M1,0,200,30,0.918157,3.787e-06,0.000e+00,3.086e-05
60,Nd,M1,0,200,100,0.876008,2.545e-04,0.000e+00,2.733e-05
60,Nd,M1,0,50,10,0.978001,2.228e-06,0.000e+00,1.242e-04
60,Nd,M1,0,50,30,0.922862,3.659e-05,0.000e+00,1.230e-04
60,Nd,M1,0,50,100,0.871966,2.257e-04,0.000e+00,1.104e-04
60,Nd,M1,50,150,10,0.972797,3.532e-05,0.000e+00,0.000e+00
60,Nd,M1,50,150,30,0.915780,3.392e-06,0.000e+00,0.000e+00
60,Nd,M1,50,150,100,0.878183,2.498e-04,0.000e+00,0.000e+00
60,Nd,M2,0,100,10,1.118613,5.260e-06,0.000e+00,1.409e-04
60,Nd,M2,0,100,30,1.040811,1.888e-05,0.000e+00,1.253e-04
60,Nd,M2,0,100,100,0.957299,2.399e-04,0.000e+00,1.081e-04
60,Nd,M2,0,200,10,1.108557,2.580e-05,0.000e+00,3.454e-05
60,Nd,M2,0,200,30,1.038970,4.069e-05,0.000e+00,3.046e-05
60,Nd,M2,0,200,100,0.960464,2.553e-04,0.000e+00,2.594e-05
60,Nd,M2,0,50,10,1.130290,2.206e-05,0.000e+00,1.318e-04
60,Nd,M2,0,50,30,1.040216,1.266e-05,0.000e+00,1.185e-04
60,Nd,M2,0,50,100,0.946735,2.465e-04,0.000e+00,1.038e-04
60,Nd,M2,50,150,10,1.102110,2.785e-05,0.000e+00,0.000e+00
60,Nd,M2,50,150,30,1.039905,3.893e-05,0.000e+00,0.000e+00
60,Nd,M2,50,150,100,0.967772,2.505e-04,0.000e+00,0.000e+00
60,Nd,M3,0,100,10,1.107792,5.688e-06,0.000e+00,1.461e-04
60,Nd,M3,0,100,30,1.038277,3.317e-05,0.000e+00,1.343e-04
60,Nd,M3,0,100,100,0.965209,2.437e-04,0.000e+00,1.212e-04
60,Nd,M3,0,200,10,1.097754,4.162e-05,0.000e+00,3.628e-05
60,Nd,M3,0,200,30,1.035011,6.003e-05,0.000e+00,3.307e-05
60,Nd,M3,0,200,100,0.965637,2.504e-04,0.000e+00,2.949e-05
60,Nd,M3,0,50,10,1.119583,1.477e-05,0.000e+00,1.356e-04
60,Nd,M3,0,50,30,1.040002,2.968e-05,0.000e+00,1.258e-04
60,Nd,M3,0,50,100,0.959094,2.449e-04,0.000e+00,1.150e-04
60,Nd,M3,50,150,10,1.090955,4.554e-05,0.000e+00,0.000e+00
60,Nd,M3,50,150,30,1.034480,5.570e-05,0.000e+00,0.000e+00
60,Nd,M3,50,150,100,0.970375,2.491e-04,0.000e+00,0.000e+00
60,Nd,M4,0,100,10,1.036199,9.981e-05,0.000e+00,6.682e-05
60,Nd,M4,0,100,30,1.008746,1.491e-04,0.000e+00,6.520e-05
60,Nd,M4,0,100,100,0.981438,2.050e-04,0.000e+00,6.447e-05
60,Nd,M4,0,200,10,1.058925,1.272e-04,0.000e+00,1.740e-05
60,Nd,M4,0,200,30,1.031500,1.716e-04,0.000e+00,1.663e-05
60,Nd,M4,0,200,100,1.001945,2.274e-04,0.000e+00,1.626e-05
60,Nd,M4,0,50,10,0.989716,1.226e-04,0.000e+00,6.279e-05
60,Nd,M4,0,50,30,0.962949,1.720e-04,0.000e+00,6.198e-05
60,Nd,M4,0,50,100,0.937639,2.298e-04,0.000e+00,6.165e-05
60,Nd,M4,50,150,10,1.095861,1.144e-04,0.000e+00,0.000e+00
60,Nd,M4,50,150,30,1.066290,1.625e-04,0.000e+00,0.000e+00
60,Nd,M4,50,150,100,1.034601,2.137e-04,0.000e+00,0.000e+00
60,Nd,M5,0,100,10,1.039833,9.799e-05,0.000e+00,8.800e-05
60,Nd,M5,0,100,30,1.012310,1.493e-04,0.000e+00,8.584e-05
60,Nd,M5,0,100,100,0.985577,2.050e-04,0.000e+00,8.486e-05
60,Nd,M5,0,200,10,1.060345,1.274e-04,0.000e+00,2.312e-05
60,Nd,M5,0,200,30,1.032864,1.732e-04,0.000e+00,2.209e-05
60,Nd,M5,0,200,100,1.003845,2.299e-04,0.000e+00,2.159e-05
60,Nd,M5,0,50,10,0.998193,1.180e-04,0.000e+00,8.164e-05
60,Nd,M5,0,50,30,0.971280,1.667e-04,0.000e+00,8.057e-05
60,Nd,M5,0,50,100,0.946549,2.268e-04,0.000e+00,8.013e-05
60,Nd,M5,50,150,10,1.094375,1.159e-04,0.000e+00,0.000e+00
60,Nd,M5,50,150,30,1.064898,1.673e-04,0.000e+00,0.000e+00
60,Nd,M5,50,150,100,1.033767,2.174e-04,0.000e+00,0.000e+00
61,Pm,L1,0,100,10,1.006605,1.088e-05,0.000e+00,1.223e-04
61,Pm,L1,0,100,30,0.987254,8.510e-06,0.000e+00,1.224e-04
61,Pm,L1,0,100,100,0.933191,1.667e-05,0.000e+00,1.248e-04
61,Pm,L1,0,200,10,1.005250,1.818e-05,0.000e+00,2.768e-05
61,Pm,L1,0,200,30,0.985790,1.612e-05,0.000e+00,2.762e-05
61,Pm,L1,0,200,100,0.930717,2.417e-05,0.000e+00,2.810e-05
61,Pm,L1,0,50,10,1.009200,1.009e-05,0.000e+00,1.203e-04
61,Pm,L1,0,50,30,0.990105,7.277e-06,0.000e+00,1.206e-04
61,Pm,L1,0,50,100,0.937206,1.424e-05,0.000e+00,1.228e-04
61,Pm,L1,50,150,10,1.003876,1.615e-05,0.000e+00,0.000e+00
61,Pm,L1,50,150,30,0.984271,1.421e-05,0.000e+00,0.000e+00
61,Pm,L1,50,150,100,0.928683,2.285e-05,0.000e+00,0.000e+00
61,Pm,L2,0,100,10,1.120125,1.269e-05,0.000e+00,1.417e-04
61,Pm,L2,0,100,30,1.098157,1.551e-05,0.000e+00,1.405e-04
61,Pm,L2,0,100,100,1.042768,4.409e-05,0.000e+00,1.380e-04
61,Pm,L2,0,200,10,1.107403,2.890e-05,0.000e+00,3.269e-05
61,Pm,L2,0,200,30,1.086129,3.109e-05,0.000e+00,3.227e-05
61,Pm,L2,0,200,100,1.032360,5.691e-05,0.000e+00,3.144e-05
61,Pm,L2,0,50,10,1.138252,1.720e-06,0.000e+00,1.361e-04
61,Pm,L2,0,50,30,1.115426,1.762e-06,0.000e+00,1.354e-04
61,Pm,L2,0,50,100,1.057766,3.270e-05,0.000e+00,1.336e-04
61,Pm,L2,50,150,10,1.098036,3.094e-05,0.000e+00,0.000e+00
61,Pm,L2,50,150,30,1.077272,3.288e-05,0.000e+00,0.000e+00
61,Pm,L2,50,150,100,1.024794,5.818e-05,0.000e+00,0.000e+00
61,Pm,L3,0,100,10,1.125670,1.310e-05,0.000e+00,1.435e-04
61,Pm,L3,0,100,30,1.102233,1.583e-05,0.000e+00,1.422e-04
61,Pm,L3,0,100,100,1.044255,5.485e-05,0.000e+00,1.396e-04
61,Pm,L3,0,200,10,1.113414,3.104e-05,0.000e+00,3.322e-05
61,Pm,L3,0,200,30,1.090752,3.284e-05,0.000e+00,3.274e-05
61,Pm,L3,0,200,100,1.034505,6.979e-05,0.000e+00,3.186e-05
61,Pm,L3,0,50,10,1.142922,2.317e-06,0.000e+00,1.377e-04
61,Pm,L3,0,50,30,1.118513,1.101e-06,0.000e+00,1.369e-04
61,Pm,L3,0,50,100,1.058076,4.248e-05,0.000e+00,1.350e-04
61,Pm,L3,50,150,10,1.104447,3.333e-05,0.000e+00,0.000e+00
61,Pm,L3,50,150,30,1.082366,3.490e-05,0.000e+00,0.000e+00
61,Pm,L3,50,150,100,1.027524,7.129e-05,0.000e+00,0.000e+00
61,Pm,M1,0,100,10,0.966175,1.078e-05,0.000e+00,1.303e-04
61,Pm,M1,0,100,30,0.909093,2.424e-05,0.000e+00,1.289e-04
61,Pm,M1,0,100,100,0.858652,2.033e-04,0.000e+00,1.107e-04
61,Pm,M1,0,200,10,0.965806,3.463e-05,0.000e+00,3.132e-05
61,Pm,M1,0,200,30,0.909587,3.609e-06,0.000e+00,3.067e-05
61,Pm,M1,0,200,100,0.864262,2.296e-04,0.000e+00,2.613e-05
61,Pm,M1,0,50,10,0.968079,1.866e-06,0.000e+00,1.243e-04
61,Pm,M1,0,50,30,0.909927,3.476e-05,0.000e+00,1.234e-04
61,Pm,M1,0,50,100,0.847565,2.084e-04,0.000e+00,1.074e-04
61,Pm,M1,50,150,10,0.964491,3.381e-05,0.000e+00,0.000e+00
61,Pm,M1,50,150,30,0.908801,2.946e-06,0.000e+00,0.000e+00
61,Pm,M1,50,150,100,0.871056,2.218e-04,0.000e+00,0.000e+00
61,Pm,M2,0,100,10,1.113971,5.836e-06,0.000e+00,1.422e-04
61,Pm,M2,0,100,30,1.033219,1.396e-05,0.000e+00,1.244e-04
61,Pm,M2,0,100,100,0.944490,2.279e-04,0.000e+00,1.038e-04
61,Pm,M2,0,200,10,1.104115,2.449e-05,0.000e+00,3.475e-05
61,Pm,M2,0,200,30,1.033226,3.636e-05,0.000e+00,3.010e-05
61,Pm,M2,0,200,100,0.951516,2.451e-04,0.000e+00,2.477e-05
61,Pm,M2,0,50,10,1.125535,2.241e-05,0.000e+00,1.332e-04
61,Pm,M2,0,50,30,1.029886,6.056e-06,0.000e+00,1.181e-04
61,Pm,M2,0,50,100,0.928046,2.328e-04,0.000e+00,1.004e-04
61,Pm,M2,50,150,10,1.097736,2.650e-05,0.000e+00,0.000e+00
61,Pm,M2,50,150,30,1.035806,3.610e-05,0.000e+00,0.000e+00
61,Pm,M2,50,150,100,0.962300,2.406e-04,0.000e+00,0.000e+00
61,Pm,M3,0,100,10,1.102654,4.614e-06,0.000e+00,1.473e-04
61,Pm,M3,0,100,30,1.030481,3.015e-05,0.000e+00,1.327e-04
61,Pm,M3,0,100,100,0.952774,2.392e-04,0.000e+00,1.161e-04
61,Pm,M3,0,200,10,1.092801,4.012e-05,0.000e+00,3.648e-05
61,Pm,M3,0,200,30,1.028938,5.599e-05,0.000e+00,3.255e-05
61,Pm,M3,0,200,100,0.956775,2.531e-04,0.000e+00,2.808e-05
61,Pm,M3,0,50,10,1.114353,1.557e-05,0.000e+00,1.369e-04
61,Pm,M3,0,50,30,1.029623,2.294e-05,0.000e+00,1.248e-04
61,Pm,M3,0,50,100,0.941206,2.410e-04,0.000e+00,1.108e-04
61,Pm,M3,50,150,10,1.086061,4.383e-05,0.000e+00,0.000e+00
61,Pm,M3,50,150,30,1.030008,5.362e-05,0.000e+00,0.000e+00
61,Pm,M3,50,150,100,0.964842,2.505e-04,0.000e+00,0.000e+00
61,Pm,M4,0,100,10,1.004727,9.777e-05,0.000e+00,5.149e-05
61,Pm,M4,0,100,30,0.978990,1.471e-04,0.000e+00,5.026e-05
61,Pm,M4,0,100,100,0.952413,2.025e-04,0.000e+00,4.972e-05
61,Pm,M4,0,200,10,1.037261,1.239e-04,0.000e+00,1.322e-05
61,Pm,M4,0,200,30,1.011408,1.696e-04,0.000e+00,1.264e-05
61,Pm,M4,0,200,100,0.982463,2.226e-04,0.000e+00,1.236e-05
61,Pm,M4,0,50,10,0.943095,1.195e-04,0.000e+00,4.937e-05
61,Pm,M4,0,50,30,0.918347,1.777e-04,0.000e+00,4.874e-05
61,Pm,M4,0,50,100,0.894055,2.282e-04,0.000e+00,4.850e-05
61,Pm,M4,50,150,10,1.085223,1.119e-04,0.000e+00,0.000e+00
61,Pm,M4,50,150,30,1.056547,1.533e-04,0.000e+00,0.000e+00
61,Pm,M4,50,150,100,1.024974,2.085e-04,0.000e+00,0.000e+00
61,Pm,M5,0,100,10,1.006812,9.542e-05,0.000e+00,6.799e-05
61,Pm,M5,0,100,30,0.981102,1.441e-04,0.000e+00,6.633e-05
61,Pm,M5,0,100,100,0.955210,2.011e-04,0.000e+00,6.560e-05
61,Pm,M5,0,200,10,1.037519,1.238e-04,0.000e+00,1.762e-05
61,Pm,M5,0,200,30,1.011705,1.689e-04,0.000e+00,1.684e-05
61,Pm,M5,0,200,100,0.983392,2.235e-04,0.000e+00,1.646e-05
61,Pm,M5,0,50,10,0.949418,1.134e-04,0.000e+00,6.431e-05
61,Pm,M5,0,50,30,0.924629,1.661e-04,0.000e+00,6.346e-05
61,Pm,M5,0,50,100,0.901046,2.227e-04,0.000e+00,6.314e-05
61,Pm,M5,50,150,10,1.083535,1.137e-04,0.000e+00,0.000e+00
61,Pm,M5,50,150,30,1.054979,1.593e-04,0.000e+00,0.000e+00
61,Pm,M5,50,150,100,1.023994,2.114e-04,0.000e+00,0.000e+00
62,Sm,L1,0,100,10,1.003199,1.078e-05,0.000e+00,1.223e-04
62,Sm,L1,0,100,30,0.984594,8.505e-06,0.000e+00,1.225e-04
62,Sm,L1,0,100,100,0.930999,1.462e-05,0.000e+00,1.253e-04
62,Sm,L1,0,200,10,1.001812,1.761e-05,0.000e+00,2.767e-05
62,Sm,L1,0,200,30,0.983091,1.561e-05,0.000e+00,2.763e-05
62,Sm,L1,0,200,100,0.928583,2.122e-05,0.000e+00,2.820e-05
62,Sm,L1,0,50,10,1.005855,1.009e-05,0.000e+00,1.204e-04
62,Sm,L1,0,50,30,0.987511,7.339e-06,0.000e+00,1.207e-04
62,Sm,L1,0,50,100,0.934955,1.269e-05,0.000e+00,1.233e-04
62,Sm,L1,50,150,10,1.000413,1.556e-05,0.000e+00,0.000e+00
62,Sm,L1,50,150,30,0.981546,1.372e-05,0.000e+00,0.000e+00
62,Sm,L1,50,150,100,0.926581,1.964e-05,0.000e+00,0.000e+00
62,Sm,L2,0,100,10,1.119784,1.178e-05,0.000e+00,1.444e-04
62,Sm,L2,0,100,30,1.098503,1.455e-05,0.000e+00,1.433e-04
62,Sm,L2,0,100,100,1.043320,4.971e-05,0.000e+00,1.406e-04
62,Sm,L2,0,200,10,1.106305,2.790e-05,0.000e+00,3.331e-05
62,Sm,L2,0,200,30,1.085765,3.000e-05,0.000e+00,3.290e-05
62,Sm,L2,0,200,100,1.032443,5.939e-05,0.000e+00,3.203e-05
62,Sm,L2,0,50,10,1.139081,2.527e-06,0.000e+00,1.386e-04
62,Sm,L2,0,50,30,1.116864,7.335e-07,0.000e+00,1.379e-04
62,Sm,L2,0,50,100,1.059066,3.927e-05,0.000e+00,1.360e-04
62,Sm,L2,50,150,10,1.096321,2.996e-05,0.000e+00,0.000e+00
62,Sm,L2,50,150,30,1.076333,3.195e-05,0.000e+00,0.000e+00
62,Sm,L2,50,150,100,1.024483,6.118e-05,0.000e+00,0.000e+00
62,Sm,L3,0,100,10,1.125319,1.206e-05,0.000e+00,1.463e-04
62,Sm,L3,0,100,30,1.102467,1.444e-05,0.000e+00,1.450e-04
62,Sm,L3,0,100,100,1.044480,4.814e-05,0.000e+00,1.421e-04
62,Sm,L3,0,200,10,1.112391,2.986e-05,0.000e+00,3.386e-05
62,Sm,L3,0,200,30,1.090383,3.146e-05,0.000e+00,3.337e-05
62,Sm,L3,0,200,100,1.034434,6.323e-05,0.000e+00,3.243e-05
62,Sm,L3,0,50,10,1.143611,3.367e-06,0.000e+00,1.402e-04
62,Sm,L3,0,50,30,1.119672,2.881e-07,0.000e+00,1.394e-04
62,Sm,L3,0,50,100,1.058780,3.538e-05,0.000e+00,1.374e-04
62,Sm,L3,50,150,10,1.102873,3.227e-05,0.000e+00,0.000e+00
62,Sm,L3,50,150,30,1.081508,3.361e-05,0.000e+00,0.000e+00
62,Sm,L3,50,150,100,1.027195,6.499e-05,0.000e+00,0.000e+00
62,Sm,M1,0,100,10,0.958065,9.968e-06,0.000e+00,1.301e-04
62,Sm,M1,0,100,30,0.901937,2.326e-05,0.000e+00,1.288e-04
62,Sm,M1,0,100,100,0.847361,1.977e-04,0.000e+00,1.083e-04
62,Sm,M1,0,200,10,0.957777,3.280e-05,0.000e+00,3.116e-05
62,Sm,M1,0,200,30,0.902662,2.873e-06,0.000e+00,3.056e-05
62,Sm,M1,0,200,100,0.855232,2.111e-04,0.000e+00,2.546e-05
62,Sm,M1,0,50,10,0.959951,1.461e-06,0.000e+00,1.242e-04
62,Sm,M1,0,50,30,0.902479,3.306e-05,0.000e+00,1.236e-04
62,Sm,M1,0,50,100,0.832759,2.095e-04,0.000e+00,1.055e-04
62,Sm,M1,50,150,10,0.956460,3.177e-05,0.000e+00,0.000e+00
62,Sm,M1,50,150,30,0.902039,1.647e-06,0.000e+00,0.000e+00
62,Sm,M1,50,150,100,0.864063,1.994e-04,0.000e+00,0.000e+00
62,Sm,M2,0,100,10,1.109934,7.339e-06,0.000e+00,1.441e-04
62,Sm,M2,0,100,30,1.026536,9.255e-06,0.000e+00,1.250e-04
62,Sm,M2,0,100,100,0.932538,2.012e-04,0.000e+00,1.020e-04
62,Sm,M2,0,200,10,1.100194,2.239e-05,0.000e+00,3.512e-05
62,Sm,M2,0,200,30,1.028146,3.228e-05,0.000e+00,3.014e-05
62,Sm,M2,0,200,100,0.943163,2.211e-04,0.000e+00,2.419e-05
62,Sm,M2,0,50,10,1.121493,2.381e-05,0.000e+00,1.351e-04
62,Sm,M2,0,50,30,1.020940,2.145e-06,0.000e+00,1.191e-04
62,Sm,M2,0,50,100,0.910848,2.050e-04,0.000e+00,9.926e-05
62,Sm,M2,50,150,10,1.093828,2.439e-05,0.000e+00,0.000e+00
62,Sm,M2,50,150,30,1.032070,3.170e-05,0.000e+00,0.000e+00
62,Sm,M2,50,150,100,0.957030,2.164e-04,0.000e+00,0.000e+00
62,Sm,M3,0,100,10,1.098137,3.409e-06,0.000e+00,1.493e-04
62,Sm,M3,0,100,30,1.023613,2.482e-05,0.000e+00,1.331e-04
62,Sm,M3,0,100,100,0.941272,2.306e-04,0.000e+00,1.140e-04
62,Sm,M3,0,200,10,1.088386,3.831e-05,0.000e+00,3.685e-05
62,Sm,M3,0,200,30,1.023554,5.182e-05,0.000e+00,3.253e-05
62,Sm,M3,0,200,100,0.948561,2.509e-04,0.000e+00,2.743e-05
62,Sm,M3,0,50,10,1.109837,1.682e-05,0.000e+00,1.388e-04
62,Sm,M3,0,50,30,1.020619,1.306e-05,0.000e+00,1.255e-04
62,Sm,M3,0,50,100,0.924871,2.337e-04,0.000e+00,1.094e-04
62,Sm,M3,50,150,10,1.081658,4.212e-05,0.000e+00,0.000e+00
62,Sm,M3,50,150,30,1.025938,5.255e-05,0.000e+00,0.000e+00
62,Sm,M3,50,150,100,0.959568,2.476e-04,0.000e+00,0.000e+00
62,Sm,M4,0,100,10,0.975991,9.523e-05,0.000e+00,4.221e-05
62,Sm,M4,0,100,30,0.951752,1.508e-04,0.000e+00,4.122e-05
62,Sm,M4,0,100,100,0.925856,1.983e-04,0.000e+00,4.078e-05
62,Sm,M4,0,200,10,1.017526,1.204e-04,0.000e+00,1.069e-05
62,Sm,M4,0,200,30,0.993034,1.686e-04,0.000e+00,1.024e-05
62,Sm,M4,0,200,100,0.964649,2.166e-04,0.000e+00,1.001e-05
62,Sm,M4,0,50,10,0.901130,1.147e-04,0.000e+00,4.121e-05
62,Sm,M4,0,50,30,0.878129,1.797e-04,0.000e+00,4.069e-05
62,Sm,M4,0,50,100,0.854785,2.213e-04,0.000e+00,4.051e-05
62,Sm,M4,50,150,10,1.075019,1.099e-04,0.000e+00,0.000e+00
62,Sm,M4,50,150,30,1.047150,1.506e-04,0.000e+00,0.000e+00
62,Sm,M4,50,150,100,1.015690,2.049e-04,0.000e+00,0.000e+00
62,Sm,M5,0,100,10,0.976591,9.150e-05,0.000e+00,5.631e-05
62,Sm,M5,0,100,30,0.952476,1.454e-04,0.000e+00,5.495e-05
62,Sm,M5,0,100,100,0.927383,1.959e-04,0.000e+00,5.436e-05
62,Sm,M5,0,200,10,1.016646,1.194e-04,0.000e+00,1.441e-05
62,Sm,M5,0,200,30,0.992287,1.664e-04,0.000e+00,1.378e-05
62,Sm,M5,0,200,100,0.964636,2.176e-04,0.000e+00,1.348e-05
62,Sm,M5,0,50,10,0.905491,1.077e-04,0.000e+00,5.418e-05
62,Sm,M5,0,50,30,0.882563,1.727e-04,0.000e+00,5.347e-05
62,Sm,M5,0,50,100,0.860067,2.161e-04,0.000e+00,5.321e-05
62,Sm,M5,50,150,10,1.073122,1.103e-04,0.000e+00,0.000e+00
62,Sm,M5,50,150,30,1.045394,1.498e-04,0.000e+00,0.000e+00
62,Sm,M5,50,150,100,1.014555,2.063e-04,0.000e+00,0.000e+00
63,Eu,L1,0,100,10,0.999742,1.095e-05,0.000e+00,1.223e-04
63,Eu,L1,0,100,30,0.981870,8.724e-06,0.000e+00,1.227e-04
63,Eu,L1,0,100,100,0.928741,1.345e-05,0.000e+00,1.259e-04
63,Eu,L1,0,200,10,0.998326,1.729e-05,0.000e+00,2.765e-05
63,Eu,L1,0,200,30,0.980334,1.533e-05,0.000e+00,2.765e-05
63,Eu,L1,0,200,100,0.926403,2.013e-05,0.000e+00,2.832e-05
63,Eu,L1,0,50,10,1.002470,1.014e-05,0.000e+00,1.205e-04
63,Eu,L1,0,50,30,0.984860,7.511e-06,0.000e+00,1.209e-04
63,Eu,L1,0,50,100,0.932625,1.117e-05,0.000e+00,1.239e-04
63,Eu,L1,50,150,10,0.996886,1.543e-05,0.000e+00,0.000e+00
63,Eu,L1,50,150,30,0.978748,1.356e-05,0.000e+00,0.000e+00
63,Eu,L1,50,150,100,0.924429,1.890e-05,0.000e+00,0.000e+00
63,Eu,L2,0,100,10,1.119473,1.068e-05,0.000e+00,1.473e-04
63,Eu,L2,0,100,30,1.098869,1.320e-05,0.000e+00,1.462e-04
63,Eu,L2,0,100,100,1.043874,4.824e-05,0.000e+00,1.434e-04
63,Eu,L2,0,200,10,1.105256,2.672e-05,0.000e+00,3.396e-05
63,Eu,L2,0,200,30,1.085439,2.864e-05,0.000e+00,3.356e-05
63,Eu,L2,0,200,100,1.032558,5.927e-05,0.000e+00,3.267e-05
63,Eu,L2,0,50,10,1.139902,3.575e-06,0.000e+00,1.412e-04
63,Eu,L2,0,50,30,1.118286,5.338e-07,0.000e+00,1.405e-04
63,Eu,L2,0,50,100,1.060319,3.730e-05,0.000e+00,1.385e-04
63,Eu,L2,50,150,10,1.094664,2.885e-05,0.000e+00,0.000e+00
63,Eu,L2,50,150,30,1.075439,3.056e-05,0.000e+00,0.000e+00
63,Eu,L2,50,150,100,1.024214,6.102e-05,0.000e+00,0.000e+00
63,Eu,L3,0,100,10,1.124960,1.092e-05,0.000e+00,1.492e-04
63,Eu,L3,0,100,30,1.102679,1.307e-05,0.000e+00,1.479e-04
63,Eu,L3,0,100,100,1.044642,4.279e-05,0.000e+00,1.449e-04
63,Eu,L3,0,200,10,1.111393,2.866e-05,0.000e+00,3.452e-05
63,Eu,L3,0,200,30,1.090031,3.013e-05,0.000e+00,3.404e-05
63,Eu,L3,0,200,100,1.034359,5.719e-05,0.000e+00,3.306e-05
63,Eu,L3,0,50,10,1.144234,4.401e-06,0.000e+00,1.429e-04
63,Eu,L3,0,50,30,1.120747,1.660e-06,0.000e+00,1.421e-04
63,Eu,L3,0,50,100,1.059326,3.040e-05,0.000e+00,1.399e-04
63,Eu,L3,50,150,10,1.101343,3.108e-05,0.000e+00,0.000e+00
63,Eu,L3,50,150,30,1.080686,3.237e-05,0.000e+00,0.000e+00
63,Eu,L3,50,150,100,1.026898,5.879e-05,0.000e+00,0.000e+00
63,Eu,M1,0,100,10,0.949997,9.605e-06,0.000e+00,1.298e-04
63,Eu,M1,0,100,30,0.894839,2.524e-05,0.000e+00,1.289e-04
63,Eu,M1,0,100,100,0.836066,2.165e-04,0.000e+00,1.070e-04
63,Eu,M1,0,200,10,0.949787,3.140e-05,0.000e+00,3.102e-05
63,Eu,M1,0,200,30,0.895775,5.544e-07,0.000e+00,3.051e-05
63,Eu,M1,0,200,100,0.846203,2.080e-04,0.000e+00,2.505e-05
63,Eu,M1,0,50,10,0.951879,1.373e-06,0.000e+00,1.242e-04
63,Eu,M1,0,50,30,0.895138,3.558e-05,0.000e+00,1.239e-04
63,Eu,M1,0,50,100,0.818047,2.325e-04,0.000e+00,1.047e-04
63,Eu,M1,50,150,10,0.948453,3.037e-05,0.000e+00,0.000e+00
63,Eu,M1,50,150,30,0.895276,3.061e-07,0.000e+00,0.000e+00
63,Eu,M1,50,150,100,0.857008,1.974e-04,0.000e+00,0.000e+00
63,Eu,M2,0,100,10,1.106108,8.312e-06,0.000e+00,1.463e-04
63,Eu,M2,0,100,30,1.020075,6.334e-06,0.000e+00,1.264e-04
63,Eu,M2,0,100,100,0.920548,1.867e-04,0.000e+00,1.013e-04
63,Eu,M2,0,200,10,1.096495,2.083e-05,0.000e+00,3.556e-05
63,Eu,M2,0,200,30,1.023273,2.937e-05,0.000e+00,3.036e-05
63,Eu,M2,0,200,100,0.934839,2.056e-04,0.000e+00,2.390e-05
63,Eu,M2,0,50,10,1.117651,2.480e-05,0.000e+00,1.372e-04
63,Eu,M2,0,50,30,1.012316,4.693e-07,0.000e+00,1.208e-04
63,Eu,M2,0,50,100,0.893671,1.909e-04,0.000e+00,9.915e-05
63,Eu,M2,50,150,10,1.090136,2.299e-05,0.000e+00,0.000e+00
63,Eu,M2,50,150,30,1.028461,2.854e-05,0.000e+00,0.000e+00
63,Eu,M2,50,150,100,0.951752,2.003e-04,0.000e+00,0.000e+00
63,Eu,M3,0,100,10,1.093835,2.183e-06,0.000e+00,1.515e-04
63,Eu,M3,0,100,30,1.016946,1.997e-05,0.000e+00,1.345e-04
63,Eu,M3,0,100,100,0.929711,2.195e-04,0.000e+00,1.132e-04
63,Eu,M3,0,200,10,1.084201,3.675e-05,0.000e+00,3.731e-05
63,Eu,M3,0,200,30,1.018371,4.793e-05,0.000e+00,3.273e-05
63,Eu,M3,0,200,100,0.940368,2.412e-04,0.000e+00,2.712e-05
63,Eu,M3,0,50,10,1.105514,1.812e-05,0.000e+00,1.411e-04
63,Eu,M3,0,50,30,1.011875,6.349e-06,0.000e+00,1.271e-04
63,Eu,M3,0,50,100,0.908492,2.160e-04,0.000e+00,1.092e-04
63,Eu,M3,50,150,10,1.077485,4.065e-05,0.000e+00,0.000e+00
63,Eu,M3,50,150,30,1.022015,5.014e-05,0.000e+00,0.000e+00
63,Eu,M3,50,150,100,0.954307,2.405e-04,0.000e+00,0.000e+00
63,Eu,M4,0,100,10,0.947546,9.159e-05,0.000e+00,3.561e-05
63,Eu,M4,0,100,30,0.924735,1.469e-04,0.000e+00,3.478e-05
63,Eu,M4,0,100,100,0.899590,1.960e-04,0.000e+00,3.442e-05
63,Eu,M4,0,200,10,0.998002,1.166e-04,0.000e+00,8.905e-06
63,Eu,M4,0,200,30,0.974805,1.613e-04,0.000e+00,8.532e-06
63,Eu,M4,0,200,100,0.947034,2.116e-04,0.000e+00,8.344e-06
63,Eu,M4,0,50,10,0.860099,1.088e-04,0.000e+00,3.537e-05
63,Eu,M4,0,50,30,0.838751,1.664e-04,0.000e+00,3.493e-05
63,Eu,M4,0,50,100,0.816437,2.179e-04,0.000e+00,3.478e-05
63,Eu,M4,50,150,10,1.064652,1.070e-04,0.000e+00,0.000e+00
63,Eu,M4,50,150,30,1.037570,1.480e-04,0.000e+00,0.000e+00
63,Eu,M4,50,150,100,1.006264,1.992e-04,0.000e+00,0.000e+00
63,Eu,M5,0,100,10,0.946415,8.724e-05,0.000e+00,4.813e-05
63,Eu,M5,0,100,30,0.923832,1.423e-04,0.000e+00,4.698e-05
63,Eu,M5,0,100,100,0.899619,1.915e-04,0.000e+00,4.648e-05
63,Eu,M5,0,200,10,0.995800,1.149e-04,0.000e+00,1.217e-05
63,Eu,M5,0,200,30,0.972840,1.609e-04,0.000e+00,1.165e-05
63,Eu,M5,0,200,100,0.945916,2.110e-04,0.000e+00,1.139e-05
63,Eu,M5,0,50,10,0.862202,9.987e-05,0.000e+00,4.705e-05
63,Eu,M5,0,50,30,0.841040,1.607e-04,0.000e+00,4.643e-05
63,Eu,M5,0,50,100,0.819729,2.081e-04,0.000e+00,4.622e-05
63,Eu,M5,50,150,10,1.062546,1.076e-04,0.000e+00,0.000e+00
63,Eu,M5,50,150,30,1.035629,1.473e-04,0.000e+00,0.000e+00
63,Eu,M5,50,150,100,1.004978,2.017e-04,0.000e+00,0.000e+00
64,Gd,L1,0,100,10,0.996661,1.176e-05,0.000e+00,1.226e-04
64,Gd,L1,0,100,30,0.979709,9.582e-06,0.000e+00,1.225e-04
64,Gd,L1,0,100,100,0.927309,1.508e-05,0.000e+00,1.222e-04
64,Gd,L1,0,200,10,0.995154,1.763e-05,0.000e+00,2.769e-05
64,Gd,L1,0,200,30,0.978148,1.577e-05,0.000e+00,2.758e-05
64,Gd,L1,0,200,100,0.925130,2.041e-05,0.000e+00,2.744e-05
64,Gd,L1,0,50,10,0.999401,9.842e-06,0.000e+00,1.209e-04
64,Gd,L1,0,50,30,0.982586,7.569e-06,0.000e+00,1.209e-04
64,Gd,L1,0,50,100,0.930727,1.323e-05,0.000e+00,1.206e-04
64,Gd,L1,50,150,10,0.993704,1.656e-05,0.000e+00,0.000e+00
64,Gd,L1,50,150,30,0.976620,1.464e-05,0.000e+00,0.000e+00
64,Gd,L1,50,150,100,0.923412,1.941e-05,0.000e+00,0.000e+00
64,Gd,L2,0,100,10,1.110035,1.053e-05,0.000e+00,1.313e-04
64,Gd,L2,0,100,30,1.091119,1.304e-05,0.000e+00,1.303e-04
64,Gd,L2,0,100,100,1.038683,4.666e-05,0.000e+00,1.276e-04
64,Gd,L2,0,200,10,1.099788,2.516e-05,0.000e+00,3.016e-05
64,Gd,L2,0,200,30,1.081393,2.711e-05,0.000e+00,2.980e-05
64,Gd,L2,0,200,100,1.030275,5.790e-05,0.000e+00,2.895e-05
64,Gd,L2,0,50,10,1.123441,1.295e-06,0.000e+00,1.266e-04
64,Gd,L2,0,50,30,1.103949,4.197e-06,0.000e+00,1.260e-04
64,Gd,L2,0,50,100,1.049878,3.942e-05,0.000e+00,1.241e-04
64,Gd,L2,50,150,10,1.093000,2.517e-05,0.000e+00,0.000e+00
64,Gd,L2,50,150,30,1.074939,2.707e-05,0.000e+00,0.000e+00
64,Gd,L2,50,150,100,1.024752,5.779e-05,0.000e+00,0.000e+00
64,Gd,L3,0,100,10,1.116648,1.077e-05,0.000e+00,1.342e-04
64,Gd,L3,0,100,30,1.096181,1.332e-05,0.000e+00,1.330e-04
64,Gd,L3,0,100,100,1.040840,4.781e-05,0.000e+00,1.298e-04
64,Gd,L3,0,200,10,1.106662,2.722e-05,0.000e+00,3.094e-05
64,Gd,L3,0,200,30,1.086797,2.892e-05,0.000e+00,3.050e-05
64,Gd,L3,0,200,100,1.032920,5.733e-05,0.000e+00,2.950e-05
64,Gd,L3,0,50,10,1.129643,4.701e-07,0.000e+00,1.292e-04
64,Gd,L3,0,50,30,1.108494,3.598e-06,0.000e+00,1.284e-04
64,Gd,L3,0,50,100,1.051286,4.138e-05,0.000e+00,1.261e-04
64,Gd,L3,50,150,10,1.100041,2.748e-05,0.000e+00,0.000e+00
64,Gd,L3,50,150,30,1.080577,2.904e-05,0.000e+00,0.000e+00
64,Gd,L3,50,150,100,1.027768,5.710e-05,0.000e+00,0.000e+00
64,Gd,M1,0,100,10,0.943930,9.538e-06,0.000e+00,1.297e-04
64,Gd,M1,0,100,30,0.892138,1.658e-05,0.000e+00,1.258e-04
64,Gd,M1,0,100,100,0.839620,2.442e-04,0.000e+00,9.553e-05
64,Gd,M1,0,200,10,0.943730,3.039e-05,0.000e+00,3.090e-05
64,Gd,M1,0,200,30,0.892904,5.602e-06,0.000e+00,2.964e-05
64,Gd,M1,0,200,100,0.847417,2.355e-04,0.000e+00,2.208e-05
64,Gd,M1,0,50,10,0.945753,8.716e-07,0.000e+00,1.244e-04
64,Gd,M1,0,50,30,0.892531,2.381e-05,0.000e+00,1.214e-04
64,Gd,M1,0,50,100,0.824225,2.469e-04,0.000e+00,9.543e-05
64,Gd,M1,50,150,10,0.942412,2.980e-05,0.000e+00,0.000e+00
64,Gd,M1,50,150,30,0.892348,3.701e-06,0.000e+00,0.000e+00
64,Gd,M1,50,150,100,0.856175,2.392e-04,0.000e+00,0.000e+00
64,Gd,M2,0,100,10,1.101311,5.737e-07,0.000e+00,1.306e-04
64,Gd,M2,0,100,30,1.028019,1.953e-05,0.000e+00,1.111e-04
64,Gd,M2,0,100,100,0.933637,1.896e-04,0.000e+00,8.442e-05
64,Gd,M2,0,200,10,1.093355,2.424e-05,0.000e+00,3.154e-05
64,Gd,M2,0,200,30,1.028785,3.648e-05,0.000e+00,2.637e-05
64,Gd,M2,0,200,100,0.943094,1.975e-04,0.000e+00,1.959e-05
64,Gd,M2,0,50,10,1.109743,1.000e-05,0.000e+00,1.236e-04
64,Gd,M2,0,50,30,1.023437,1.946e-05,0.000e+00,1.078e-04
64,Gd,M2,0,50,100,0.912780,1.956e-04,0.000e+00,8.493e-05
64,Gd,M2,50,150,10,1.089005,2.296e-05,0.000e+00,0.000e+00
64,Gd,M2,50,150,30,1.031957,3.293e-05,0.000e+00,0.000e+00
64,Gd,M2,50,150,100,0.955351,1.943e-04,0.000e+00,0.000e+00
64,Gd,M3,0,100,10,1.089389,9.334e-06,0.000e+00,1.362e-04
64,Gd,M3,0,100,30,1.024141,3.154e-05,0.000e+00,1.179e-04
64,Gd,M3,0,100,100,0.941535,2.091e-04,0.000e+00,9.352e-05
64,Gd,M3,0,200,10,1.081382,3.965e-05,0.000e+00,3.332e-05
64,Gd,M3,0,200,30,1.023590,5.410e-05,0.000e+00,2.840e-05
64,Gd,M3,0,200,100,0.948046,2.298e-04,0.000e+00,2.204e-05
64,Gd,M3,0,50,10,1.098072,3.846e-06,0.000e+00,1.278e-04
64,Gd,M3,0,50,30,1.021618,2.620e-05,0.000e+00,1.131e-04
64,Gd,M3,0,50,100,0.925476,2.070e-04,0.000e+00,9.259e-05
64,Gd,M3,50,150,10,1.076659,3.982e-05,0.000e+00,0.000e+00
64,Gd,M3,50,150,30,1.025622,5.245e-05,0.000e+00,0.000e+00
64,Gd,M3,50,150,100,0.958033,2.290e-04,0.000e+00,0.000e+00
64,Gd,M4,0,100,10,0.993892,1.498e-04,0.000e+00,1.042e-05
64,Gd,M4,0,100,30,0.969604,1.961e-04,0.000e+00,1.017e-05
64,Gd,M4,0,100,100,0.939269,2.519e-04,0.000e+00,1.014e-05
64,Gd,M4,0,200,10,1.030630,1.574e-04,0.000e+00,2.513e-06
64,Gd,M4,0,200,30,1.006504,1.963e-04,0.000e+00,2.405e-06
64,Gd,M4,0,200,100,0.974645,2.492e-04,0.000e+00,2.369e-06
64,Gd,M4,0,50,10,0.919378,1.900e-04,0.000e+00,1.107e-05
64,Gd,M4,0,50,30,0.895584,2.319e-04,0.000e+00,1.093e-05
64,Gd,M4,0,50,100,0.866397,2.913e-04,0.000e+00,1.096e-05
64,Gd,M4,50,150,10,1.075739,1.421e-04,0.000e+00,0.000e+00
64,Gd,M4,50,150,30,1.049581,1.841e-04,0.000e+00,0.000e+00
64,Gd,M4,50,150,100,1.016392,2.361e-04,0.000e+00,0.000e+00
64,Gd,M5,0,100,10,0.992349,1.478e-04,0.000e+00,1.096e-05
64,Gd,M5,0,100,30,0.968248,1.994e-04,0.000e+00,1.064e-05
64,Gd,M5,0,100,100,0.938789,2.495e-04,0.000e+00,1.064e-05
64,Gd,M5,0,200,10,1.028625,1.577e-04,0.000e+00,2.662e-06
64,Gd,M5,0,200,30,1.004685,1.990e-04,0.000e+00,2.536e-06
64,Gd,M5,0,200,100,0.973598,2.495e-04,0.000e+00,2.505e-06
64,Gd,M5,0,50,10,0.919395,1.852e-04,0.000e+00,1.153e-05
64,Gd,M5,0,50,30,0.895764,2.359e-04,0.000e+00,1.132e-05
64,Gd,M5,0,50,100,0.867579,2.897e-04,0.000e+00,1.139e-05
64,Gd,M5,50,150,10,1.073878,1.430e-04,0.000e+00,0.000e+00
64,Gd,M5,50,150,30,1.047875,1.843e-04,0.000e+00,0.000e+00
64,Gd,M5,50,150,100,1.015343,2.342e-04,0.000e+00,0.000e+00
65,Tb,L1,0,100,10,0.992908,1.131e-05,0.000e+00,1.225e-04
65,Tb,L1,0,100,30,0.976417,8.960e-06,0.000e+00,1.231e-04
65,Tb,L1,0,100,100,0.924159,1.163e-05,0.000e+00,1.273e-04
65,Tb,L1,0,200,10,0.991405,1.648e-05,0.000e+00,2.766e-05
65,Tb,L1,0,200,30,0.974794,1.465e-05,0.000e+00,2.771e-05
65,Tb,L1,0,200,100,0.921991,1.750e-05,0.000e+00,2.862e-05
65,Tb,L1,0,50,10,0.995790,1.074e-05,0.000e+00,1.208e-04
65,Tb,L1,0,50,30,0.979553,7.828e-06,0.000e+00,1.214e-04
65,Tb,L1,0,50,100,0.927828,9.267e-06,0.000e+00,1.253e-04
65,Tb,L1,50,150,10,0.989875,1.466e-05,0.000e+00,0.000e+00
65,Tb,L1,50,150,30,0.973124,1.299e-05,0.000e+00,0.000e+00
65,Tb,L1,50,150,100,0.920108,1.635e-05,0.000e+00,0.000e+00
65,Tb,L2,0,100,10,1.119236,8.537e-06,0.000e+00,1.536e-04
65,Tb,L2,0,100,30,1.099894,1.096e-05,0.000e+00,1.526e-04
65,Tb,L2,0,100,100,1.045110,3.843e-05,0.000e+00,1.497e-04
65,Tb,L2,0,200,10,1.103535,2.462e-05,0.000e+00,3.542e-05
65,Tb,L2,0,200,30,1.085076,2.646e-05,0.000e+00,3.503e-05
65,Tb,L2,0,200,100,1.032949,5.226e-05,0.000e+00,3.410e-05
65,Tb,L2,0,50,10,1.141840,5.327e-06,0.000e+00,1.469e-04
65,Tb,L2,0,50,30,1.121334,2.569e-06,0.000e+00,1.462e-04
65,Tb,L2,0,50,100,1.062816,2.649e-05,0.000e+00,1.442e-04
65,Tb,L2,50,150,10,1.091777,2.652e-05,0.000e+00,0.000e+00
65,Tb,L2,50,150,30,1.073987,2.833e-05,0.000e+00,0.000e+00
65,Tb,L2,50,150,100,1.023905,5.376e-05,0.000e+00,0.000e+00
65,Tb,L3,0,100,10,1.124527,8.715e-06,0.000e+00,1.557e-04
65,Tb,L3,0,100,30,1.103268,1.056e-05,0.000e+00,1.544e-04
65,Tb,L3,0,100,100,1.044906,4.593e-05,0.000e+00,1.511e-04
65,Tb,L3,0,200,10,1.109736,2.660e-05,0.000e+00,3.599e-05
65,Tb,L3,0,200,30,1.089560,2.786e-05,0.000e+00,3.552e-05
65,Tb,L3,0,200,100,1.034309,5.880e-05,0.000e+00,3.447e-05
65,Tb,L3,0,50,10,1.145569,6.464e-06,0.000e+00,1.488e-04
65,Tb,L3,0,50,30,1.122843,4.145e-06,0.000e+00,1.480e-04
65,Tb,L3,0,50,100,1.059998,3.397e-05,0.000e+00,1.457e-04
65,Tb,L3,50,150,10,1.098731,2.898e-05,0.000e+00,0.000e+00
65,Tb,L3,50,150,30,1.079393,3.009e-05,0.000e+00,0.000e+00
65,Tb,L3,50,150,100,1.026589,6.083e-05,0.000e+00,0.000e+00
65,Tb,M1,0,100,10,0.934454,8.287e-06,0.000e+00,1.295e-04
65,Tb,M1,0,100,30,0.881123,2.488e-05,0.000e+00,1.297e-04
65,Tb,M1,0,100,100,0.813828,2.468e-04,0.000e+00,1.068e-04
65,Tb,M1,0,200,10,0.934405,2.814e-05,0.000e+00,3.079e-05
65,Tb,M1,0,200,30,0.882559,1.079e-06,0.000e+00,3.053e-05
65,Tb,M1,0,200,100,0.828792,2.453e-04,0.000e+00,2.483e-05
65,Tb,M1,0,50,10,0.936405,5.760e-07,0.000e+00,1.242e-04
65,Tb,M1,0,50,30,0.881220,3.615e-05,0.000e+00,1.249e-04
65,Tb,M1,0,50,100,0.789552,2.581e-04,0.000e+00,1.052e-04
65,Tb,M1,50,150,10,0.932974,2.706e-05,0.000e+00,0.000e+00
65,Tb,M1,50,150,30,0.882082,6.593e-07,0.000e+00,0.000e+00
65,Tb,M1,50,150,100,0.843146,2.392e-04,0.000e+00,0.000e+00
65,Tb,M2,0,100,10,1.099684,1.150e-05,0.000e+00,1.516e-04
65,Tb,M2,0,100,30,1.008234,6.388e-07,0.000e+00,1.310e-04
65,Tb,M2,0,100,100,0.896942,1.811e-04,0.000e+00,1.023e-04
65,Tb,M2,0,200,10,1.090321,1.696e-05,0.000e+00,3.668e-05
65,Tb,M2,0,200,30,1.014546,2.332e-05,0.000e+00,3.123e-05
65,Tb,M2,0,200,100,0.918669,1.837e-04,0.000e+00,2.392e-05
65,Tb,M2,0,50,10,1.111132,2.814e-05,0.000e+00,1.423e-04
65,Tb,M2,0,50,30,0.996347,7.430e-06,0.000e+00,1.256e-04
65,Tb,M2,0,50,100,0.859916,1.884e-04,0.000e+00,1.012e-04
65,Tb,M2,50,150,10,1.084003,1.925e-05,0.000e+00,0.000e+00
65,Tb,M2,50,150,30,1.022136,2.274e-05,0.000e+00,0.000e+00
65,Tb,M2,50,150,100,0.941646,1.757e-04,0.000e+00,0.000e+00
65,Tb,M3,0,100,10,1.086462,1.183e-06,0.000e+00,1.570e-04
65,Tb,M3,0,100,30,1.004584,1.148e-05,0.000e+00,1.391e-04
65,Tb,M3,0,100,100,0.906779,1.807e-04,0.000e+00,1.149e-04
65,Tb,M3,0,200,10,1.077080,3.300e-05,0.000e+00,3.848e-05
65,Tb,M3,0,200,30,1.008994,4.087e-05,0.000e+00,3.365e-05
65,Tb,M3,0,200,100,0.924402,2.044e-04,0.000e+00,2.730e-05
65,Tb,M3,0,50,10,1.097960,2.194e-05,0.000e+00,1.463e-04
65,Tb,M3,0,50,30,0.995346,2.686e-06,0.000e+00,1.319e-04
65,Tb,M3,0,50,100,0.875861,1.771e-04,0.000e+00,1.117e-04
65,Tb,M3,50,150,10,1.070465,3.712e-05,0.000e+00,0.000e+00
65,Tb,M3,50,150,30,1.015167,4.308e-05,0.000e+00,0.000e+00
65,Tb,M3,50,150,100,0.944386,2.019e-04,0.000e+00,0.000e+00
65,Tb,M4,0,100,10,0.892927,8.156e-05,0.000e+00,2.817e-05
65,Tb,M4,0,100,30,0.872583,1.255e-04,0.000e+00,2.754e-05
65,Tb,M4,0,100,100,0.849010,1.927e-04,0.000e+00,2.726e-05
65,Tb,M4,0,200,10,0.960702,1.070e-04,0.000e+00,6.883e-06
65,Tb,M4,0,200,30,0.939721,1.464e-04,0.000e+00,6.603e-06
65,Tb,M4,0,200,100,0.913208,2.080e-04,0.000e+00,6.458e-06
65,Tb,M4,0,50,10,0.782735,9.046e-05,0.000e+00,2.885e-05
65,Tb,M4,0,50,30,0.764262,1.297e-04,0.000e+00,2.850e-05
65,Tb,M4,0,50,100,0.744067,2.003e-04,0.000e+00,2.838e-05
65,Tb,M4,50,150,10,1.044860,1.015e-04,0.000e+00,0.000e+00
65,Tb,M4,50,150,30,1.019054,1.460e-04,0.000e+00,0.000e+00
65,Tb,M4,50,150,100,0.988061,2.033e-04,0.000e+00,0.000e+00
65,Tb,M5,0,100,10,0.887212,7.391e-05,0.000e+00,3.992e-05
65,Tb,M5,0,100,30,0.867345,1.210e-04,0.000e+00,3.899e-05
65,Tb,M5,0,100,100,0.845055,1.834e-04,0.000e+00,3.858e-05
65,Tb,M5,0,200,10,0.954989,1.028e-04,0.000e+00,9.877e-06
65,Tb,M5,0,200,30,0.934490,1.432e-04,0.000e+00,9.466e-06
65,Tb,M5,0,200,100,0.909131,2.019e-04,0.000e+00,9.257e-06
65,Tb,M5,0,50,10,0.779068,7.676e-05,0.000e+00,4.008e-05
65,Tb,M5,0,50,30,0.761039,1.207e-04,0.000e+00,3.957e-05
65,Tb,M5,0,50,100,0.742241,1.861e-04,0.000e+00,3.939e-05
65,Tb,M5,50,150,10,1.042315,1.005e-04,0.000e+00,0.000e+00
65,Tb,M5,50,150,30,1.016726,1.433e-04,0.000e+00,0.000e+00
65,Tb,M5,50,150,100,0.986463,2.001e-04,0.000e+00,0.000e+00
66,Dy,L1,0,100,10,0.989556,1.134e-05,0.000e+00,1.227e-04
66,Dy,L1,0,100,30,0.973710,9.158e-06,0.000e+00,1.233e-04
66,Dy,L1,0,100,100,0.921803,1.029e-05,0.000e+00,1.282e-04
66,Dy,L1,0,200,10,0.988004,1.622e-05,0.000e+00,2.768e-05
66,Dy,L1,0,200,30,0.972043,1.442e-05,0.000e+00,2.776e-05
66,Dy,L1,0,200,100,0.919764,1.650e-05,0.000e+00,2.880e-05
66,Dy,L1,0,50,10,0.992508,1.066e-05,0.000e+00,1.209e-04
66,Dy,L1,0,50,30,0.976905,7.964e-06,0.000e+00,1.216e-04
66,Dy,L1,0,50,100,0.925271,7.351e-06,0.000e+00,1.262e-04
66,Dy,L1,50,150,10,0.986436,1.451e-05,0.000e+00,0.000e+00
66,Dy,L1,50,150,30,0.970342,1.290e-05,0.000e+00,0.000e+00
66,Dy,L1,50,150,100,0.917976,1.558e-05,0.000e+00,0.000e+00
66,Dy,L2,0,100,10,1.119217,7.220e-06,0.000e+00,1.571e-04
66,Dy,L2,0,100,30,1.100465,9.527e-06,0.000e+00,1.561e-04
66,Dy,L2,0,100,100,1.045712,3.218e-05,0.000e+00,1.531e-04
66,Dy,L2,0,200,10,1.102786,2.348e-05,0.000e+00,3.622e-05
66,Dy,L2,0,200,30,1.084970,2.517e-05,0.000e+00,3.584e-05
66,Dy,L2,0,200,100,1.033180,4.684e-05,0.000e+00,3.490e-05
66,Dy,L2,0,50,10,1.142837,6.652e-06,0.000e+00,1.500e-04
66,Dy,L2,0,50,30,1.122838,3.983e-06,0.000e+00,1.494e-04
66,Dy,L2,0,50,100,1.063912,1.989e-05,0.000e+00,1.474e-04
66,Dy,L2,50,150,10,1.090481,2.550e-05,0.000e+00,0.000e+00
66,Dy,L2,50,150,30,1.073376,2.711e-05,0.000e+00,0.000e+00
66,Dy,L2,50,150,100,1.023853,4.848e-05,0.000e+00,0.000e+00
66,Dy,L3,0,100,10,1.124313,7.413e-06,0.000e+00,1.592e-04
66,Dy,L3,0,100,30,1.103502,8.979e-06,0.000e+00,1.579e-04
66,Dy,L3,0,100,100,1.044781,4.425e-05,0.000e+00,1.545e-04
66,Dy,L3,0,200,10,1.108969,2.540e-05,0.000e+00,3.678e-05
66,Dy,L3,0,200,30,1.089340,2.645e-05,0.000e+00,3.632e-05
66,Dy,L3,0,200,100,1.034186,5.832e-05,0.000e+00,3.525e-05
66,Dy,L3,0,50,10,1.146086,7.717e-06,0.000e+00,1.520e-04
66,Dy,L3,0,50,30,1.123644,5.830e-06,0.000e+00,1.511e-04
66,Dy,L3,0,50,100,1.059747,3.150e-05,0.000e+00,1.488e-04
66,Dy,L3,50,150,10,1.097566,2.781e-05,0.000e+00,0.000e+00
66,Dy,L3,50,150,30,1.078857,2.880e-05,0.000e+00,0.000e+00
66,Dy,L3,50,150,100,1.026505,6.048e-05,0.000e+00,0.000e+00
66,Dy,M1,0,100,10,0.926891,7.527e-06,0.000e+00,1.294e-04
66,Dy,M1,0,100,30,0.874386,2.766e-05,0.000e+00,1.302e-04
66,Dy,M1,0,100,100,0.802415,2.328e-04,0.000e+00,1.075e-04
66,Dy,M1,0,200,10,0.926836,2.671e-05,0.000e+00,3.069e-05
66,Dy,M1,0,200,30,0.875835,3.859e-06,0.000e+00,3.059e-05
66,Dy,M1,0,200,100,0.819528,2.392e-04,0.000e+00,2.493e-05
66,Dy,M1,0,50,10,0.928793,2.002e-07,0.000e+00,1.243e-04
66,Dy,M1,0,50,30,0.874095,3.969e-05,0.000e+00,1.255e-04
66,Dy,M1,0,50,100,0.774347,2.394e-04,0.000e+00,1.062e-04
66,Dy,M1,50,150,10,0.925435,2.580e-05,0.000e+00,0.000e+00
66,Dy,M1,50,150,30,0.875622,3.122e-06,0.000e+00,0.000e+00
66,Dy,M1,50,150,100,0.836271,2.351e-04,0.000e+00,0.000e+00
66,Dy,M2,0,100,10,1.096723,1.377e-05,0.000e+00,1.546e-04
66,Dy,M2,0,100,30,1.002326,3.890e-06,0.000e+00,1.338e-04
66,Dy,M2,0,100,100,0.884631,2.012e-04,0.000e+00,1.036e-04
66,Dy,M2,0,200,10,1.087557,1.471e-05,0.000e+00,3.733e-05
66,Dy,M2,0,200,30,1.010336,1.945e-05,0.000e+00,3.181e-05
66,Dy,M2,0,200,100,0.910397,1.959e-04,0.000e+00,2.412e-05
66,Dy,M2,0,50,10,1.107955,3.079e-05,0.000e+00,1.451e-04
66,Dy,M2,0,50,30,0.988146,1.397e-05,0.000e+00,1.284e-04
66,Dy,M2,0,50,100,0.842202,2.069e-04,0.000e+00,1.029e-04
66,Dy,M2,50,150,10,1.081354,1.723e-05,0.000e+00,0.000e+00
66,Dy,M2,50,150,30,1.019280,1.984e-05,0.000e+00,0.000e+00
66,Dy,M2,50,150,100,0.936729,1.944e-04,0.000e+00,0.000e+00
66,Dy,M3,0,100,10,1.082989,3.691e-06,0.000e+00,1.601e-04
66,Dy,M3,0,100,30,0.998235,7.769e-06,0.000e+00,1.421e-04
66,Dy,M3,0,100,100,0.894542,1.702e-04,0.000e+00,1.167e-04
66,Dy,M3,0,200,10,1.073834,3.068e-05,0.000e+00,3.916e-05
66,Dy,M3,0,200,30,1.004370,3.741e-05,0.000e+00,3.427e-05
66,Dy,M3,0,200,100,0.916081,1.900e-04,0.000e+00,2.763e-05
66,Dy,M3,0,50,10,1.094163,2.512e-05,0.000e+00,1.492e-04
66,Dy,M3,0,50,30,0.986488,7.458e-06,0.000e+00,1.348e-04
66,Dy,M3,0,50,100,0.858177,1.669e-04,0.000e+00,1.137e-04
66,Dy,M3,50,150,10,1.067408,3.513e-05,0.000e+00,0.000e+00
66,Dy,M3,50,150,30,1.012093,3.994e-05,0.000e+00,0.000e+00
66,Dy,M3,50,150,100,0.939622,1.876e-04,0.000e+00,0.000e+00
66,Dy,M4,0,100,10,0.865190,7.451e-05,0.000e+00,2.605e-05
66,Dy,M4,0,100,30,0.846013,1.169e-04,0.000e+00,2.547e-05
66,Dy,M4,0,100,100,0.823325,1.843e-04,0.000e+00,2.521e-05
66,Dy,M4,0,200,10,0.941760,1.009e-04,0.000e+00,6.295e-06
66,Dy,M4,0,200,30,0.921823,1.387e-04,0.000e+00,6.044e-06
66,Dy,M4,0,200,100,0.896019,2.036e-04,0.000e+00,5.910e-06
66,Dy,M4,0,50,10,0.744253,7.788e-05,0.000e+00,2.704e-05
66,Dy,M4,0,50,30,0.727142,1.212e-04,0.000e+00,2.671e-05
66,Dy,M4,0,50,100,0.708103,1.882e-04,0.000e+00,2.660e-05
66,Dy,M4,50,150,10,1.035151,9.817e-05,0.000e+00,0.000e+00
66,Dy,M4,50,150,30,1.009893,1.369e-04,0.000e+00,0.000e+00
66,Dy,M4,50,150,100,0.979085,2.017e-04,0.000e+00,0.000e+00
66,Dy,M5,0,100,10,0.855993,6.409e-05,0.000e+00,3.822e-05
66,Dy,M5,0,100,30,0.837463,1.071e-04,0.000e+00,3.734e-05
66,Dy,M5,0,100,100,0.816308,1.769e-04,0.000e+00,3.695e-05
66,Dy,M5,0,200,10,0.933388,9.479e-05,0.000e+00,9.365e-06
66,Dy,M5,0,200,30,0.914104,1.340e-04,0.000e+00,8.981e-06
66,Dy,M5,0,200,100,0.889674,1.985e-04,0.000e+00,8.783e-06
66,Dy,M5,0,50,10,0.736293,6.059e-05,0.000e+00,3.881e-05
66,Dy,M5,0,50,30,0.719795,1.015e-04,0.000e+00,3.831e-05
66,Dy,M5,0,50,100,0.702428,1.738e-04,0.000e+00,3.815e-05
66,Dy,M5,50,150,10,1.032372,9.592e-05,0.000e+00,0.000e+00
66,Dy,M5,50,150,30,1.007363,1.380e-04,0.000e+00,0.000e+00
66,Dy,M5,50,150,100,0.977320,1.988e-04,0.000e+00,0.000e+00
67,Ho,L1,0,100,10,0.986103,1.144e-05,0.000e+00,1.229e-04
67,Ho,L1,0,100,30,0.970881,9.364e-06,0.000e+00,1.236e-04
67,Ho,L1,0,100,100,0.919232,7.340e-06,0.000e+00,1.291e-04
67,Ho,L1,0,200,10,0.984500,1.596e-05,0.000e+00,2.770e-05
67,Ho,L1,0,200,30,0.969173,1.427e-05,0.000e+00,2.781e-05
67,Ho,L1,0,200,100,0.917382,1.389e-05,0.000e+00,2.899e-05
67,Ho,L1,0,50,10,0.989123,1.060e-05,0.000e+00,1.212e-04
67,Ho,L1,0,50,30,0.974120,8.020e-06,0.000e+00,1.219e-04
67,Ho,L1,0,50,100,0.922370,3.650e-06,0.000e+00,1.271e-04
67,Ho,L1,50,150,10,0.982906,1.447e-05,0.000e+00,0.000e+00
67,Ho,L1,50,150,30,0.967459,1.297e-05,0.000e+00,0.000e+00
67,Ho,L1,50,150,100,0.915768,1.332e-05,0.000e+00,0.000e+00
67,Ho,L2,0,100,10,1.119207,6.304e-06,0.000e+00,1.608e-04
67,Ho,L2,0,100,30,1.101010,8.083e-06,0.000e+00,1.598e-04
67,Ho,L2,0,100,100,1.046188,3.007e-05,0.000e+00,1.568e-04
67,Ho,L2,0,200,10,1.102071,2.257e-05,0.000e+00,3.706e-05
67,Ho,L2,0,200,30,1.084869,2.389e-05,0.000e+00,3.669e-05
67,Ho,L2,0,200,100,1.033355,4.323e-05,0.000e+00,3.574e-05
67,Ho,L2,0,50,10,1.143762,7.484e-06,0.000e+00,1.533e-04
67,Ho,L2,0,50,30,1.124219,5.432e-06,0.000e+00,1.527e-04
67,Ho,L2,0,50,100,1.064713,1.864e-05,0.000e+00,1.507e-04
67,Ho,L2,50,150,10,1.089276,2.459e-05,0.000e+00,0.000e+00
67,Ho,L2,50,150,30,1.072833,2.585e-05,0.000e+00,0.000e+00
67,Ho,L2,50,150,100,1.023846,4.467e-05,0.000e+00,0.000e+00
67,Ho,L3,0,100,10,1.123992,6.143e-06,0.000e+00,1.628e-04
67,Ho,L3,0,100,30,1.103559,7.563e-06,0.000e+00,1.615e-04
67,Ho,L3,0,100,100,1.044242,3.890e-05,0.000e+00,1.581e-04
67,Ho,L3,0,200,10,1.108175,2.436e-05,0.000e+00,3.761e-05
67,Ho,L3,0,200,30,1.089049,2.530e-05,0.000e+00,3.716e-05
67,Ho,L3,0,200,100,1.033866,5.435e-05,0.000e+00,3.607e-05
67,Ho,L3,0,50,10,1.146312,9.001e-06,0.000e+00,1.552e-04
67,Ho,L3,0,50,30,1.124037,7.398e-06,0.000e+00,1.544e-04
67,Ho,L3,0,50,100,1.058649,2.533e-05,0.000e+00,1.520e-04
67,Ho,L3,50,150,10,1.096487,2.677e-05,0.000e+00,0.000e+00
67,Ho,L3,50,150,30,1.078387,2.772e-05,0.000e+00,0.000e+00
67,Ho,L3,50,150,100,1.026463,5.654e-05,0.000e+00,0.000e+00
67,Ho,M1,0,100,10,0.919252,6.756e-06,0.000e+00,1.293e-04
67,Ho,M1,0,100,30,0.867493,2.856e-05,0.000e+00,1.308e-04
67,Ho,M1,0,100,100,0.790191,1.978e-04,0.000e+00,1.086e-04
67,Ho,M1,0,200,10,0.919232,2.506e-05,0.000e+00,3.061e-05
67,Ho,M1,0,200,30,0.869139,4.564e-06,0.000e+00,3.066e-05
67,Ho,M1,0,200,100,0.810065,2.102e-04,0.000e+00,2.510e-05
67,Ho,M1,0,50,10,0.921161,7.498e-07,0.000e+00,1.243e-04
67,Ho,M1,0,50,30,0.866919,4.178e-05,0.000e+00,1.262e-04
67,Ho,M1,0,50,100,0.758144,1.954e-04,0.000e+00,1.075e-04
67,Ho,M1,50,150,10,0.917822,2.411e-05,0.000e+00,0.000e+00
67,Ho,M1,50,150,30,0.869081,3.028e-06,0.000e+00,0.000e+00
67,Ho,M1,50,150,100,0.829293,2.087e-04,0.000e+00,0.000e+00
67,Ho,M2,0,100,10,1.093693,1.586e-05,0.000e+00,1.578e-04
67,Ho,M2,0,100,30,0.995994,8.536e-06,0.000e+00,1.368e-04
67,Ho,M2,0,100,100,0.871335,1.991e-04,0.000e+00,1.052e-04
67,Ho,M2,0,200,10,1.084839,1.231e-05,0.000e+00,3.802e-05
67,Ho,M2,0,200,30,1.005953,1.541e-05,0.000e+00,3.245e-05
67,Ho,M2,0,200,100,0.901592,2.054e-04,0.000e+00,2.439e-05
67,Ho,M2,0,50,10,1.104470,3.326e-05,0.000e+00,1.481e-04
67,Ho,M2,0,50,30,0.979088,2.060e-05,0.000e+00,1.315e-04
67,Ho,M2,0,50,100,0.822911,1.984e-04,0.000e+00,1.049e-04
67,Ho,M2,50,150,10,1.078905,1.507e-05,0.000e+00,0.000e+00
67,Ho,M2,50,150,30,1.016549,1.669e-05,0.000e+00,0.000e+00
67,Ho,M2,50,150,100,0.931806,2.049e-04,0.000e+00,0.000e+00
67,Ho,M3,0,100,10,1.079354,5.946e-06,0.000e+00,1.633e-04
67,Ho,M3,0,100,30,0.991154,2.660e-06,0.000e+00,1.453e-04
67,Ho,M3,0,100,100,0.880871,1.684e-04,0.000e+00,1.189e-04
67,Ho,M3,0,200,10,1.070584,2.839e-05,0.000e+00,3.988e-05
67,Ho,M3,0,200,30,0.999402,3.313e-05,0.000e+00,3.496e-05
67,Ho,M3,0,200,100,0.906964,1.813e-04,0.000e+00,2.805e-05
67,Ho,M3,0,50,10,1.089868,2.811e-05,0.000e+00,1.522e-04
67,Ho,M3,0,50,30,0.976194,1.463e-05,0.000e+00,1.380e-04
67,Ho,M3,0,50,100,0.838096,1.702e-04,0.000e+00,1.162e-04
67,Ho,M3,50,150,10,1.064561,3.330e-05,0.000e+00,0.000e+00
67,Ho,M3,50,150,30,1.009168,3.651e-05,0.000e+00,0.000e+00
67,Ho,M3,50,150,100,0.934898,1.739e-04,0.000e+00,0.000e+00
67,Ho,M4,0,100,10,0.835850,6.626e-05,0.000e+00,2.447e-05
67,Ho,M4,0,100,30,0.817870,1.101e-04,0.000e+00,2.394e-05
67,Ho,M4,0,100,100,0.796186,1.761e-04,0.000e+00,2.369e-05
67,Ho,M4,0,200,10,0.921644,9.419e-05,0.000e+00,5.852e-06
67,Ho,M4,0,200,30,0.902780,1.336e-04,0.000e+00,5.622e-06
67,Ho,M4,0,200,100,0.877786,1.973e-04,0.000e+00,5.497e-06
67,Ho,M4,0,50,10,0.704189,6.316e-05,0.000e+00,2.572e-05
67,Ho,M4,0,50,30,0.688456,1.117e-04,0.000e+00,2.542e-05
67,Ho,M4,0,50,100,0.670700,1.743e-04,0.000e+00,2.531e-05
67,Ho,M4,50,150,10,1.025348,9.476e-05,0.000e+00,0.000e+00
67,Ho,M4,50,150,30,1.000619,1.317e-04,0.000e+00,0.000e+00
67,Ho,M4,50,150,100,0.970014,1.982e-04,0.000e+00,0.000e+00
67,Ho,M5,0,100,10,0.821557,5.338e-05,0.000e+00,3.746e-05
67,Ho,M5,0,100,30,0.804452,9.758e-05,0.000e+00,3.661e-05
67,Ho,M5,0,100,100,0.784636,1.647e-04,0.000e+00,3.622e-05
67,Ho,M5,0,200,10,0.909379,8.589e-05,0.000e+00,9.095e-06
67,Ho,M5,0,200,30,0.891399,1.255e-04,0.000e+00,8.727e-06
67,Ho,M5,0,200,100,0.868087,1.901e-04,0.000e+00,8.533e-06
67,Ho,M5,0,50,10,0.690031,4.265e-05,0.000e+00,3.842e-05
67,Ho,M5,0,50,30,0.675139,8.988e-05,0.000e+00,3.794e-05
67,Ho,M5,0,50,100,0.659400,1.552e-04,0.000e+00,3.776e-05
67,Ho,M5,50,150,10,1.022325,9.127e-05,0.000e+00,0.000e+00
67,Ho,M5,50,150,30,0.997867,1.298e-04,0.000e+00,0.000e+00
67,Ho,M5,50,150,100,0.968075,1.955e-04,0.000e+00,0.000e+00
68,Er,L1,0,100,10,0.982620,1.144e-05,0.000e+00,1.231e-04
68,Er,L1,0,100,30,0.967981,9.245e-06,0.000e+00,1.240e-04
68,Er,L1,0,100,100,0.916381,5.693e-06,0.000e+00,1.300e-04
68,Er,L1,0,200,10,0.980984,1.553e-05,0.000e+00,2.773e-05
68,Er,L1,0,200,30,0.966260,1.377e-05,0.000e+00,2.787e-05
68,Er,L1,0,200,100,0.914856,1.209e-05,0.000e+00,2.920e-05
68,Er,L1,0,50,10,0.985680,1.047e-05,0.000e+00,1.214e-04
68,Er,L1,0,50,30,0.971218,7.649e-06,0.000e+00,1.223e-04
68,Er,L1,0,50,100,0.918933,1.057e-06,0.000e+00,1.280e-04
68,Er,L1,50,150,10,0.979373,1.418e-05,0.000e+00,0.000e+00
68,Er,L1,50,150,30,0.964550,1.263e-05,0.000e+00,0.000e+00
68,Er,L1,50,150,100,0.913540,1.208e-05,0.000e+00,0.000e+00
68,Er,L2,0,100,10,1.119144,5.199e-06,0.000e+00,1.646e-04
68,Er,L2,0,100,30,1.101455,6.850e-06,0.000e+00,1.637e-04
68,Er,L2,0,100,100,1.046430,3.194e-05,0.000e+00,1.607e-04
68,Er,L2,0,200,10,1.101365,2.156e-05,0.000e+00,3.795e-05
68,Er,L2,0,200,30,1.084746,2.285e-05,0.000e+00,3.759e-05
68,Er,L2,0,200,100,1.033443,4.347e-05,0.000e+00,3.663e-05
68,Er,L2,0,50,10,1.144510,8.410e-06,0.000e+00,1.568e-04
68,Er,L2,0,50,30,1.125351,6.610e-06,0.000e+00,1.562e-04
68,Er,L2,0,50,100,1.064999,2.055e-05,0.000e+00,1.541e-04
68,Er,L2,50,150,10,1.088137,2.349e-05,0.000e+00,0.000e+00
68,Er,L2,50,150,30,1.072337,2.474e-05,0.000e+00,0.000e+00
68,Er,L2,50,150,100,1.023886,4.540e-05,0.000e+00,0.000e+00
68,Er,L3,0,100,10,1.123389,4.559e-06,0.000e+00,1.665e-04
68,Er,L3,0,100,30,1.103216,5.898e-06,0.000e+00,1.653e-04
68,Er,L3,0,100,100,1.042884,3.249e-05,0.000e+00,1.618e-04
68,Er,L3,0,200,10,1.107273,2.312e-05,0.000e+00,3.847e-05
68,Er,L3,0,200,30,1.088582,2.399e-05,0.000e+00,3.803e-05
68,Er,L3,0,200,100,1.033153,4.911e-05,0.000e+00,3.692e-05
68,Er,L3,0,50,10,1.145923,1.088e-05,0.000e+00,1.586e-04
68,Er,L3,0,50,30,1.123598,9.604e-06,0.000e+00,1.579e-04
68,Er,L3,0,50,100,1.055919,1.767e-05,0.000e+00,1.554e-04
68,Er,L3,50,150,10,1.095465,2.567e-05,0.000e+00,0.000e+00
68,Er,L3,50,150,30,1.077958,2.665e-05,0.000e+00,0.000e+00
68,Er,L3,50,150,100,1.026450,5.176e-05,0.000e+00,0.000e+00
68,Er,M1,0,100,10,0.911598,6.244e-06,0.000e+00,1.293e-04
68,Er,M1,0,100,30,0.860424,2.979e-05,0.000e+00,1.314e-04
68,Er,M1,0,100,100,0.776710,1.825e-04,0.000e+00,1.099e-04
68,Er,M1,0,200,10,0.911624,2.369e-05,0.000e+00,3.054e-05
68,Er,M1,0,200,30,0.862343,6.580e-06,0.000e+00,3.075e-05
68,Er,M1,0,200,100,0.799896,1.946e-04,0.000e+00,2.535e-05
68,Er,M1,0,50,10,0.913501,1.261e-06,0.000e+00,1.244e-04
68,Er,M1,0,50,30,0.859428,4.358e-05,0.000e+00,1.270e-04
68,Er,M1,0,50,100,0.739802,1.776e-04,0.000e+00,1.091e-04
68,Er,M1,50,150,10,0.910206,2.295e-05,0.000e+00,0.000e+00
68,Er,M1,50,150,30,0.862515,4.542e-06,0.000e+00,0.000e+00
68,Er,M1,50,150,100,0.822293,1.942e-04,0.000e+00,0.000e+00
68,Er,M2,0,100,10,1.090408,1.857e-05,0.000e+00,1.611e-04
68,Er,M2,0,100,30,0.988872,1.333e-05,0.000e+00,1.401e-04
68,Er,M2,0,100,100,0.856500,1.978e-04,0.000e+00,1.071e-04
68,Er,M2,0,200,10,1.082068,9.949e-06,0.000e+00,3.877e-05
68,Er,M2,0,200,30,1.001191,1.154e-05,0.000e+00,3.314e-05
68,Er,M2,0,200,100,0.891904,2.059e-04,0.000e+00,2.472e-05
68,Er,M2,0,50,10,1.100364,3.717e-05,0.000e+00,1.513e-04
68,Er,M2,0,50,30,0.968547,2.772e-05,0.000e+00,1.348e-04
68,Er,M2,0,50,100,0.801174,1.899e-04,0.000e+00,1.071e-04
68,Er,M2,50,150,10,1.076610,1.343e-05,0.000e+00,0.000e+00
68,Er,M2,50,150,30,1.013905,1.384e-05,0.000e+00,0.000e+00
68,Er,M2,50,150,100,0.926827,2.083e-04,0.000e+00,0.000e+00
68,Er,M3,0,100,10,1.075251,9.176e-06,0.000e+00,1.668e-04
68,Er,M3,0,100,30,0.982644,2.714e-06,0.000e+00,1.488e-04
68,Er,M3,0,100,100,0.864682,1.827e-04,0.000e+00,1.215e-04
68,Er,M3,0,200,10,1.067164,2.576e-05,0.000e+00,4.064e-05
68,Er,M3,0,200,30,0.993697,2.891e-05,0.000e+00,3.571e-05
68,Er,M3,0,200,100,0.896408,1.864e-04,0.000e+00,2.857e-05
68,Er,M3,0,50,10,1.084539,3.298e-05,0.000e+00,1.554e-04
68,Er,M3,0,50,30,0.963252,2.335e-05,0.000e+00,1.414e-04
68,Er,M3,0,50,100,0.813874,1.779e-04,0.000e+00,1.189e-04
68,Er,M3,50,150,10,1.061883,3.165e-05,0.000e+00,0.000e+00
68,Er,M3,50,150,30,1.006353,3.408e-05,0.000e+00,0.000e+00
68,Er,M3,50,150,100,0.930197,1.851e-04,0.000e+00,0.000e+00
68,Er,M4,0,100,10,0.803949,5.571e-05,0.000e+00,2.330e-05
68,Er,M4,0,100,30,0.787228,1.025e-04,0.000e+00,2.280e-05
68,Er,M4,0,100,100,0.766711,1.645e-04,0.000e+00,2.255e-05
68,Er,M4,0,200,10,0.899617,8.567e-05,0.000e+00,5.514e-06
68,Er,M4,0,200,30,0.881889,1.262e-04,0.000e+00,5.301e-06
68,Er,M4,0,200,100,0.857851,1.892e-04,0.000e+00,5.183e-06
68,Er,M4,0,50,10,0.661449,4.539e-05,0.000e+00,2.478e-05
68,Er,M4,0,50,30,0.647142,9.805e-05,0.000e+00,2.450e-05
68,Er,M4,0,50,100,0.630828,1.569e-04,0.000e+00,2.439e-05
68,Er,M4,50,150,10,1.015414,9.022e-05,0.000e+00,0.000e+00
68,Er,M4,50,150,30,0.991190,1.265e-04,0.000e+00,0.000e+00
68,Er,M4,50,150,100,0.960809,1.924e-04,0.000e+00,0.000e+00
68,Er,M5,0,100,10,0.781583,3.970e-05,0.000e+00,3.753e-05
68,Er,M5,0,100,30,0.766074,8.497e-05,0.000e+00,3.669e-05
68,Er,M5,0,100,100,0.747915,1.522e-04,0.000e+00,3.629e-05
68,Er,M5,0,200,10,0.881140,7.475e-05,0.000e+00,9.032e-06
68,Er,M5,0,200,30,0.864646,1.150e-04,0.000e+00,8.674e-06
68,Er,M5,0,200,100,0.842748,1.805e-04,0.000e+00,8.479e-06
68,Er,M5,0,50,10,0.637703,2.092e-05,0.000e+00,3.884e-05
68,Er,M5,0,50,30,0.624556,7.224e-05,0.000e+00,3.836e-05
68,Er,M5,0,50,100,0.610738,1.364e-04,0.000e+00,3.818e-05
68,Er,M5,50,150,10,1.012123,8.577e-05,0.000e+00,0.000e+00
68,Er,M5,50,150,30,0.988195,1.211e-04,0.000e+00,0.000e+00
68,Er,M5,50,150,100,0.958679,1.889e-04,0.000e+00,0.000e+00
69,Tm,L1,0,100,10,0.978999,1.153e-05,0.000e+00,1.234e-04
69,Tm,L1,0,100,30,0.964888,9.139e-06,0.000e+00,1.243e-04
69,Tm,L1,0,100,100,0.912855,4.114e-06,0.000e+00,1.310e-04
69,Tm,L1,0,200,10,0.977357,1.542e-05,0.000e+00,2.778e-05
69,Tm,L1,0,200,30,0.963202,1.342e-05,0.000e+00,2.794e-05
69,Tm,L1,0,200,100,0.911951,1.040e-05,0.000e+00,2.942e-05
69,Tm,L1,0,50,10,0.982039,1.022e-05,0.000e+00,1.217e-04
69,Tm,L1,0,50,30,0.968021,7.198e-06,0.000e+00,1.227e-04
69,Tm,L1,0,50,100,0.914231,1.724e-06,0.000e+00,1.290e-04
69,Tm,L1,50,150,10,0.975757,1.434e-05,0.000e+00,0.000e+00
69,Tm,L1,50,150,30,0.961546,1.256e-05,0.000e+00,0.000e+00
69,Tm,L1,50,150,100,0.911241,1.094e-05,0.000e+00,0.000e+00
69,Tm,L2,0,100,10,1.118926,3.670e-06,0.000e+00,1.687e-04
69,Tm,L2,0,100,30,1.101677,5.294e-06,0.000e+00,1.677e-04
69,Tm,L2,0,100,100,1.046206,3.208e-05,0.000e+00,1.647e-04
69,Tm,L2,0,200,10,1.100613,2.025e-05,0.000e+00,3.888e-05
69,Tm,L2,0,200,30,1.084532,2.155e-05,0.000e+00,3.853e-05
69,Tm,L2,0,200,100,1.033318,4.470e-05,0.000e+00,3.756e-05
69,Tm,L2,0,50,10,1.144878,9.999e-06,0.000e+00,1.604e-04
69,Tm,L2,0,50,30,1.125986,8.349e-06,0.000e+00,1.598e-04
69,Tm,L2,0,50,100,1.064313,1.970e-05,0.000e+00,1.578e-04
69,Tm,L2,50,150,10,1.087064,2.220e-05,0.000e+00,0.000e+00
69,Tm,L2,50,150,30,1.071889,2.357e-05,0.000e+00,0.000e+00
69,Tm,L2,50,150,100,1.023974,4.697e-05,0.000e+00,0.000e+00
69,Tm,L3,0,100,10,1.122035,2.513e-06,0.000e+00,1.704e-04
69,Tm,L3,0,100,30,1.101847,3.384e-06,0.000e+00,1.692e-04
69,Tm,L3,0,100,100,1.039483,2.485e-05,0.000e+00,1.656e-04
69,Tm,L3,0,200,10,1.106019,2.145e-05,0.000e+00,3.935e-05
69,Tm,L3,0,200,30,1.087614,2.198e-05,0.000e+00,3.892e-05
69,Tm,L3,0,200,100,1.031413,4.214e-05,0.000e+00,3.780e-05
69,Tm,L3,0,50,10,1.143986,1.387e-05,0.000e+00,1.621e-04
69,Tm,L3,0,50,30,1.121090,1.345e-05,0.000e+00,1.614e-04
69,Tm,L3,0,50,100,1.049173,7.471e-06,0.000e+00,1.589e-04
69,Tm,L3,50,150,10,1.094507,2.451e-05,0.000e+00,0.000e+00
69,Tm,L3,50,150,30,1.077572,2.533e-05,0.000e+00,0.000e+00
69,Tm,L3,50,150,100,1.026469,4.596e-05,0.000e+00,0.000e+00
69,Tm,M1,0,100,10,0.903825,5.145e-06,0.000e+00,1.293e-04
69,Tm,M1,0,100,30,0.852951,3.292e-05,0.000e+00,1.321e-04
69,Tm,M1,0,100,100,0.760761,1.522e-04,0.000e+00,1.116e-04
69,Tm,M1,0,200,10,0.903904,2.213e-05,0.000e+00,3.048e-05
69,Tm,M1,0,200,30,0.855283,9.200e-06,0.000e+00,3.085e-05
69,Tm,M1,0,200,100,0.788284,1.671e-04,0.000e+00,2.566e-05
69,Tm,M1,0,50,10,0.905694,2.529e-06,0.000e+00,1.246e-04
69,Tm,M1,0,50,30,0.851252,4.849e-05,0.000e+00,1.277e-04
69,Tm,M1,0,50,100,0.717342,1.486e-04,0.000e+00,1.109e-04
69,Tm,M1,50,150,10,0.902493,2.158e-05,0.000e+00,0.000e+00
69,Tm,M1,50,150,30,0.855842,6.388e-06,0.000e+00,0.000e+00
69,Tm,M1,50,150,100,0.815185,1.628e-04,0.000e+00,0.000e+00
69,Tm,M2,0,100,10,1.086585,2.232e-05,0.000e+00,1.646e-04
69,Tm,M2,0,100,30,0.980376,1.946e-05,0.000e+00,1.436e-04
69,Tm,M2,0,100,100,0.839186,1.728e-04,0.000e+00,1.092e-04
69,Tm,M2,0,200,10,1.079072,6.752e-06,0.000e+00,3.955e-05
69,Tm,M2,0,200,30,0.995706,6.678e-06,0.000e+00,3.388e-05
69,Tm,M2,0,200,100,0.880753,1.895e-04,0.000e+00,2.510e-05
69,Tm,M2,0,50,10,1.095123,4.217e-05,0.000e+00,1.546e-04
69,Tm,M2,0,50,30,0.955505,3.702e-05,0.000e+00,1.382e-04
69,Tm,M2,0,50,100,0.775534,1.638e-04,0.000e+00,1.095e-04
69,Tm,M2,50,150,10,1.074442,1.084e-05,0.000e+00,0.000e+00
69,Tm,M2,50,150,30,1.011329,1.054e-05,0.000e+00,0.000e+00
69,Tm,M2,50,150,100,0.921770,1.905e-04,0.000e+00,0.000e+00
69,Tm,M3,0,100,10,1.070065,1.377e-05,0.000e+00,1.703e-04
69,Tm,M3,0,100,30,0.971229,1.020e-05,0.000e+00,1.525e-04
69,Tm,M3,0,100,100,0.843683,1.922e-04,0.000e+00,1.244e-04
69,Tm,M3,0,200,10,1.063223,2.206e-05,0.000e+00,4.143e-05
69,Tm,M3,0,200,30,0.986398,2.292e-05,0.000e+00,3.652e-05
69,Tm,M3,0,200,100,0.883015,1.971e-04,0.000e+00,2.917e-05
69,Tm,M3,0,50,10,1.077038,4.001e-05,0.000e+00,1.587e-04
69,Tm,M3,0,50,30,0.945093,3.545e-05,0.000e+00,1.449e-04
69,Tm,M3,0,50,100,0.781934,1.817e-04,0.000e+00,1.220e-04
69,Tm,M3,50,150,10,1.059353,2.933e-05,0.000e+00,0.000e+00
69,Tm,M3,50,150,30,1.003633,3.076e-05,0.000e+00,0.000e+00
69,Tm,M3,50,150,100,0.925499,2.004e-04,0.000e+00,0.000e+00
69,Tm,M4,0,100,10,0.767952,4.380e-05,0.000e+00,2.243e-05
69,Tm,M4,0,100,30,0.752608,8.767e-05,0.000e+00,2.196e-05
69,Tm,M4,0,100,100,0.733482,1.486e-04,0.000e+00,2.172e-05
69,Tm,M4,0,200,10,0.874444,7.614e-05,0.000e+00,5.258e-06
69,Tm,M4,0,200,30,0.857980,1.142e-04,0.000e+00,5.058e-06
69,Tm,M4,0,200,100,0.835111,1.760e-04,0.000e+00,4.944e-06
69,Tm,M4,0,50,10,0.614376,2.549e-05,0.000e+00,2.414e-05
69,Tm,M4,0,50,30,0.601589,7.437e-05,0.000e+00,2.386e-05
69,Tm,M4,0,50,100,0.586920,1.339e-04,0.000e+00,2.375e-05
69,Tm,M4,50,150,10,1.005303,8.573e-05,0.000e+00,0.000e+00
69,Tm,M4,50,150,30,0.981571,1.192e-04,0.000e+00,0.000e+00
69,Tm,M4,50,150,100,0.951440,1.830e-04,0.000e+00,0.000e+00
69,Tm,M5,0,100,10,0.731226,2.373e-05,0.000e+00,3.841e-05
69,Tm,M5,0,100,30,0.717655,7.100e-05,0.000e+00,3.757e-05
69,Tm,M5,0,100,100,0.701678,1.346e-04,0.000e+00,3.716e-05
69,Tm,M5,0,200,10,0.844725,6.100e-05,0.000e+00,9.170e-06
69,Tm,M5,0,200,30,0.830092,1.026e-04,0.000e+00,8.812e-06
69,Tm,M5,0,200,100,0.810135,1.666e-04,0.000e+00,8.613e-06
69,Tm,M5,0,50,10,0.574231,3.007e-06,0.000e+00,4.007e-05
69,Tm,M5,0,50,30,0.563105,4.906e-05,0.000e+00,3.958e-05
69,Tm,M5,0,50,100,0.551655,1.112e-04,0.000e+00,3.939e-05
69,Tm,M5,50,150,10,1.001727,7.930e-05,0.000e+00,0.000e+00
69,Tm,M5,50,150,30,0.978319,1.159e-04,0.000e+00,0.000e+00
69,Tm,M5,50,150,100,0.949100,1.815e-04,0.000e+00,0.000e+00
70,Yb,L1,0,100,10,0.975165,1.141e-05,0.000e+00,1.237e-04
70,Yb,L1,0,100,30,0.961392,8.746e-06,0.000e+00,1.247e-04
70,Yb,L1,0,100,100,0.906977,1.665e-06,0.000e+00,1.321e-04
70,Yb,L1,0,200,10,0.973632,1.500e-05,0.000e+00,2.783e-05
70,Yb,L1,0,200,30,0.959936,1.298e-05,0.000e+00,2.801e-05
70,Yb,L1,0,200,100,0.907840,8.586e-06,0.000e+00,2.964e-05
70,Yb,L1,0,50,10,0.977957,9.470e-06,0.000e+00,1.220e-04
70,Yb,L1,0,50,30,0.964035,5.747e-06,0.000e+00,1.230e-04
70,Yb,L1,0,50,100,0.904927,7.664e-06,0.000e+00,1.300e-04
70,Yb,L1,50,150,10,0.972160,1.437e-05,0.000e+00,0.000e+00
70,Yb,L1,50,150,30,0.958535,1.273e-05,0.000e+00,0.000e+00
70,Yb,L1,50,150,100,0.908934,1.082e-05,0.000e+00,0.000e+00
70,Yb,L2,0,100,10,1.118298,2.132e-06,0.000e+00,1.728e-04
70,Yb,L2,0,100,30,1.101353,3.389e-06,0.000e+00,1.719e-04
70,Yb,L2,0,100,100,1.044844,2.761e-05,0.000e+00,1.688e-04
70,Yb,L2,0,200,10,1.099683,1.890e-05,0.000e+00,3.984e-05
70,Yb,L2,0,200,30,1.084061,1.998e-05,0.000e+00,3.951e-05
70,Yb,L2,0,200,100,1.032625,4.150e-05,0.000e+00,3.853e-05
70,Yb,L2,0,50,10,1.144353,1.192e-05,0.000e+00,1.641e-04
70,Yb,L2,0,50,30,1.125481,1.091e-05,0.000e+00,1.635e-04
70,Yb,L2,0,50,100,1.061358,1.355e-05,0.000e+00,1.615e-04
70,Yb,L2,50,150,10,1.086062,2.107e-05,0.000e+00,0.000e+00
70,Yb,L2,50,150,30,1.071487,2.231e-05,0.000e+00,0.000e+00
70,Yb,L2,50,150,100,1.024081,4.431e-05,0.000e+00,0.000e+00
70,Yb,L3,0,100,10,1.117288,9.595e-07,0.000e+00,1.743e-04
70,Yb,L3,0,100,30,1.095949,9.320e-07,0.000e+00,1.731e-04
70,Yb,L3,0,100,100,1.027247,2.022e-05,0.000e+00,1.695e-04
70,Yb,L3,0,200,10,1.103052,1.869e-05,0.000e+00,4.025e-05
70,Yb,L3,0,200,30,1.084343,1.853e-05,0.000e+00,3.983e-05
70,Yb,L3,0,200,100,1.025120,3.640e-05,0.000e+00,3.870e-05
70,Yb,L3,0,50,10,1.135323,2.075e-05,0.000e+00,1.657e-04
70,Yb,L3,0,50,30,1.109679,2.210e-05,0.000e+00,1.649e-04
70,Yb,L3,0,50,100,1.025470,1.593e-06,0.000e+00,1.625e-04
70,Yb,L3,50,150,10,1.093599,2.342e-05,0.000e+00,0.000e+00
70,Yb,L3,50,150,30,1.077219,2.401e-05,0.000e+00,0.000e+00
70,Yb,L3,50,150,100,1.026495,4.259e-05,0.000e+00,0.000e+00
70,Yb,M1,0,100,10,0.895971,4.329e-06,0.000e+00,1.294e-04
70,Yb,M1,0,100,30,0.844712,3.564e-05,0.000e+00,1.329e-04
70,Yb,M1,0,100,100,0.739177,1.255e-04,0.000e+00,1.135e-04
70,Yb,M1,0,200,10,0.896132,2.060e-05,0.000e+00,3.042e-05
70,Yb,M1,0,200,30,0.847798,1.086e-05,0.000e+00,3.097e-05
70,Yb,M1,0,200,100,0.773401,1.385e-04,0.000e+00,2.605e-05
70,Yb,M1,0,50,10,0.897748,3.498e-06,0.000e+00,1.247e-04
70,Yb,M1,0,50,30,0.841634,5.462e-05,0.000e+00,1.285e-04
70,Yb,M1,0,50,100,0.685526,1.205e-04,0.000e+00,1.129e-04
70,Yb,M1,50,150,10,0.894761,2.025e-05,0.000e+00,0.000e+00
70,Yb,M1,50,150,30,0.849138,5.958e-06,0.000e+00,0.000e+00
70,Yb,M1,50,150,100,0.808027,1.349e-04,0.000e+00,0.000e+00
70,Yb,M2,0,100,10,1.081692,2.611e-05,0.000e+00,1.683e-04
70,Yb,M2,0,100,30,0.969371,2.635e-05,0.000e+00,1.472e-04
70,Yb,M2,0,100,100,0.817512,1.561e-04,0.000e+00,1.114e-04
70,Yb,M2,0,200,10,1.075553,3.371e-06,0.000e+00,4.037e-05
70,Yb,M2,0,200,30,0.988848,1.119e-06,0.000e+00,3.465e-05
70,Yb,M2,0,200,100,0.866984,1.729e-04,0.000e+00,2.551e-05
70,Yb,M2,0,50,10,1.087769,4.823e-05,0.000e+00,1.580e-04
70,Yb,M2,0,50,30,0.938006,4.795e-05,0.000e+00,1.417e-04
70,Yb,M2,0,50,100,0.743122,1.407e-04,0.000e+00,1.121e-04
70,Yb,M2,50,150,10,1.072381,8.833e-06,0.000e+00,0.000e+00
70,Yb,M2,50,150,30,1.008800,7.104e-06,0.000e+00,0.000e+00
70,Yb,M2,50,150,100,0.916639,1.785e-04,0.000e+00,0.000e+00
70,Yb,M3,0,100,10,1.061956,1.954e-05,0.000e+00,1.739e-04
70,Yb,M3,0,100,30,0.952508,1.956e-05,0.000e+00,1.563e-04
70,Yb,M3,0,100,100,0.811237,1.886e-04,0.000e+00,1.276e-04
70,Yb,M3,0,200,10,1.057735,1.721e-05,0.000e+00,4.224e-05
70,Yb,M3,0,200,30,0.974957,1.506e-05,0.000e+00,3.736e-05
70,Yb,M3,0,200,100,0.862632,2.001e-04,0.000e+00,2.984e-05
70,Yb,M3,0,50,10,1.063976,5.044e-05,0.000e+00,1.620e-04
70,Yb,M3,0,50,30,0.914243,5.171e-05,0.000e+00,1.485e-04
70,Yb,M3,0,50,100,0.732321,1.773e-04,0.000e+00,1.253e-04
70,Yb,M3,50,150,10,1.056941,2.733e-05,0.000e+00,0.000e+00
70,Yb,M3,50,150,30,1.000983,2.741e-05,0.000e+00,0.000e+00
70,Yb,M3,50,150,100,0.920764,2.018e-04,0.000e+00,0.000e+00
70,Yb,M4,0,100,10,0.724957,2.898e-05,0.000e+00,2.181e-05
70,Yb,M4,0,100,30,0.711213,7.316e-05,0.000e+00,2.136e-05
70,Yb,M4,0,100,100,0.693790,1.298e-04,0.000e+00,2.112e-05
70,Yb,M4,0,200,10,0.843779,6.422e-05,0.000e+00,5.063e-06
70,Yb,M4,0,200,30,0.828823,1.034e-04,0.000e+00,4.873e-06
70,Yb,M4,0,200,100,0.807441,1.607e-04,0.000e+00,4.762e-06
70,Yb,M4,0,50,10,0.560008,2.442e-06,0.000e+00,2.372e-05
70,Yb,M4,0,50,30,0.548915,4.949e-05,0.000e+00,2.345e-05
70,Yb,M4,0,50,100,0.536138,1.080e-04,0.000e+00,2.333e-05
70,Yb,M4,50,150,10,0.994987,8.012e-05,0.000e+00,0.000e+00
70,Yb,M4,50,150,30,0.971740,1.162e-04,0.000e+00,0.000e+00
70,Yb,M4,50,150,100,0.941882,1.723e-04,0.000e+00,0.000e+00
70,Yb,M5,0,100,10,0.656758,7.463e-06,0.000e+00,4.018e-05
70,Yb,M5,0,100,30,0.645899,5.392e-05,0.000e+00,3.931e-05
70,Yb,M5,0,100,100,0.633193,1.153e-04,0.000e+00,3.887e-05
70,Yb,M5,0,200,10,0.788443,4.493e-05,0.000e+00,9.518e-06
70,Yb,M5,0,200,30,0.776574,8.530e-05,0.000e+00,9.153e-06
70,Yb,M5,0,200,100,0.759742,1.476e-04,0.000e+00,8.944e-06
70,Yb,M5,0,50,10,0.486343,2.395e-05,0.000e+00,4.220e-05
70,Yb,M5,0,50,30,0.477827,2.645e-05,0.000e+00,4.170e-05
70,Yb,M5,0,50,100,0.469548,8.823e-05,0.000e+00,4.148e-05
70,Yb,M5,50,150,10,0.991089,7.248e-05,0.000e+00,0.000e+00
70,Yb,M5,50,150,30,0.968190,1.067e-04,0.000e+00,0.000e+00
70,Yb,M5,50,150,100,0.939302,1.686e-04,0.000e+00,0.000e+00
71,Lu,L1,0,100,10,0.972692,1.277e-05,0.000e+00,1.235e-04
71,Lu,L1,0,100,30,0.959973,1.103e-05,0.000e+00,1.238e-04
71,Lu,L1,0,100,100,0.911845,9.839e-06,0.000e+00,1.263e-04
71,Lu,L1,0,200,10,0.970634,1.597e-05,0.000e+00,2.775e-05
71,Lu,L1,0,200,30,0.957859,1.469e-05,0.000e+00,2.778e-05
71,Lu,L1,0,200,100,0.909554,1.406e-05,0.000e+00,2.828e-05
71,Lu,L1,0,50,10,0.976248,1.092e-05,0.000e+00,1.219e-04
71,Lu,L1,0,50,30,0.963662,8.926e-06,0.000e+00,1.223e-04
71,Lu,L1,0,50,100,0.915755,7.200e-06,0.000e+00,1.247e-04
71,Lu,L1,50,150,10,0.968773,1.543e-05,0.000e+00,0.000e+00
71,Lu,L1,50,150,30,0.955925,1.424e-05,0.000e+00,0.000e+00
71,Lu,L1,50,150,100,0.907547,1.396e-05,0.000e+00,0.000e+00
71,Lu,L2,0,100,10,1.105054,4.411e-06,0.000e+00,1.450e-04
71,Lu,L2,0,100,30,1.090477,6.419e-06,0.000e+00,1.442e-04
71,Lu,L2,0,100,100,1.041029,3.060e-05,0.000e+00,1.416e-04
71,Lu,L2,0,200,10,1.092197,1.876e-05,0.000e+00,3.324e-05
71,Lu,L2,0,200,30,1.078214,2.032e-05,0.000e+00,3.296e-05
71,Lu,L2,0,200,100,1.030895,4.218e-05,0.000e+00,3.212e-05
71,Lu,L2,0,50,10,1.121815,2.237e-06,0.000e+00,1.390e-04
71,Lu,L2,0,50,30,1.106592,8.603e-08,0.000e+00,1.386e-04
71,Lu,L2,0,50,100,1.054748,2.492e-05,0.000e+00,1.368e-04
71,Lu,L2,50,150,10,1.083650,1.757e-05,0.000e+00,0.000e+00
71,Lu,L2,50,150,30,1.070029,1.918e-05,0.000e+00,0.000e+00
71,Lu,L2,50,150,100,1.024004,4.131e-05,0.000e+00,0.000e+00
71,Lu,L3,0,100,10,1.111802,4.442e-06,0.000e+00,1.495e-04
71,Lu,L3,0,100,30,1.095159,6.068e-06,0.000e+00,1.484e-04
71,Lu,L3,0,100,100,1.041442,3.248e-05,0.000e+00,1.450e-04
71,Lu,L3,0,200,10,1.099704,2.079e-05,0.000e+00,3.435e-05
71,Lu,L3,0,200,30,1.083848,2.184e-05,0.000e+00,3.398e-05
71,Lu,L3,0,200,100,1.032807,4.356e-05,0.000e+00,3.291e-05
71,Lu,L3,0,50,10,1.127611,3.511e-06,0.000e+00,1.432e-04
71,Lu,L3,0,50,30,1.110074,1.591e-06,0.000e+00,1.426e-04
71,Lu,L3,0,50,100,1.053188,2.685e-05,0.000e+00,1.402e-04
71,Lu,L3,50,150,10,1.091597,1.992e-05,0.000e+00,0.000e+00
71,Lu,L3,50,150,30,1.076240,2.093e-05,0.000e+00,0.000e+00
71,Lu,L3,50,150,100,1.026899,4.276e-05,0.000e+00,0.000e+00
71,Lu,M1,0,100,10,0.889744,5.774e-06,0.000e+00,1.290e-04
71,Lu,M1,0,100,30,0.845238,1.915e-05,0.000e+00,1.284e-04
71,Lu,M1,0,100,100,0.780324,1.487e-04,0.000e+00,1.008e-04
71,Lu,M1,0,200,10,0.889600,2.105e-05,0.000e+00,3.026e-05
71,Lu,M1,0,200,30,0.846084,2.184e-06,0.000e+00,2.983e-05
71,Lu,M1,0,200,100,0.795616,1.476e-04,0.000e+00,2.287e-05
71,Lu,M1,0,50,10,0.891955,1.754e-06,0.000e+00,1.246e-04
71,Lu,M1,0,50,30,0.846173,2.568e-05,0.000e+00,1.247e-04
71,Lu,M1,0,50,100,0.756864,1.536e-04,0.000e+00,1.023e-04
71,Lu,M1,50,150,10,0.887973,2.087e-05,0.000e+00,0.000e+00
71,Lu,M1,50,150,30,0.845131,3.634e-06,0.000e+00,0.000e+00
71,Lu,M1,50,150,100,0.808240,1.433e-04,0.000e+00,0.000e+00
71,Lu,M2,0,100,10,1.084098,8.282e-06,0.000e+00,1.424e-04
71,Lu,M2,0,100,30,1.003816,5.005e-06,0.000e+00,1.242e-04
71,Lu,M2,0,100,100,0.880505,1.671e-04,0.000e+00,9.170e-05
71,Lu,M2,0,200,10,1.076453,1.307e-05,0.000e+00,3.389e-05
71,Lu,M2,0,200,30,1.009094,2.059e-05,0.000e+00,2.895e-05
71,Lu,M2,0,200,100,0.904490,1.796e-04,0.000e+00,2.067e-05
71,Lu,M2,0,50,10,1.093376,1.598e-05,0.000e+00,1.352e-04
71,Lu,M2,0,50,30,0.996159,1.675e-06,0.000e+00,1.215e-04
71,Lu,M2,0,50,100,0.844362,1.617e-04,0.000e+00,9.472e-05
71,Lu,M2,50,150,10,1.071571,1.123e-05,0.000e+00,0.000e+00
71,Lu,M2,50,150,30,1.013558,1.812e-05,0.000e+00,0.000e+00
71,Lu,M2,50,150,100,0.923751,1.815e-04,0.000e+00,0.000e+00
71,Lu,M3,0,100,10,1.069349,1.112e-06,0.000e+00,1.498e-04
71,Lu,M3,0,100,30,0.998852,1.599e-05,0.000e+00,1.331e-04
71,Lu,M3,0,100,100,0.892152,2.058e-04,0.000e+00,1.039e-04
71,Lu,M3,0,200,10,1.061518,2.905e-05,0.000e+00,3.615e-05
71,Lu,M3,0,200,30,1.002206,3.829e-05,0.000e+00,3.149e-05
71,Lu,M3,0,200,100,0.911115,2.171e-04,0.000e+00,2.392e-05
71,Lu,M3,0,50,10,1.078873,1.065e-05,0.000e+00,1.410e-04
71,Lu,M3,0,50,30,0.993460,8.597e-06,0.000e+00,1.284e-04
71,Lu,M3,0,50,100,0.862967,1.974e-04,0.000e+00,1.048e-04
71,Lu,M3,50,150,10,1.056264,2.851e-05,0.000e+00,0.000e+00
71,Lu,M3,50,150,30,1.005579,3.679e-05,0.000e+00,0.000e+00
71,Lu,M3,50,150,100,0.927636,2.223e-04,0.000e+00,0.000e+00
71,Lu,M4,0,100,10,0.875406,1.401e-04,0.000e+00,7.937e-06
71,Lu,M4,0,100,30,0.856211,1.776e-04,0.000e+00,7.767e-06
71,Lu,M4,0,100,100,0.828542,2.311e-04,0.000e+00,7.698e-06
71,Lu,M4,0,200,10,0.949408,1.435e-04,0.000e+00,1.784e-06
71,Lu,M4,0,200,30,0.929768,1.757e-04,0.000e+00,1.716e-06
71,Lu,M4,0,200,100,0.900044,2.301e-04,0.000e+00,1.681e-06
71,Lu,M4,0,50,10,0.755745,1.576e-04,0.000e+00,9.197e-06
71,Lu,M4,0,50,30,0.737985,1.962e-04,0.000e+00,9.087e-06
71,Lu,M4,0,50,100,0.712540,2.507e-04,0.000e+00,9.063e-06
71,Lu,M4,50,150,10,1.014834,1.384e-04,0.000e+00,0.000e+00
71,Lu,M4,50,150,30,0.992097,1.712e-04,0.000e+00,0.000e+00
71,Lu,M4,50,150,100,0.960122,2.257e-04,0.000e+00,0.000e+00
71,Lu,M5,0,100,10,0.866427,1.283e-04,0.000e+00,8.588e-06
71,Lu,M5,0,100,30,0.847884,1.677e-04,0.000e+00,8.344e-06
71,Lu,M5,0,100,100,0.822000,2.214e-04,0.000e+00,8.317e-06
71,Lu,M5,0,200,10,0.941533,1.369e-04,0.000e+00,1.957e-06
71,Lu,M5,0,200,30,0.922523,1.712e-04,0.000e+00,1.869e-06
71,Lu,M5,0,200,100,0.894284,2.263e-04,0.000e+00,1.841e-06
71,Lu,M5,0,50,10,0.746714,1.387e-04,0.000e+00,9.746e-06
71,Lu,M5,0,50,30,0.729636,1.800e-04,0.000e+00,9.563e-06
71,Lu,M5,0,50,100,0.706379,2.356e-04,0.000e+00,9.592e-06
71,Lu,M5,50,150,10,1.011461,1.335e-04,0.000e+00,0.000e+00
71,Lu,M5,50,150,30,0.989063,1.673e-04,0.000e+00,0.000e+00
71,Lu,M5,50,150,100,0.958038,2.225e-04,0.000e+00,0.000e+00
72,Hf,L1,0,100,10,0.969943,1.280e-05,0.000e+00,1.236e-04
72,Hf,L1,0,100,30,0.957606,1.152e-05,0.000e+00,1.235e-04
72,Hf,L1,0,100,100,0.909943,1.239e-05,0.000e+00,1.230e-04
72,Hf,L1,0,200,10,0.967900,1.657e-05,0.000e+00,2.774e-05
72,Hf,L1,0,200,30,0.955558,1.527e-05,0.000e+00,2.768e-05
72,Hf,L1,0,200,100,0.907853,1.544e-05,0.000e+00,2.750e-05
72,Hf,L1,0,50,10,0.973364,1.027e-05,0.000e+00,1.221e-04
72,Hf,L1,0,50,30,0.961061,8.903e-06,0.000e+00,1.221e-04
72,Hf,L1,0,50,100,0.913300,9.849e-06,0.000e+00,1.218e-04
72,Hf,L1,50,150,10,0.966123,1.636e-05,0.000e+00,0.000e+00
72,Hf,L1,50,150,30,0.953760,1.515e-05,0.000e+00,0.000e+00
72,Hf,L1,50,150,100,0.906154,1.561e-05,0.000e+00,0.000e+00
72,Hf,L2,0,100,10,1.095161,5.462e-06,0.000e+00,1.272e-04
72,Hf,L2,0,100,30,1.081559,7.637e-06,0.000e+00,1.266e-04
72,Hf,L2,0,100,100,1.034435,2.782e-05,0.000e+00,1.242e-04
72,Hf,L2,0,200,10,1.086997,1.791e-05,0.000e+00,2.904e-05
72,Hf,L2,0,200,30,1.073772,1.946e-05,0.000e+00,2.881e-05
72,Hf,L2,0,200,100,1.027923,3.823e-05,0.000e+00,2.807e-05
72,Hf,L2,0,50,10,1.104144,2.579e-06,0.000e+00,1.229e-04
72,Hf,L2,0,50,30,1.090210,4.937e-06,0.000e+00,1.225e-04
72,Hf,L2,0,50,100,1.041915,2.510e-05,0.000e+00,1.210e-04
72,Hf,L2,50,150,10,1.082644,1.519e-05,0.000e+00,0.000e+00
72,Hf,L2,50,150,30,1.069593,1.676e-05,0.000e+00,0.000e+00
72,Hf,L2,50,150,100,1.024356,3.590e-05,0.000e+00,0.000e+00
72,Hf,L3,0,100,10,1.103792,5.503e-06,0.000e+00,1.331e-04
72,Hf,L3,0,100,30,1.088238,7.405e-06,0.000e+00,1.322e-04
72,Hf,L3,0,100,100,1.037213,3.623e-05,0.000e+00,1.291e-04
72,Hf,L3,0,200,10,1.095701,1.970e-05,0.000e+00,3.049e-05
72,Hf,L3,0,200,30,1.080640,2.102e-05,0.000e+00,3.017e-05
72,Hf,L3,0,200,100,1.031214,4.589e-05,0.000e+00,2.922e-05
72,Hf,L3,0,50,10,1.113050,1.453e-06,0.000e+00,1.283e-04
72,Hf,L3,0,50,30,1.097032,3.506e-06,0.000e+00,1.278e-04
72,Hf,L3,0,50,100,1.044427,3.301e-05,0.000e+00,1.258e-04
72,Hf,L3,50,150,10,1.091144,1.719e-05,0.000e+00,0.000e+00
72,Hf,L3,50,150,30,1.076332,1.858e-05,0.000e+00,0.000e+00
72,Hf,L3,50,150,100,1.027745,4.440e-05,0.000e+00,0.000e+00
72,Hf,M1,0,100,10,0.885395,5.363e-06,0.000e+00,1.290e-04
72,Hf,M1,0,100,30,0.841822,1.500e-05,0.000e+00,1.263e-04
72,Hf,M1,0,100,100,0.785130,1.711e-04,0.000e+00,9.736e-05
72,Hf,M1,0,200,10,0.885298,2.065e-05,0.000e+00,3.018e-05
72,Hf,M1,0,200,30,0.842620,4.035e-07,0.000e+00,2.923e-05
72,Hf,M1,0,200,100,0.797184,1.658e-04,0.000e+00,2.188e-05
72,Hf,M1,0,50,10,0.887473,2.522e-06,0.000e+00,1.248e-04
72,Hf,M1,0,50,30,0.842652,2.009e-05,0.000e+00,1.230e-04
72,Hf,M1,0,50,100,0.765745,1.647e-04,0.000e+00,1.000e-04
72,Hf,M1,50,150,10,0.883751,2.073e-05,0.000e+00,0.000e+00
72,Hf,M1,50,150,30,0.841737,1.713e-06,0.000e+00,0.000e+00
72,Hf,M1,50,150,100,0.807154,1.729e-04,0.000e+00,0.000e+00
72,Hf,M2,0,100,10,1.081893,1.954e-06,0.000e+00,1.262e-04
72,Hf,M2,0,100,30,1.011745,1.586e-05,0.000e+00,1.107e-04
72,Hf,M2,0,100,100,0.897157,1.623e-04,0.000e+00,8.165e-05
72,Hf,M2,0,200,10,1.076467,1.578e-05,0.000e+00,2.985e-05
72,Hf,M2,0,200,30,1.015042,2.742e-05,0.000e+00,2.560e-05
72,Hf,M2,0,200,100,0.914999,1.691e-04,0.000e+00,1.817e-05
72,Hf,M2,0,50,10,1.087018,5.714e-06,0.000e+00,1.208e-04
72,Hf,M2,0,50,30,1.006005,1.426e-05,0.000e+00,1.095e-04
72,Hf,M2,0,50,100,0.868496,1.532e-04,0.000e+00,8.601e-05
72,Hf,M2,50,150,10,1.074076,1.217e-05,0.000e+00,0.000e+00
72,Hf,M2,50,150,30,1.018385,2.488e-05,0.000e+00,0.000e+00
72,Hf,M2,50,150,100,0.929207,1.758e-04,0.000e+00,0.000e+00
72,Hf,M3,0,100,10,1.068007,6.729e-06,0.000e+00,1.347e-04
72,Hf,M3,0,100,30,1.006836,2.621e-05,0.000e+00,1.203e-04
72,Hf,M3,0,100,100,0.908494,1.986e-04,0.000e+00,9.408e-05
72,Hf,M3,0,200,10,1.062139,3.115e-05,0.000e+00,3.233e-05
72,Hf,M3,0,200,30,1.008305,4.433e-05,0.000e+00,2.828e-05
72,Hf,M3,0,200,100,0.921595,2.130e-04,0.000e+00,2.140e-05
72,Hf,M3,0,50,10,1.074015,7.404e-07,0.000e+00,1.276e-04
72,Hf,M3,0,50,30,1.003605,2.174e-05,0.000e+00,1.172e-04
72,Hf,M3,0,50,100,0.886962,1.822e-04,0.000e+00,9.652e-05
72,Hf,M3,50,150,10,1.059066,2.848e-05,0.000e+00,0.000e+00
72,Hf,M3,50,150,30,1.010408,4.185e-05,0.000e+00,0.000e+00
72,Hf,M3,50,150,100,0.933063,2.215e-04,0.000e+00,0.000e+00
72,Hf,M4,0,100,10,0.933379,2.000e-04,0.000e+00,5.629e-06
72,Hf,M4,0,100,30,0.910836,2.312e-04,0.000e+00,5.506e-06
72,Hf,M4,0,100,100,0.877082,2.860e-04,0.000e+00,5.456e-06
72,Hf,M4,0,200,10,0.989364,1.866e-04,0.000e+00,1.230e-06
72,Hf,M4,0,200,30,0.966918,2.141e-04,0.000e+00,1.183e-06
72,Hf,M4,0,200,100,0.932680,2.668e-04,0.000e+00,1.159e-06
72,Hf,M4,0,50,10,0.832749,2.382e-04,0.000e+00,6.873e-06
72,Hf,M4,0,50,30,0.810639,2.683e-04,0.000e+00,6.788e-06
72,Hf,M4,0,50,100,0.776455,3.236e-04,0.000e+00,6.769e-06
72,Hf,M4,50,150,10,1.033240,1.807e-04,0.000e+00,0.000e+00
72,Hf,M4,50,150,30,1.009161,2.100e-04,0.000e+00,0.000e+00
72,Hf,M4,50,150,100,0.974799,2.618e-04,0.000e+00,0.000e+00
72,Hf,M5,0,100,10,0.928215,1.942e-04,0.000e+00,5.166e-06
72,Hf,M5,0,100,30,0.906121,2.291e-04,0.000e+00,4.985e-06
72,Hf,M5,0,100,100,0.873881,2.805e-04,0.000e+00,4.999e-06
72,Hf,M5,0,200,10,0.984548,1.839e-04,0.000e+00,1.142e-06
72,Hf,M5,0,200,30,0.962533,2.140e-04,0.000e+00,1.083e-06
72,Hf,M5,0,200,100,0.929521,2.657e-04,0.000e+00,1.073e-06
72,Hf,M5,0,50,10,0.827881,2.289e-04,0.000e+00,6.216e-06
72,Hf,M5,0,50,30,0.806231,2.634e-04,0.000e+00,6.057e-06
72,Hf,M5,0,50,100,0.774016,3.141e-04,0.000e+00,6.112e-06
72,Hf,M5,50,150,10,1.030216,1.780e-04,0.000e+00,0.000e+00
72,Hf,M5,50,150,30,1.006460,2.097e-04,0.000e+00,0.000e+00
72,Hf,M5,50,150,100,0.973040,2.620e-04,0.000e+00,0.000e+00
73,Ta,L1,0,100,10,0.966726,1.340e-05,0.000e+00,1.236e-04
73,Ta,L1,0,100,30,0.954794,1.203e-05,0.000e+00,1.232e-04
73,Ta,L1,0,100,100,0.907473,1.342e-05,0.000e+00,1.207e-04
73,Ta,L1,0,200,10,0.964805,1.738e-05,0.000e+00,2.771e-05
73,Ta,L1,0,200,30,0.952913,1.593e-05,0.000e+00,2.758e-05
73,Ta,L1,0,200,100,0.905772,1.605e-05,0.000e+00,2.694e-05
73,Ta,L1,0,50,10,0.969905,1.012e-05,0.000e+00,1.222e-04
73,Ta,L1,0,50,30,0.957917,9.041e-06,0.000e+00,1.219e-04
73,Ta,L1,0,50,100,0.909991,1.089e-05,0.000e+00,1.197e-04
73,Ta,L1,50,150,10,0.963164,1.770e-05,0.000e+00,0.000e+00
73,Ta,L1,50,150,30,0.951298,1.603e-05,0.000e+00,0.000e+00
73,Ta,L1,50,150,100,0.904522,1.621e-05,0.000e+00,0.000e+00
73,Ta,L2,0,100,10,1.087235,7.588e-06,0.000e+00,1.143e-04
73,Ta,L2,0,100,30,1.074423,9.142e-06,0.000e+00,1.138e-04
73,Ta,L2,0,100,100,1.028923,2.528e-05,0.000e+00,1.117e-04
73,Ta,L2,0,200,10,1.082705,1.757e-05,0.000e+00,2.601e-05
73,Ta,L2,0,200,30,1.070148,1.883e-05,0.000e+00,2.582e-05
73,Ta,L2,0,200,100,1.025454,3.512e-05,0.000e+00,2.515e-05
73,Ta,L2,0,50,10,1.090136,7.533e-06,0.000e+00,1.112e-04
73,Ta,L2,0,50,30,1.077146,9.206e-06,0.000e+00,1.108e-04
73,Ta,L2,0,50,100,1.031054,2.441e-05,0.000e+00,1.095e-04
73,Ta,L2,50,150,10,1.081623,1.398e-05,0.000e+00,0.000e+00
73,Ta,L2,50,150,30,1.069141,1.521e-05,0.000e+00,0.000e+00
73,Ta,L2,50,150,100,1.024712,3.197e-05,0.000e+00,0.000e+00
73,Ta,L3,0,100,10,1.097334,6.764e-06,0.000e+00,1.211e-04
73,Ta,L3,0,100,30,1.082603,8.611e-06,0.000e+00,1.203e-04
73,Ta,L3,0,100,100,1.033281,3.630e-05,0.000e+00,1.175e-04
73,Ta,L3,0,200,10,1.092388,1.888e-05,0.000e+00,2.765e-05
73,Ta,L3,0,200,30,1.077996,2.024e-05,0.000e+00,2.737e-05
73,Ta,L3,0,200,100,1.029705,4.506e-05,0.000e+00,2.651e-05
73,Ta,L3,0,50,10,1.101351,5.466e-06,0.000e+00,1.173e-04
73,Ta,L3,0,50,30,1.086356,7.317e-06,0.000e+00,1.169e-04
73,Ta,L3,0,50,100,1.036167,3.444e-05,0.000e+00,1.151e-04
73,Ta,L3,50,150,10,1.090668,1.535e-05,0.000e+00,0.000e+00
73,Ta,L3,50,150,30,1.076401,1.685e-05,0.000e+00,0.000e+00
73,Ta,L3,50,150,100,1.028534,4.307e-05,0.000e+00,0.000e+00
73,Ta,M1,0,100,10,0.880172,5.042e-06,0.000e+00,1.289e-04
73,Ta,M1,0,100,30,0.837249,1.242e-05,0.000e+00,1.247e-04
73,Ta,M1,0,100,100,0.783981,1.721e-04,0.000e+00,9.516e-05
73,Ta,M1,0,200,10,0.880216,1.991e-05,0.000e+00,3.009e-05
73,Ta,M1,0,200,30,0.838262,2.126e-06,0.000e+00,2.879e-05
73,Ta,M1,0,200,100,0.795207,1.724e-04,0.000e+00,2.123e-05
73,Ta,M1,0,50,10,0.882022,3.027e-06,0.000e+00,1.249e-04
73,Ta,M1,0,50,30,0.837587,1.760e-05,0.000e+00,1.217e-04
73,Ta,M1,0,50,100,0.764902,1.607e-04,0.000e+00,9.866e-05
73,Ta,M1,50,150,10,0.878799,2.012e-05,0.000e+00,0.000e+00
73,Ta,M1,50,150,30,0.837658,2.538e-07,0.000e+00,0.000e+00
73,Ta,M1,50,150,100,0.804814,1.808e-04,0.000e+00,0.000e+00
73,Ta,M2,0,100,10,1.078815,2.315e-06,0.000e+00,1.144e-04
73,Ta,M2,0,100,30,1.014386,2.163e-05,0.000e+00,1.011e-04
73,Ta,M2,0,100,100,0.904067,1.695e-04,0.000e+00,7.465e-05
73,Ta,M2,0,200,10,1.075720,1.739e-05,0.000e+00,2.693e-05
73,Ta,M2,0,200,30,1.017810,3.092e-05,0.000e+00,2.322e-05
73,Ta,M2,0,200,100,0.919819,1.696e-04,0.000e+00,1.644e-05
73,Ta,M2,0,50,10,1.079546,5.193e-07,0.000e+00,1.104e-04
73,Ta,M2,0,50,30,1.007020,1.988e-05,0.000e+00,1.008e-04
73,Ta,M2,0,50,100,0.876347,1.590e-04,0.000e+00,7.989e-05
73,Ta,M2,50,150,10,1.075880,1.329e-05,0.000e+00,0.000e+00
73,Ta,M2,50,150,30,1.022026,2.884e-05,0.000e+00,0.000e+00
73,Ta,M2,50,150,100,0.933073,1.786e-04,0.000e+00,0.000e+00
73,Ta,M3,0,100,10,1.065733,1.025e-05,0.000e+00,1.235e-04
73,Ta,M3,0,100,30,1.009595,3.116e-05,0.000e+00,1.111e-04
73,Ta,M3,0,100,100,0.915145,1.927e-04,0.000e+00,8.724e-05
73,Ta,M3,0,200,10,1.061930,3.210e-05,0.000e+00,2.952e-05
73,Ta,M3,0,200,30,1.011207,4.718e-05,0.000e+00,2.597e-05
73,Ta,M3,0,200,100,0.926360,2.072e-04,0.000e+00,1.966e-05
73,Ta,M3,0,50,10,1.067960,4.979e-06,0.000e+00,1.178e-04
73,Ta,M3,0,50,30,1.005043,2.694e-05,0.000e+00,1.090e-04
73,Ta,M3,0,50,100,0.894757,1.713e-04,0.000e+00,9.070e-05
73,Ta,M3,50,150,10,1.061133,2.860e-05,0.000e+00,0.000e+00
73,Ta,M3,50,150,30,1.014067,4.474e-05,0.000e+00,0.000e+00
73,Ta,M3,50,150,100,0.936919,2.190e-04,0.000e+00,0.000e+00
73,Ta,M4,0,100,10,0.967138,2.399e-04,0.000e+00,4.976e-06
73,Ta,M4,0,100,30,0.942369,2.695e-04,0.000e+00,4.866e-06
73,Ta,M4,0,100,100,0.903962,3.288e-04,0.000e+00,4.812e-06
73,Ta,M4,0,200,10,1.012859,2.156e-04,0.000e+00,1.062e-06
73,Ta,M4,0,200,30,0.988626,2.420e-04,0.000e+00,1.021e-06
73,Ta,M4,0,200,100,0.951079,2.936e-04,0.000e+00,9.979e-07
73,Ta,M4,0,50,10,0.875644,2.909e-04,0.000e+00,6.351e-06
73,Ta,M4,0,50,30,0.850468,3.170e-04,0.000e+00,6.271e-06
73,Ta,M4,0,50,100,0.809212,3.720e-04,0.000e+00,6.241e-06
73,Ta,M4,50,150,10,1.047499,2.106e-04,0.000e+00,0.000e+00
73,Ta,M4,50,150,30,1.022354,2.398e-04,0.000e+00,0.000e+00
73,Ta,M4,50,150,100,0.985866,2.924e-04,0.000e+00,0.000e+00
73,Ta,M5,0,100,10,0.963018,2.372e-04,0.000e+00,4.224e-06
73,Ta,M5,0,100,30,0.938592,2.670e-04,0.000e+00,4.058e-06
73,Ta,M5,0,100,100,0.901575,3.204e-04,0.000e+00,4.076e-06
73,Ta,M5,0,200,10,1.008998,2.155e-04,0.000e+00,9.096e-07
73,Ta,M5,0,200,30,0.985107,2.411e-04,0.000e+00,8.591e-07
73,Ta,M5,0,200,100,0.948672,2.925e-04,0.000e+00,8.525e-07
73,Ta,M5,0,50,10,0.871570,2.861e-04,0.000e+00,5.334e-06
73,Ta,M5,0,50,30,0.846714,3.141e-04,0.000e+00,5.175e-06
73,Ta,M5,0,50,100,0.807309,3.656e-04,0.000e+00,5.231e-06
73,Ta,M5,50,150,10,1.044714,2.102e-04,0.000e+00,0.000e+00
73,Ta,M5,50,150,30,1.019867,2.378e-04,0.000e+00,0.000e+00
73,Ta,M5,50,150,100,0.984306,2.892e-04,0.000e+00,0.000e+00
74,W,L1,0,100,10,0.963260,1.418e-05,0.000e+00,1.234e-04
74,W,L1,0,100,30,0.951744,1.249e-05,0.000e+00,1.228e-04
74,W,L1,0,100,100,0.904783,1.332e-05,0.000e+00,1.187e-04
74,W,L1,0,200,10,0.961500,1.760e-05,0.000e+00,2.764e-05
74,W,L1,0,200,30,0.950061,1.631e-05,0.000e+00,2.746e-05
74,W,L1,0,200,100,0.903512,1.606e-05,0.000e+00,2.646e-05
74,W,L1,0,50,10,0.966133,1.080e-05,0.000e+00,1.222e-04
74,W,L1,0,50,30,0.954481,9.152e-06,0.000e+00,1.217e-04
74,W,L1,0,50,100,0.906400,1.059e-05,0.000e+00,1.180e-04
74,W,L1,50,150,10,0.960031,1.803e-05,0.000e+00,0.000e+00
74,W,L1,50,150,30,0.948659,1.660e-05,0.000e+00,0.000e+00
74,W,L1,50,150,100,0.902739,1.628e-05,0.000e+00,0.000e+00
74,W,L2,0,100,10,1.080462,9.336e-06,0.000e+00,1.042e-04
74,W,L2,0,100,30,1.068349,1.094e-05,0.000e+00,1.037e-04
74,W,L2,0,100,100,1.024151,2.527e-05,0.000e+00,1.018e-04
74,W,L2,0,200,10,1.078960,1.709e-05,0.000e+00,2.362e-05
74,W,L2,0,200,30,1.067021,1.860e-05,0.000e+00,2.346e-05
74,W,L2,0,200,100,1.023324,3.382e-05,0.000e+00,2.286e-05
74,W,L2,0,50,10,1.078215,1.194e-05,0.000e+00,1.019e-04
74,W,L2,0,50,30,1.066015,1.320e-05,0.000e+00,1.016e-04
74,W,L2,0,50,100,1.021558,2.583e-05,0.000e+00,1.004e-04
74,W,L2,50,150,10,1.080636,1.256e-05,0.000e+00,0.000e+00
74,W,L2,50,150,30,1.068710,1.434e-05,0.000e+00,0.000e+00
74,W,L2,50,150,100,1.025063,3.057e-05,0.000e+00,0.000e+00
74,W,L3,0,100,10,1.091842,8.290e-06,0.000e+00,1.115e-04
74,W,L3,0,100,30,1.077819,9.998e-06,0.000e+00,1.108e-04
74,W,L3,0,100,100,1.029804,3.587e-05,0.000e+00,1.083e-04
74,W,L3,0,200,10,1.089525,1.847e-05,0.000e+00,2.539e-05
74,W,L3,0,200,30,1.075739,1.977e-05,0.000e+00,2.515e-05
74,W,L3,0,200,100,1.028401,4.377e-05,0.000e+00,2.436e-05
74,W,L3,0,50,10,1.091388,9.268e-06,0.000e+00,1.086e-04
74,W,L3,0,50,30,1.077212,1.079e-05,0.000e+00,1.082e-04
74,W,L3,0,50,100,1.028724,3.524e-05,0.000e+00,1.065e-04
74,W,L3,50,150,10,1.090224,1.419e-05,0.000e+00,0.000e+00
74,W,L3,50,150,30,1.076488,1.572e-05,0.000e+00,0.000e+00
74,W,L3,50,150,100,1.029327,4.132e-05,0.000e+00,0.000e+00
74,W,M1,0,100,10,0.874368,4.910e-06,0.000e+00,1.286e-04
74,W,M1,0,100,30,0.832054,9.883e-06,0.000e+00,1.233e-04
74,W,M1,0,100,100,0.780405,1.651e-04,0.000e+00,9.334e-05
74,W,M1,0,200,10,0.874585,1.942e-05,0.000e+00,2.995e-05
74,W,M1,0,200,30,0.833351,3.077e-06,0.000e+00,2.840e-05
74,W,M1,0,200,100,0.791687,1.700e-04,0.000e+00,2.071e-05
74,W,M1,0,50,10,0.875936,3.533e-06,0.000e+00,1.248e-04
74,W,M1,0,50,30,0.831797,1.504e-05,0.000e+00,1.206e-04
74,W,M1,0,50,100,0.760384,1.505e-04,0.000e+00,9.749e-05
74,W,M1,50,150,10,0.873332,1.994e-05,0.000e+00,0.000e+00
74,W,M1,50,150,30,0.833081,1.413e-06,0.000e+00,0.000e+00
74,W,M1,50,150,100,0.801636,1.784e-04,0.000e+00,0.000e+00
74,W,M2,0,100,10,1.075541,5.154e-06,0.000e+00,1.052e-04
74,W,M2,0,100,30,1.014891,2.516e-05,0.000e+00,9.346e-05
74,W,M2,0,100,100,0.906876,1.867e-04,0.000e+00,6.915e-05
74,W,M2,0,200,10,1.074678,1.828e-05,0.000e+00,2.463e-05
74,W,M2,0,200,30,1.019216,3.294e-05,0.000e+00,2.134e-05
74,W,M2,0,200,100,0.922216,1.837e-04,0.000e+00,1.509e-05
74,W,M2,0,50,10,1.072070,4.911e-06,0.000e+00,1.021e-04
74,W,M2,0,50,30,1.004772,2.316e-05,0.000e+00,9.396e-05
74,W,M2,0,50,100,0.877546,1.646e-04,0.000e+00,7.502e-05
74,W,M2,50,150,10,1.077230,1.377e-05,0.000e+00,0.000e+00
74,W,M2,50,150,30,1.024879,3.111e-05,0.000e+00,0.000e+00
74,W,M2,50,150,100,0.935918,2.009e-04,0.000e+00,0.000e+00
74,W,M3,0,100,10,1.063249,1.265e-05,0.000e+00,1.147e-04
74,W,M3,0,100,30,1.010365,3.422e-05,0.000e+00,1.038e-04
74,W,M3,0,100,100,0.917926,1.776e-04,0.000e+00,8.183e-05
74,W,M3,0,200,10,1.061398,3.251e-05,0.000e+00,2.729e-05
74,W,M3,0,200,30,1.012796,4.869e-05,0.000e+00,2.413e-05
74,W,M3,0,200,100,0.928784,1.953e-04,0.000e+00,1.829e-05
74,W,M3,0,50,10,1.061884,9.166e-06,0.000e+00,1.099e-04
74,W,M3,0,50,30,1.003488,3.023e-05,0.000e+00,1.025e-04
74,W,M3,0,50,100,0.896366,1.551e-04,0.000e+00,8.601e-05
74,W,M3,50,150,10,1.062729,2.836e-05,0.000e+00,0.000e+00
74,W,M3,50,150,30,1.016950,4.621e-05,0.000e+00,0.000e+00
74,W,M3,50,150,100,0.939740,2.059e-04,0.000e+00,0.000e+00
74,W,M4,0,100,10,0.989367,2.707e-04,0.000e+00,4.774e-06
74,W,M4,0,100,30,0.962975,2.972e-04,0.000e+00,4.670e-06
74,W,M4,0,100,100,0.920748,3.587e-04,0.000e+00,4.605e-06
74,W,M4,0,200,10,1.028718,2.372e-04,0.000e+00,9.979e-07
74,W,M4,0,200,30,1.003211,2.602e-04,0.000e+00,9.601e-07
74,W,M4,0,200,100,0.963008,3.192e-04,0.000e+00,9.354e-07
74,W,M4,0,50,10,0.901622,3.335e-04,0.000e+00,6.336e-06
74,W,M4,0,50,30,0.874159,3.554e-04,0.000e+00,6.255e-06
74,W,M4,0,50,100,0.826947,4.074e-04,0.000e+00,6.209e-06
74,W,M4,50,150,10,1.058887,2.327e-04,0.000e+00,0.000e+00
74,W,M4,50,150,30,1.032870,2.588e-04,0.000e+00,0.000e+00
74,W,M4,50,150,100,0.994487,3.209e-04,0.000e+00,0.000e+00
74,W,M5,0,100,10,0.985589,2.699e-04,0.000e+00,3.873e-06
74,W,M5,0,100,30,0.959469,2.973e-04,0.000e+00,3.710e-06
74,W,M5,0,100,100,0.918528,3.560e-04,0.000e+00,3.723e-06
74,W,M5,0,200,10,1.025267,2.386e-04,0.000e+00,8.155e-07
74,W,M5,0,200,30,1.000051,2.631e-04,0.000e+00,7.683e-07
74,W,M5,0,200,100,0.960871,3.147e-04,0.000e+00,7.616e-07
74,W,M5,0,50,10,0.897504,3.314e-04,0.000e+00,5.101e-06
74,W,M5,0,50,30,0.870240,3.545e-04,0.000e+00,4.934e-06
74,W,M5,0,50,100,0.824749,4.054e-04,0.000e+00,4.983e-06
74,W,M5,50,150,10,1.056254,2.336e-04,0.000e+00,0.000e+00
74,W,M5,50,150,30,1.030520,2.610e-04,0.000e+00,0.000e+00
74,W,M5,50,150,100,0.993034,3.146e-04,0.000e+00,0.000e+00
75,Re,L1,0,100,10,0.959583,1.398e-05,0.000e+00,1.231e-04
75,Re,L1,0,100,30,0.948470,1.279e-05,0.000e+00,1.223e-04
75,Re,L1,0,100,100,0.901831,1.310e-05,0.000e+00,1.169e-04
75,Re,L1,0,200,10,0.958018,1.783e-05,0.000e+00,2.753e-05
75,Re,L1,0,200,30,0.947019,1.670e-05,0.000e+00,2.732e-05
75,Re,L1,0,200,100,0.901053,1.601e-05,0.000e+00,2.601e-05
75,Re,L1,0,50,10,0.962107,1.041e-05,0.000e+00,1.220e-04
75,Re,L1,0,50,30,0.950778,9.231e-06,0.000e+00,1.213e-04
75,Re,L1,0,50,100,0.902451,9.996e-06,0.000e+00,1.164e-04
75,Re,L1,50,150,10,0.956736,1.825e-05,0.000e+00,0.000e+00
75,Re,L1,50,150,30,0.945846,1.711e-05,0.000e+00,0.000e+00
75,Re,L1,50,150,100,0.900800,1.650e-05,0.000e+00,0.000e+00
75,Re,L2,0,100,10,1.073788,1.053e-05,0.000e+00,9.527e-05
75,Re,L2,0,100,30,1.062322,1.284e-05,0.000e+00,9.485e-05
75,Re,L2,0,100,100,1.019317,2.575e-05,0.000e+00,9.313e-05
75,Re,L2,0,200,10,1.075230,1.686e-05,0.000e+00,2.152e-05
75,Re,L2,0,200,30,1.063874,1.859e-05,0.000e+00,2.138e-05
75,Re,L2,0,200,100,1.021135,3.216e-05,0.000e+00,2.083e-05
75,Re,L2,0,50,10,1.066464,1.466e-05,0.000e+00,9.379e-05
75,Re,L2,0,50,30,1.054978,1.689e-05,0.000e+00,9.354e-05
75,Re,L2,0,50,100,1.011946,2.781e-05,0.000e+00,9.245e-05
75,Re,L2,50,150,10,1.079609,1.207e-05,0.000e+00,0.000e+00
75,Re,L2,50,150,30,1.068218,1.403e-05,0.000e+00,0.000e+00
75,Re,L2,50,150,100,1.025366,2.878e-05,0.000e+00,0.000e+00
75,Re,L3,0,100,10,1.086315,9.759e-06,0.000e+00,1.029e-04
75,Re,L3,0,100,30,1.072941,1.158e-05,0.000e+00,1.022e-04
75,Re,L3,0,100,100,1.026093,3.369e-05,0.000e+00,9.992e-05
75,Re,L3,0,200,10,1.086598,1.811e-05,0.000e+00,2.336e-05
75,Re,L3,0,200,30,1.073386,1.951e-05,0.000e+00,2.315e-05
75,Re,L3,0,200,100,1.026939,4.085e-05,0.000e+00,2.242e-05
75,Re,L3,0,50,10,1.081355,1.244e-05,0.000e+00,1.007e-04
75,Re,L3,0,50,30,1.067909,1.403e-05,0.000e+00,1.004e-04
75,Re,L3,0,50,100,1.020858,3.395e-05,0.000e+00,9.890e-05
75,Re,L3,50,150,10,1.089729,1.349e-05,0.000e+00,0.000e+00
75,Re,L3,50,150,30,1.076507,1.514e-05,0.000e+00,0.000e+00
75,Re,L3,50,150,100,1.030050,3.813e-05,0.000e+00,0.000e+00
75,Re,M1,0,100,10,0.868060,4.317e-06,0.000e+00,1.282e-04
75,Re,M1,0,100,30,0.826293,9.309e-06,0.000e+00,1.220e-04
75,Re,M1,0,100,100,0.775603,1.543e-04,0.000e+00,9.148e-05
75,Re,M1,0,200,10,0.868477,1.881e-05,0.000e+00,2.979e-05
75,Re,M1,0,200,30,0.827934,3.355e-06,0.000e+00,2.802e-05
75,Re,M1,0,200,100,0.787300,1.642e-04,0.000e+00,2.019e-05
75,Re,M1,0,50,10,0.869317,4.362e-06,0.000e+00,1.246e-04
75,Re,M1,0,50,30,0.825365,1.422e-05,0.000e+00,1.196e-04
75,Re,M1,0,50,100,0.754128,1.344e-04,0.000e+00,9.614e-05
75,Re,M1,50,150,10,0.867396,1.947e-05,0.000e+00,0.000e+00
75,Re,M1,50,150,30,0.828031,1.423e-06,0.000e+00,0.000e+00
75,Re,M1,50,150,100,0.797866,1.747e-04,0.000e+00,0.000e+00
75,Re,M2,0,100,10,1.071691,7.743e-06,0.000e+00,9.699e-05
75,Re,M2,0,100,30,1.013957,2.812e-05,0.000e+00,8.663e-05
75,Re,M2,0,100,100,0.907591,1.932e-04,0.000e+00,6.416e-05
75,Re,M2,0,200,10,1.073172,1.874e-05,0.000e+00,2.261e-05
75,Re,M2,0,200,30,1.019658,3.439e-05,0.000e+00,1.968e-05
75,Re,M2,0,200,100,0.923310,1.951e-04,0.000e+00,1.388e-05
75,Re,M2,0,50,10,1.063818,8.654e-06,0.000e+00,9.486e-05
75,Re,M2,0,50,30,1.000353,2.588e-05,0.000e+00,8.776e-05
75,Re,M2,0,50,100,0.875394,1.631e-04,0.000e+00,7.048e-05
75,Re,M2,50,150,10,1.078188,1.405e-05,0.000e+00,0.000e+00
75,Re,M2,50,150,30,1.027115,3.293e-05,0.000e+00,0.000e+00
75,Re,M2,50,150,100,0.938067,2.139e-04,0.000e+00,0.000e+00
75,Re,M3,0,100,10,1.060102,1.473e-05,0.000e+00,1.067e-04
75,Re,M3,0,100,30,1.009690,3.609e-05,0.000e+00,9.706e-05
75,Re,M3,0,100,100,0.918645,1.680e-04,0.000e+00,7.681e-05
75,Re,M3,0,200,10,1.060322,3.261e-05,0.000e+00,2.528e-05
75,Re,M3,0,200,30,1.013386,4.921e-05,0.000e+00,2.247e-05
75,Re,M3,0,200,100,0.929887,1.807e-04,0.000e+00,1.705e-05
75,Re,M3,0,50,10,1.054923,1.263e-05,0.000e+00,1.028e-04
75,Re,M3,0,50,30,0.999801,3.223e-05,0.000e+00,9.642e-05
75,Re,M3,0,50,100,0.894748,1.447e-04,0.000e+00,8.153e-05
75,Re,M3,50,150,10,1.063885,2.807e-05,0.000e+00,0.000e+00
75,Re,M3,50,150,30,1.019183,4.682e-05,0.000e+00,0.000e+00
75,Re,M3,50,150,100,0.941833,1.926e-04,0.000e+00,0.000e+00
75,Re,M4,0,100,10,1.006212,2.959e-04,0.000e+00,4.735e-06
75,Re,M4,0,100,30,0.978526,3.193e-04,0.000e+00,4.633e-06
75,Re,M4,0,100,100,0.933023,3.826e-04,0.000e+00,4.555e-06
75,Re,M4,0,200,10,1.040791,2.538e-04,0.000e+00,9.726e-07
75,Re,M4,0,200,30,1.014274,2.744e-04,0.000e+00,9.363e-07
75,Re,M4,0,200,100,0.971825,3.380e-04,0.000e+00,9.094e-07
75,Re,M4,0,50,10,0.919994,3.728e-04,0.000e+00,6.501e-06
75,Re,M4,0,50,30,0.890691,3.904e-04,0.000e+00,6.419e-06
75,Re,M4,0,50,100,0.838262,4.398e-04,0.000e+00,6.352e-06
75,Re,M4,50,150,10,1.068453,2.488e-04,0.000e+00,0.000e+00
75,Re,M4,50,150,30,1.041683,2.723e-04,0.000e+00,0.000e+00
75,Re,M4,50,150,100,1.001599,3.394e-04,0.000e+00,0.000e+00
75,Re,M5,0,100,10,1.002461,2.973e-04,0.000e+00,3.723e-06
75,Re,M5,0,100,30,0.974989,3.221e-04,0.000e+00,3.561e-06
75,Re,M5,0,100,100,0.930664,3.817e-04,0.000e+00,3.564e-06
75,Re,M5,0,200,10,1.037514,2.569e-04,0.000e+00,7.694e-07
75,Re,M5,0,200,30,1.011252,2.787e-04,0.000e+00,7.238e-07
75,Re,M5,0,200,100,0.969753,3.367e-04,0.000e+00,7.157e-07
75,Re,M5,0,50,10,0.915417,3.729e-04,0.000e+00,5.087e-06
75,Re,M5,0,50,30,0.886204,3.918e-04,0.000e+00,4.913e-06
75,Re,M5,0,50,100,0.835340,4.387e-04,0.000e+00,4.949e-06
75,Re,M5,50,150,10,1.065900,2.516e-04,0.000e+00,0.000e+00
75,Re,M5,50,150,30,1.039398,2.768e-04,0.000e+00,0.000e+00
75,Re,M5,50,150,100,1.000184,3.388e-04,0.000e+00,0.000e+00
76,Os,L1,0,100,10,0.955748,1.435e-05,0.000e+00,1.226e-04
76,Os,L1,0,100,30,0.945032,1.340e-05,0.000e+00,1.217e-04
76,Os,L1,0,100,100,0.898753,1.296e-05,0.000e+00,1.152e-04
76,Os,L1,0,200,10,0.954422,1.856e-05,0.000e+00,2.739e-05
76,Os,L1,0,200,30,0.943852,1.727e-05,0.000e+00,2.715e-05
76,Os,L1,0,200,100,0.898496,1.578e-05,0.000e+00,2.560e-05
76,Os,L1,0,50,10,0.957854,1.021e-05,0.000e+00,1.216e-04
76,Os,L1,0,50,30,0.946852,9.529e-06,0.000e+00,1.208e-04
76,Os,L1,0,50,100,0.898352,9.726e-06,0.000e+00,1.149e-04
76,Os,L1,50,150,10,0.953365,1.927e-05,0.000e+00,0.000e+00
76,Os,L1,50,150,30,0.942941,1.786e-05,0.000e+00,0.000e+00
76,Os,L1,50,150,100,0.898774,1.632e-05,0.000e+00,0.000e+00
76,Os,L2,0,100,10,1.067571,1.330e-05,0.000e+00,8.770e-05
76,Os,L2,0,100,30,1.056700,1.494e-05,0.000e+00,8.733e-05
76,Os,L2,0,100,100,1.014777,2.943e-05,0.000e+00,8.575e-05
76,Os,L2,0,200,10,1.071734,1.763e-05,0.000e+00,1.974e-05
76,Os,L2,0,200,30,1.060927,1.887e-05,0.000e+00,1.961e-05
76,Os,L2,0,200,100,1.019094,3.337e-05,0.000e+00,1.911e-05
76,Os,L2,0,50,10,1.055558,1.875e-05,0.000e+00,8.692e-05
76,Os,L2,0,50,30,1.044714,2.039e-05,0.000e+00,8.670e-05
76,Os,L2,0,50,100,1.002917,3.302e-05,0.000e+00,8.569e-05
76,Os,L2,50,150,10,1.078572,1.290e-05,0.000e+00,0.000e+00
76,Os,L2,50,150,30,1.067696,1.421e-05,0.000e+00,0.000e+00
76,Os,L2,50,150,100,1.025632,2.990e-05,0.000e+00,0.000e+00
76,Os,L3,0,100,10,1.081149,1.145e-05,0.000e+00,9.554e-05
76,Os,L3,0,100,30,1.068375,1.318e-05,0.000e+00,9.499e-05
76,Os,L3,0,100,100,1.022557,3.310e-05,0.000e+00,9.283e-05
76,Os,L3,0,200,10,1.083846,1.808e-05,0.000e+00,2.163e-05
76,Os,L3,0,200,30,1.071177,1.941e-05,0.000e+00,2.144e-05
76,Os,L3,0,200,100,1.025553,3.911e-05,0.000e+00,2.076e-05
76,Os,L3,0,50,10,1.072018,1.557e-05,0.000e+00,9.408e-05
76,Os,L3,0,50,30,1.059228,1.708e-05,0.000e+00,9.375e-05
76,Os,L3,0,50,100,1.013383,3.425e-05,0.000e+00,9.240e-05
76,Os,L3,50,150,10,1.089202,1.326e-05,0.000e+00,0.000e+00
76,Os,L3,50,150,30,1.076480,1.480e-05,0.000e+00,0.000e+00
76,Os,L3,50,150,100,1.030710,3.621e-05,0.000e+00,0.000e+00
76,Os,M1,0,100,10,0.861342,3.958e-06,0.000e+00,1.277e-04
76,Os,M1,0,100,30,0.820152,9.208e-06,0.000e+00,1.207e-04
76,Os,M1,0,100,100,0.770036,1.374e-04,0.000e+00,8.970e-05
76,Os,M1,0,200,10,0.861993,1.816e-05,0.000e+00,2.959e-05
76,Os,M1,0,200,30,0.822169,3.587e-06,0.000e+00,2.766e-05
76,Os,M1,0,200,100,0.782354,1.455e-04,0.000e+00,1.971e-05
76,Os,M1,0,50,10,0.862234,4.737e-06,0.000e+00,1.243e-04
76,Os,M1,0,50,30,0.818516,1.393e-05,0.000e+00,1.186e-04
76,Os,M1,0,50,100,0.746827,1.166e-04,0.000e+00,9.481e-05
76,Os,M1,50,150,10,0.861117,1.879e-05,0.000e+00,0.000e+00
76,Os,M1,50,150,30,0.822653,1.777e-06,0.000e+00,0.000e+00
76,Os,M1,50,150,100,0.793683,1.550e-04,0.000e+00,0.000e+00
76,Os,M2,0,100,10,1.067775,1.033e-05,0.000e+00,9.006e-05
76,Os,M2,0,100,30,1.012340,3.033e-05,0.000e+00,8.079e-05
76,Os,M2,0,100,100,0.907073,1.911e-04,0.000e+00,5.986e-05
76,Os,M2,0,200,10,1.071526,1.942e-05,0.000e+00,2.089e-05
76,Os,M2,0,200,30,1.019614,3.502e-05,0.000e+00,1.826e-05
76,Os,M2,0,200,100,0.923643,1.966e-04,0.000e+00,1.286e-05
76,Os,M2,0,50,10,1.055689,1.212e-05,0.000e+00,8.870e-05
76,Os,M2,0,50,30,0.995071,2.792e-05,0.000e+00,8.246e-05
76,Os,M2,0,50,100,0.871324,1.554e-04,0.000e+00,6.654e-05
76,Os,M2,50,150,10,1.078847,1.478e-05,0.000e+00,0.000e+00
76,Os,M2,50,150,30,1.028910,3.386e-05,0.000e+00,0.000e+00
76,Os,M2,50,150,100,0.939744,2.170e-04,0.000e+00,0.000e+00
76,Os,M3,0,100,10,1.056857,1.674e-05,0.000e+00,9.986e-05
76,Os,M3,0,100,30,1.008379,3.803e-05,0.000e+00,9.130e-05
76,Os,M3,0,100,100,0.918242,1.679e-04,0.000e+00,7.249e-05
76,Os,M3,0,200,10,1.059075,3.282e-05,0.000e+00,2.357e-05
76,Os,M3,0,200,30,1.013498,4.958e-05,0.000e+00,2.105e-05
76,Os,M3,0,200,100,0.930274,1.762e-04,0.000e+00,1.599e-05
76,Os,M3,0,50,10,1.048054,1.583e-05,0.000e+00,9.680e-05
76,Os,M3,0,50,30,0.995358,3.457e-05,0.000e+00,9.123e-05
76,Os,M3,0,50,100,0.891468,1.468e-04,0.000e+00,7.764e-05
76,Os,M3,50,150,10,1.064723,2.809e-05,0.000e+00,0.000e+00
76,Os,M3,50,150,30,1.020967,4.716e-05,0.000e+00,0.000e+00
76,Os,M3,50,150,100,0.943450,1.869e-04,0.000e+00,0.000e+00
76,Os,M4,0,100,10,1.018990,3.198e-04,0.000e+00,4.766e-06
76,Os,M4,0,100,30,0.990288,3.417e-04,0.000e+00,4.664e-06
76,Os,M4,0,100,100,0.941958,3.999e-04,0.000e+00,4.572e-06
76,Os,M4,0,200,10,1.050150,2.675e-04,0.000e+00,9.641e-07
76,Os,M4,0,200,30,1.022841,2.874e-04,0.000e+00,9.287e-07
76,Os,M4,0,200,100,0.978458,3.482e-04,0.000e+00,8.993e-07
76,Os,M4,0,50,10,0.932119,4.136e-04,0.000e+00,6.752e-06
76,Os,M4,0,50,30,0.901377,4.275e-04,0.000e+00,6.669e-06
76,Os,M4,0,50,100,0.844400,4.653e-04,0.000e+00,6.580e-06
76,Os,M4,50,150,10,1.076580,2.615e-04,0.000e+00,0.000e+00
76,Os,M4,50,150,30,1.049175,2.848e-04,0.000e+00,0.000e+00
76,Os,M4,50,150,100,1.007560,3.510e-04,0.000e+00,0.000e+00
76,Os,M5,0,100,10,1.015138,3.220e-04,0.000e+00,3.657e-06
76,Os,M5,0,100,30,0.986599,3.443e-04,0.000e+00,3.494e-06
76,Os,M5,0,100,100,0.939333,4.049e-04,0.000e+00,3.486e-06
76,Os,M5,0,200,10,1.046946,2.717e-04,0.000e+00,7.433e-07
76,Os,M5,0,200,30,1.019860,2.913e-04,0.000e+00,6.987e-07
76,Os,M5,0,200,100,0.976361,3.531e-04,0.000e+00,6.886e-07
76,Os,M5,0,50,10,0.926937,4.142e-04,0.000e+00,5.169e-06
76,Os,M5,0,50,30,0.896175,4.292e-04,0.000e+00,4.986e-06
76,Os,M5,0,50,100,0.840578,4.727e-04,0.000e+00,5.007e-06
76,Os,M5,50,150,10,1.074067,2.655e-04,0.000e+00,0.000e+00
76,Os,M5,50,150,30,1.046918,2.885e-04,0.000e+00,0.000e+00
76,Os,M5,50,150,100,1.006143,3.542e-04,0.000e+00,0.000e+00
77,Ir,L1,0,100,10,0.951680,1.520e-05,0.000e+00,1.219e-04
77,Ir,L1,0,100,30,0.941369,1.383e-05,0.000e+00,1.209e-04
77,Ir,L1,0,100,100,0.895573,1.278e-05,0.000e+00,1.137e-04
77,Ir,L1,0,200,10,0.950649,1.896e-05,0.000e+00,2.720e-05
77,Ir,L1,0,200,30,0.940508,1.767e-05,0.000e+00,2.695e-05
77,Ir,L1,0,200,100,0.895838,1.558e-05,0.000e+00,2.522e-05
77,Ir,L1,0,50,10,0.953256,1.086e-05,0.000e+00,1.211e-04
77,Ir,L1,0,50,30,0.942605,9.790e-06,0.000e+00,1.202e-04
77,Ir,L1,0,50,100,0.894163,9.544e-06,0.000e+00,1.136e-04
77,Ir,L1,50,150,10,0.949870,1.994e-05,0.000e+00,0.000e+00
77,Ir,L1,50,150,30,0.939901,1.842e-05,0.000e+00,0.000e+00
77,Ir,L1,50,150,100,0.896634,1.609e-05,0.000e+00,0.000e+00
77,Ir,L2,0,100,10,1.062240,1.593e-05,0.000e+00,8.152e-05
77,Ir,L2,0,100,30,1.051917,1.718e-05,0.000e+00,8.119e-05
77,Ir,L2,0,100,100,1.010952,3.221e-05,0.000e+00,7.973e-05
77,Ir,L2,0,200,10,1.068719,1.811e-05,0.000e+00,1.828e-05
77,Ir,L2,0,200,30,1.058427,1.941e-05,0.000e+00,1.817e-05
77,Ir,L2,0,200,100,1.017431,3.388e-05,0.000e+00,1.771e-05
77,Ir,L2,0,50,10,1.046237,2.286e-05,0.000e+00,8.132e-05
77,Ir,L2,0,50,30,1.035966,2.376e-05,0.000e+00,8.112e-05
77,Ir,L2,0,50,100,0.995213,3.690e-05,0.000e+00,8.019e-05
77,Ir,L2,50,150,10,1.077616,1.324e-05,0.000e+00,0.000e+00
77,Ir,L2,50,150,30,1.067234,1.474e-05,0.000e+00,0.000e+00
77,Ir,L2,50,150,100,1.025933,3.048e-05,0.000e+00,0.000e+00
77,Ir,L3,0,100,10,1.076876,1.382e-05,0.000e+00,8.964e-05
77,Ir,L3,0,100,30,1.064646,1.513e-05,0.000e+00,8.914e-05
77,Ir,L3,0,100,100,1.019725,3.162e-05,0.000e+00,8.712e-05
77,Ir,L3,0,200,10,1.081582,1.857e-05,0.000e+00,2.024e-05
77,Ir,L3,0,200,30,1.069416,1.966e-05,0.000e+00,2.007e-05
77,Ir,L3,0,200,100,1.024551,3.667e-05,0.000e+00,1.943e-05
77,Ir,L3,0,50,10,1.064280,1.926e-05,0.000e+00,8.873e-05
77,Ir,L3,0,50,30,1.052066,2.020e-05,0.000e+00,8.844e-05
77,Ir,L3,0,50,100,1.007209,3.338e-05,0.000e+00,8.718e-05
77,Ir,L3,50,150,10,1.088766,1.360e-05,0.000e+00,0.000e+00
77,Ir,L3,50,150,30,1.076520,1.497e-05,0.000e+00,0.000e+00
77,Ir,L3,50,150,100,1.031424,3.377e-05,0.000e+00,0.000e+00
77,Ir,M1,0,100,10,0.854246,3.683e-06,0.000e+00,1.270e-04
77,Ir,M1,0,100,30,0.813700,7.852e-06,0.000e+00,1.194e-04
77,Ir,M1,0,100,100,0.763868,1.193e-04,0.000e+00,8.811e-05
77,Ir,M1,0,200,10,0.855179,1.753e-05,0.000e+00,2.936e-05
77,Ir,M1,0,200,30,0.816112,4.049e-06,0.000e+00,2.730e-05
77,Ir,M1,0,200,100,0.776989,1.265e-04,0.000e+00,1.928e-05
77,Ir,M1,0,50,10,0.854671,5.054e-06,0.000e+00,1.238e-04
77,Ir,M1,0,50,30,0.811328,1.312e-05,0.000e+00,1.176e-04
77,Ir,M1,0,50,100,0.738743,1.016e-04,0.000e+00,9.364e-05
77,Ir,M1,50,150,10,0.854559,1.831e-05,0.000e+00,0.000e+00
77,Ir,M1,50,150,30,0.816991,2.882e-06,0.000e+00,0.000e+00
77,Ir,M1,50,150,100,0.789160,1.335e-04,0.000e+00,0.000e+00
77,Ir,M2,0,100,10,1.064413,1.289e-05,0.000e+00,8.440e-05
77,Ir,M2,0,100,30,1.010658,3.244e-05,0.000e+00,7.602e-05
77,Ir,M2,0,100,100,0.905731,1.863e-04,0.000e+00,5.633e-05
77,Ir,M2,0,200,10,1.070178,2.020e-05,0.000e+00,1.949e-05
77,Ir,M2,0,200,30,1.019498,3.558e-05,0.000e+00,1.710e-05
77,Ir,M2,0,200,100,0.923500,1.936e-04,0.000e+00,1.201e-05
77,Ir,M2,0,50,10,1.048629,1.545e-05,0.000e+00,8.370e-05
77,Ir,M2,0,50,30,0.989924,3.017e-05,0.000e+00,7.815e-05
77,Ir,M2,0,50,100,0.866032,1.491e-04,0.000e+00,6.337e-05
77,Ir,M2,50,150,10,1.079477,1.557e-05,0.000e+00,0.000e+00
77,Ir,M2,50,150,30,1.030491,3.441e-05,0.000e+00,0.000e+00
77,Ir,M2,50,150,100,0.941079,2.139e-04,0.000e+00,0.000e+00
77,Ir,M3,0,100,10,1.054239,1.869e-05,0.000e+00,9.439e-05
77,Ir,M3,0,100,30,1.007153,3.986e-05,0.000e+00,8.668e-05
77,Ir,M3,0,100,100,0.917271,1.859e-04,0.000e+00,6.902e-05
77,Ir,M3,0,200,10,1.058172,3.307e-05,0.000e+00,2.220e-05
77,Ir,M3,0,200,30,1.013622,4.984e-05,0.000e+00,1.990e-05
77,Ir,M3,0,200,100,0.930330,1.854e-04,0.000e+00,1.514e-05
77,Ir,M3,0,50,10,1.042362,1.880e-05,0.000e+00,9.199e-05
77,Ir,M3,0,50,30,0.991294,3.681e-05,0.000e+00,8.708e-05
77,Ir,M3,0,50,100,0.887445,1.573e-04,0.000e+00,7.457e-05
77,Ir,M3,50,150,10,1.065558,2.819e-05,0.000e+00,0.000e+00
77,Ir,M3,50,150,30,1.022579,4.732e-05,0.000e+00,0.000e+00
77,Ir,M3,50,150,100,0.944798,2.014e-04,0.000e+00,0.000e+00
77,Ir,M4,0,100,10,1.027784,3.432e-04,0.000e+00,4.830e-06
77,Ir,M4,0,100,30,0.998277,3.627e-04,0.000e+00,4.730e-06
77,Ir,M4,0,100,100,0.947527,4.144e-04,0.000e+00,4.622e-06
77,Ir,M4,0,200,10,1.057178,2.796e-04,0.000e+00,9.634e-07
77,Ir,M4,0,200,30,1.029219,2.968e-04,0.000e+00,9.288e-07
77,Ir,M4,0,200,100,0.983163,3.541e-04,0.000e+00,8.967e-07
77,Ir,M4,0,50,10,0.937280,4.566e-04,0.000e+00,7.066e-06
77,Ir,M4,0,50,30,0.905456,4.669e-04,0.000e+00,6.981e-06
77,Ir,M4,0,50,100,0.844627,4.946e-04,0.000e+00,6.868e-06
77,Ir,M4,50,150,10,1.083471,2.722e-04,0.000e+00,0.000e+00
77,Ir,M4,50,150,30,1.055493,2.933e-04,0.000e+00,0.000e+00
77,Ir,M4,50,150,100,1.012485,3.552e-04,0.000e+00,0.000e+00
77,Ir,M5,0,100,10,1.023806,3.467e-04,0.000e+00,3.628e-06
77,Ir,M5,0,100,30,0.994408,3.669e-04,0.000e+00,3.465e-06
77,Ir,M5,0,100,100,0.944594,4.221e-04,0.000e+00,3.444e-06
77,Ir,M5,0,200,10,1.054017,2.849e-04,0.000e+00,7.262e-07
77,Ir,M5,0,200,30,1.026251,3.035e-04,0.000e+00,6.825e-07
77,Ir,M5,0,200,100,0.980997,3.622e-04,0.000e+00,6.702e-07
77,Ir,M5,0,50,10,0.931485,4.580e-04,0.000e+00,5.308e-06
77,Ir,M5,0,50,30,0.899527,4.682e-04,0.000e+00,5.117e-06
77,Ir,M5,0,50,100,0.839860,4.988e-04,0.000e+00,5.119e-06
77,Ir,M5,50,150,10,1.080989,2.774e-04,0.000e+00,0.000e+00
77,Ir,M5,50,150,30,1.053248,2.999e-04,0.000e+00,0.000e+00
77,Ir,M5,50,150,100,1.011038,3.644e-04,0.000e+00,0.000e+00
78,Pt,L1,0,100,10,0.945505,1.537e-05,0.000e+00,1.184e-04
78,Pt,L1,0,100,30,0.935750,1.414e-05,0.000e+00,1.177e-04
78,Pt,L1,0,100,100,0.891535,1.241e-05,0.000e+00,1.126e-04
78,Pt,L1,0,200,10,0.945456,1.954e-05,0.000e+00,2.636e-05
78,Pt,L1,0,200,30,0.935830,1.832e-05,0.000e+00,2.618e-05
78,Pt,L1,0,200,100,0.892455,1.568e-05,0.000e+00,2.495e-05
78,Pt,L1,0,50,10,0.945141,1.063e-05,0.000e+00,1.181e-04
78,Pt,L1,0,50,30,0.935133,9.439e-06,0.000e+00,1.175e-04
78,Pt,L1,0,50,100,0.888844,7.713e-06,0.000e+00,1.128e-04
78,Pt,L1,50,150,10,0.945683,2.082e-05,0.000e+00,0.000e+00
78,Pt,L1,50,150,30,0.936183,1.954e-05,0.000e+00,0.000e+00
78,Pt,L1,50,150,100,0.893914,1.687e-05,0.000e+00,0.000e+00
78,Pt,L2,0,100,10,1.054837,1.319e-05,0.000e+00,8.630e-05
78,Pt,L2,0,100,30,1.045192,1.507e-05,0.000e+00,8.598e-05
78,Pt,L2,0,100,100,1.005957,2.957e-05,0.000e+00,8.453e-05
78,Pt,L2,0,200,10,1.063963,1.488e-05,0.000e+00,1.939e-05
78,Pt,L2,0,200,30,1.054279,1.655e-05,0.000e+00,1.928e-05
78,Pt,L2,0,200,100,1.014648,3.083e-05,0.000e+00,1.881e-05
78,Pt,L2,0,50,10,1.035940,2.178e-05,0.000e+00,8.579e-05
78,Pt,L2,0,50,30,1.026400,2.305e-05,0.000e+00,8.561e-05
78,Pt,L2,0,50,100,0.987671,3.440e-05,0.000e+00,8.475e-05
78,Pt,L2,50,150,10,1.074470,8.612e-06,0.000e+00,0.000e+00
78,Pt,L2,50,150,30,1.064663,1.073e-05,0.000e+00,0.000e+00
78,Pt,L2,50,150,100,1.024546,2.688e-05,0.000e+00,0.000e+00
78,Pt,L3,0,100,10,1.072063,1.107e-05,0.000e+00,9.816e-05
78,Pt,L3,0,100,30,1.060540,1.244e-05,0.000e+00,9.765e-05
78,Pt,L3,0,100,100,1.017358,2.780e-05,0.000e+00,9.558e-05
78,Pt,L3,0,200,10,1.078319,1.514e-05,0.000e+00,2.224e-05
78,Pt,L3,0,200,30,1.066777,1.640e-05,0.000e+00,2.206e-05
78,Pt,L3,0,200,100,1.023241,3.318e-05,0.000e+00,2.139e-05
78,Pt,L3,0,50,10,1.058474,1.781e-05,0.000e+00,9.653e-05
78,Pt,L3,0,50,30,1.047020,1.832e-05,0.000e+00,9.626e-05
78,Pt,L3,0,50,100,1.004216,2.852e-05,0.000e+00,9.507e-05
78,Pt,L3,50,150,10,1.086097,8.883e-06,0.000e+00,0.000e+00
78,Pt,L3,50,150,30,1.074447,1.067e-05,0.000e+00,0.000e+00
78,Pt,L3,50,150,100,1.030505,3.019e-05,0.000e+00,0.000e+00
78,Pt,M1,0,100,10,0.843964,3.346e-06,0.000e+00,1.231e-04
78,Pt,M1,0,100,30,0.805071,8.176e-06,0.000e+00,1.175e-04
78,Pt,M1,0,100,100,0.757679,1.152e-04,0.000e+00,8.994e-05
78,Pt,M1,0,200,10,0.845792,1.731e-05,0.000e+00,2.836e-05
78,Pt,M1,0,200,30,0.808120,3.701e-06,0.000e+00,2.677e-05
78,Pt,M1,0,200,100,0.771040,1.226e-04,0.000e+00,1.956e-05
78,Pt,M1,0,50,10,0.842654,6.063e-06,0.000e+00,1.206e-04
78,Pt,M1,0,50,30,0.801460,1.419e-05,0.000e+00,1.160e-04
78,Pt,M1,0,50,100,0.731269,8.560e-05,0.000e+00,9.628e-05
78,Pt,M1,50,150,10,0.846127,1.875e-05,0.000e+00,0.000e+00
78,Pt,M1,50,150,30,0.809667,2.653e-06,0.000e+00,0.000e+00
78,Pt,M1,50,150,100,0.783698,1.344e-04,0.000e+00,0.000e+00
78,Pt,M2,0,100,10,1.059125,1.299e-05,0.000e+00,8.900e-05
78,Pt,M2,0,100,30,1.008989,3.556e-05,0.000e+00,8.075e-05
78,Pt,M2,0,100,100,0.907709,1.806e-04,0.000e+00,6.043e-05
78,Pt,M2,0,200,10,1.066647,1.921e-05,0.000e+00,2.054e-05
78,Pt,M2,0,200,30,1.018380,3.813e-05,0.000e+00,1.812e-05
78,Pt,M2,0,200,100,0.924436,1.886e-04,0.000e+00,1.277e-05
78,Pt,M2,0,50,10,1.041198,1.391e-05,0.000e+00,8.816e-05
78,Pt,M2,0,50,30,0.986987,2.475e-05,0.000e+00,8.310e-05
78,Pt,M2,0,50,100,0.866885,1.135e-04,0.000e+00,6.887e-05
78,Pt,M2,50,150,10,1.077159,1.465e-05,0.000e+00,0.000e+00
78,Pt,M2,50,150,30,1.030028,3.978e-05,0.000e+00,0.000e+00
78,Pt,M2,50,150,100,0.942149,2.169e-04,0.000e+00,0.000e+00
78,Pt,M3,0,100,10,1.050350,1.738e-05,0.000e+00,1.026e-04
78,Pt,M3,0,100,30,1.006162,4.034e-05,0.000e+00,9.486e-05
78,Pt,M3,0,100,100,0.919328,1.897e-04,0.000e+00,7.638e-05
78,Pt,M3,0,200,10,1.055222,3.080e-05,0.000e+00,2.417e-05
78,Pt,M3,0,200,30,1.012653,4.999e-05,0.000e+00,2.178e-05
78,Pt,M3,0,200,100,0.931106,1.985e-04,0.000e+00,1.666e-05
78,Pt,M3,0,50,10,1.038045,1.691e-05,0.000e+00,9.951e-05
78,Pt,M3,0,50,30,0.990594,3.089e-05,0.000e+00,9.497e-05
78,Pt,M3,0,50,100,0.890283,1.343e-04,0.000e+00,8.293e-05
78,Pt,M3,50,150,10,1.062897,2.551e-05,0.000e+00,0.000e+00
78,Pt,M3,50,150,30,1.021502,4.946e-05,0.000e+00,0.000e+00
78,Pt,M3,50,150,100,0.945100,2.247e-04,0.000e+00,0.000e+00
78,Pt,M4,0,100,10,1.052090,4.258e-04,0.000e+00,4.933e-06
78,Pt,M4,0,100,30,1.020811,4.401e-04,0.000e+00,4.834e-06
78,Pt,M4,0,100,100,0.964446,4.809e-04,0.000e+00,4.718e-06
78,Pt,M4,0,200,10,1.070273,3.319e-04,0.000e+00,9.528e-07
78,Pt,M4,0,200,30,1.041442,3.463e-04,0.000e+00,9.194e-07
78,Pt,M4,0,200,100,0.992682,3.963e-04,0.000e+00,8.865e-07
78,Pt,M4,0,50,10,0.967017,5.250e-04,0.000e+00,7.828e-06
78,Pt,M4,0,50,30,0.931177,5.235e-04,0.000e+00,7.740e-06
78,Pt,M4,0,50,100,0.857636,5.274e-04,0.000e+00,7.606e-06
78,Pt,M4,50,150,10,1.092473,3.380e-04,0.000e+00,0.000e+00
78,Pt,M4,50,150,30,1.064174,3.568e-04,0.000e+00,0.000e+00
78,Pt,M4,50,150,100,1.019750,4.131e-04,0.000e+00,0.000e+00
78,Pt,M5,0,100,10,1.047315,4.297e-04,0.000e+00,3.583e-06
78,Pt,M5,0,100,30,1.016086,4.451e-04,0.000e+00,3.422e-06
78,Pt,M5,0,100,100,0.960538,4.871e-04,0.000e+00,3.399e-06
78,Pt,M5,0,200,10,1.066826,3.384e-04,0.000e+00,6.936e-07
78,Pt,M5,0,200,30,1.038159,3.528e-04,0.000e+00,6.520e-07
78,Pt,M5,0,200,100,0.990125,4.044e-04,0.000e+00,6.397e-07
78,Pt,M5,0,50,10,0.959144,5.280e-04,0.000e+00,5.698e-06
78,Pt,M5,0,50,30,0.923005,5.272e-04,0.000e+00,5.495e-06
78,Pt,M5,0,50,100,0.850512,5.335e-04,0.000e+00,5.493e-06
78,Pt,M5,50,150,10,1.089791,3.440e-04,0.000e+00,0.000e+00
78,Pt,M5,50,150,30,1.061722,3.634e-04,0.000e+00,0.000e+00
78,Pt,M5,50,150,100,1.018052,4.205e-04,0.000e+00,0.000e+00
79,Au,L1,0,100,10,0.930889,1.566e-05,0.000e+00,1.161e-04
79,Au,L1,0,100,30,0.922207,1.468e-05,0.000e+00,1.154e-04
79,Au,L1,0,100,100,0.880199,1.292e-05,0.000e+00,1.101e-04
79,Au,L1,0,200,10,0.931899,2.012e-05,0.000e+00,2.578e-05
79,Au,L1,0,200,30,0.923354,1.895e-05,0.000e+00,2.560e-05
79,Au,L1,0,200,100,0.882330,1.615e-05,0.000e+00,2.433e-05
79,Au,L1,0,50,10,0.928916,1.048e-05,0.000e+00,1.161e-04
79,Au,L1,0,50,30,0.919962,9.688e-06,0.000e+00,1.155e-04
79,Au,L1,0,50,100,0.875641,7.861e-06,0.000e+00,1.106e-04
79,Au,L1,50,150,10,0.932899,2.160e-05,0.000e+00,0.000e+00
79,Au,L1,50,150,30,0.924489,2.034e-05,0.000e+00,0.000e+00
79,Au,L1,50,150,100,0.884677,1.749e-05,0.000e+00,0.000e+00
79,Au,L2,0,100,10,1.034728,1.612e-05,0.000e+00,8.137e-05
79,Au,L2,0,100,30,1.026576,1.770e-05,0.000e+00,8.108e-05
79,Au,L2,0,100,100,0.990850,3.298e-05,0.000e+00,7.972e-05
79,Au,L2,0,200,10,1.046886,1.616e-05,0.000e+00,1.819e-05
79,Au,L2,0,200,30,1.038671,1.748e-05,0.000e+00,1.809e-05
79,Au,L2,0,200,100,1.002474,3.240e-05,0.000e+00,1.766e-05
79,Au,L2,0,50,10,1.011631,2.522e-05,0.000e+00,8.152e-05
79,Au,L2,0,50,30,1.003579,2.641e-05,0.000e+00,8.135e-05
79,Au,L2,0,50,100,0.968315,3.820e-05,0.000e+00,8.055e-05
79,Au,L2,50,150,10,1.059409,1.027e-05,0.000e+00,0.000e+00
79,Au,L2,50,150,30,1.051072,1.183e-05,0.000e+00,0.000e+00
79,Au,L2,50,150,100,1.014382,2.881e-05,0.000e+00,0.000e+00
79,Au,L3,0,100,10,1.053596,1.282e-05,0.000e+00,9.387e-05
79,Au,L3,0,100,30,1.043726,1.460e-05,0.000e+00,9.340e-05
79,Au,L3,0,100,100,1.003931,2.850e-05,0.000e+00,9.143e-05
79,Au,L3,0,200,10,1.062336,1.544e-05,0.000e+00,2.119e-05
79,Au,L3,0,200,30,1.052417,1.692e-05,0.000e+00,2.103e-05
79,Au,L3,0,200,100,1.012181,3.215e-05,0.000e+00,2.039e-05
79,Au,L3,0,50,10,1.036759,2.023e-05,0.000e+00,9.283e-05
79,Au,L3,0,50,30,1.026954,2.128e-05,0.000e+00,9.258e-05
79,Au,L3,0,50,100,0.987480,2.932e-05,0.000e+00,9.148e-05
79,Au,L3,50,150,10,1.071701,9.282e-06,0.000e+00,0.000e+00
79,Au,L3,50,150,30,1.061671,1.124e-05,0.000e+00,0.000e+00
79,Au,L3,50,150,100,1.021025,2.952e-05,0.000e+00,0.000e+00
79,Au,M1,0,100,10,0.827259,2.640e-06,0.000e+00,1.206e-04
79,Au,M1,0,100,30,0.790860,7.900e-06,0.000e+00,1.149e-04
79,Au,M1,0,100,100,0.743957,1.234e-04,0.000e+00,8.797e-05
79,Au,M1,0,200,10,0.830060,1.676e-05,0.000e+00,2.769e-05
79,Au,M1,0,200,30,0.794922,4.210e-06,0.000e+00,2.611e-05
79,Au,M1,0,200,100,0.758688,1.194e-04,0.000e+00,1.904e-05
79,Au,M1,0,50,10,0.824526,7.027e-06,0.000e+00,1.186e-04
79,Au,M1,0,50,30,0.785740,1.416e-05,0.000e+00,1.139e-04
79,Au,M1,0,50,100,0.714995,9.364e-05,0.000e+00,9.478e-05
79,Au,M1,50,150,10,0.831120,1.839e-05,0.000e+00,0.000e+00
79,Au,M1,50,150,30,0.797220,3.621e-06,0.000e+00,0.000e+00
79,Au,M1,50,150,100,0.772394,1.330e-04,0.000e+00,0.000e+00
79,Au,M2,0,100,10,1.041323,1.569e-05,0.000e+00,8.456e-05
79,Au,M2,0,100,30,0.994917,3.819e-05,0.000e+00,7.702e-05
79,Au,M2,0,100,100,0.895256,1.712e-04,0.000e+00,5.767e-05
79,Au,M2,0,200,10,1.051640,1.995e-05,0.000e+00,1.940e-05
79,Au,M2,0,200,30,1.006791,3.870e-05,0.000e+00,1.718e-05
79,Au,M2,0,200,100,0.914265,1.767e-04,0.000e+00,1.209e-05
79,Au,M2,0,50,10,1.019353,1.627e-05,0.000e+00,8.443e-05
79,Au,M2,0,50,30,0.968791,2.468e-05,0.000e+00,7.992e-05
79,Au,M2,0,50,100,0.848916,1.003e-04,0.000e+00,6.668e-05
79,Au,M2,50,150,10,1.064132,1.598e-05,0.000e+00,0.000e+00
79,Au,M2,50,150,30,1.020265,4.177e-05,0.000e+00,0.000e+00
79,Au,M2,50,150,100,0.933846,2.056e-04,0.000e+00,0.000e+00
79,Au,M3,0,100,10,1.034416,1.940e-05,0.000e+00,9.870e-05
79,Au,M3,0,100,30,0.993487,4.250e-05,0.000e+00,9.163e-05
79,Au,M3,0,100,100,0.907967,1.926e-04,0.000e+00,7.405e-05
79,Au,M3,0,200,10,1.041528,3.099e-05,0.000e+00,2.315e-05
79,Au,M3,0,200,30,1.001977,5.027e-05,0.000e+00,2.095e-05
79,Au,M3,0,200,100,0.921618,2.031e-04,0.000e+00,1.606e-05
79,Au,M3,0,50,10,1.019178,1.931e-05,0.000e+00,9.626e-05
79,Au,M3,0,50,30,0.974994,3.246e-05,0.000e+00,9.226e-05
79,Au,M3,0,50,100,0.875149,1.306e-04,0.000e+00,8.116e-05
79,Au,M3,50,150,10,1.050723,2.585e-05,0.000e+00,0.000e+00
79,Au,M3,50,150,30,1.012210,5.009e-05,0.000e+00,0.000e+00
79,Au,M3,50,150,100,0.937040,2.304e-04,0.000e+00,0.000e+00
79,Au,M4,0,100,10,1.038298,4.593e-04,0.000e+00,5.013e-06
79,Au,M4,0,100,30,1.009405,4.715e-04,0.000e+00,4.915e-06
79,Au,M4,0,100,100,0.953163,4.991e-04,0.000e+00,4.787e-06
79,Au,M4,0,200,10,1.057110,3.470e-04,0.000e+00,9.534e-07
79,Au,M4,0,200,30,1.030719,3.601e-04,0.000e+00,9.209e-07
79,Au,M4,0,200,100,0.982657,4.009e-04,0.000e+00,8.862e-07
79,Au,M4,0,50,10,0.942419,5.675e-04,0.000e+00,8.318e-06
79,Au,M4,0,50,30,0.908747,5.610e-04,0.000e+00,8.228e-06
79,Au,M4,0,50,100,0.834116,5.483e-04,0.000e+00,8.070e-06
79,Au,M4,50,150,10,1.080672,3.556e-04,0.000e+00,0.000e+00
79,Au,M4,50,150,30,1.054818,3.737e-04,0.000e+00,0.000e+00
79,Au,M4,50,150,100,1.011208,4.209e-04,0.000e+00,0.000e+00
79,Au,M5,0,100,10,1.033330,4.635e-04,0.000e+00,3.549e-06
79,Au,M5,0,100,30,1.004333,4.760e-04,0.000e+00,3.390e-06
79,Au,M5,0,100,100,0.948662,5.120e-04,0.000e+00,3.358e-06
79,Au,M5,0,200,10,1.053750,3.543e-04,0.000e+00,6.754e-07
79,Au,M5,0,200,30,1.027404,3.673e-04,0.000e+00,6.353e-07
79,Au,M5,0,200,100,0.979914,4.147e-04,0.000e+00,6.216e-07
79,Au,M5,0,50,10,0.933560,5.706e-04,0.000e+00,5.916e-06
79,Au,M5,0,50,30,0.899355,5.640e-04,0.000e+00,5.706e-06
79,Au,M5,0,50,100,0.825391,5.557e-04,0.000e+00,5.690e-06
79,Au,M5,50,150,10,1.078121,3.625e-04,0.000e+00,0.000e+00
79,Au,M5,50,150,30,1.052384,3.805e-04,0.000e+00,0.000e+00
79,Au,M5,50,150,100,1.009411,4.349e-04,0.000e+00,0.000e+00
80,Hg,L1,0,100,10,0.928556,1.590e-05,0.000e+00,1.181e-04
80,Hg,L1,0,100,30,0.920040,1.510e-05,0.000e+00,1.170e-04
80,Hg,L1,0,100,100,0.877505,1.410e-05,0.000e+00,1.086e-04
80,Hg,L1,0,200,10,0.929276,2.007e-05,0.000e+00,2.624e-05
80,Hg,L1,0,200,30,0.920979,1.904e-05,0.000e+00,2.596e-05
80,Hg,L1,0,200,100,0.880091,1.658e-05,0.000e+00,2.396e-05
80,Hg,L1,0,50,10,0.927341,1.105e-05,0.000e+00,1.180e-04
80,Hg,L1,0,50,30,0.918377,1.051e-05,0.000e+00,1.170e-04
80,Hg,L1,0,50,100,0.872159,1.002e-05,0.000e+00,1.094e-04
80,Hg,L1,50,150,10,0.929884,2.125e-05,0.000e+00,0.000e+00
80,Hg,L1,50,150,30,0.921813,2.011e-05,0.000e+00,0.000e+00
80,Hg,L1,50,150,100,0.882823,1.757e-05,0.000e+00,0.000e+00
80,Hg,L2,0,100,10,1.032522,2.344e-05,0.000e+00,6.725e-05
80,Hg,L2,0,100,30,1.024608,2.465e-05,0.000e+00,6.701e-05
80,Hg,L2,0,100,100,0.988866,3.889e-05,0.000e+00,6.579e-05
80,Hg,L2,0,200,10,1.046293,2.122e-05,0.000e+00,1.489e-05
80,Hg,L2,0,200,30,1.038343,2.234e-05,0.000e+00,1.481e-05
80,Hg,L2,0,200,100,1.002330,3.577e-05,0.000e+00,1.444e-05
80,Hg,L2,0,50,10,1.004851,3.207e-05,0.000e+00,6.854e-05
80,Hg,L2,0,50,30,0.997016,3.286e-05,0.000e+00,6.839e-05
80,Hg,L2,0,50,100,0.961507,4.448e-05,0.000e+00,6.762e-05
80,Hg,L2,50,150,10,1.060830,1.712e-05,0.000e+00,0.000e+00
80,Hg,L2,50,150,30,1.052766,1.846e-05,0.000e+00,0.000e+00
80,Hg,L2,50,150,100,1.016365,3.349e-05,0.000e+00,0.000e+00
80,Hg,L3,0,100,10,1.050637,2.013e-05,0.000e+00,7.616e-05
80,Hg,L3,0,100,30,1.040974,2.172e-05,0.000e+00,7.578e-05
80,Hg,L3,0,100,100,1.000994,3.664e-05,0.000e+00,7.405e-05
80,Hg,L3,0,200,10,1.061595,2.048e-05,0.000e+00,1.702e-05
80,Hg,L3,0,200,30,1.051911,2.170e-05,0.000e+00,1.689e-05
80,Hg,L3,0,200,100,1.011709,3.676e-05,0.000e+00,1.636e-05
80,Hg,L3,0,50,10,1.028174,2.744e-05,0.000e+00,7.671e-05
80,Hg,L3,0,50,30,1.018556,2.860e-05,0.000e+00,7.649e-05
80,Hg,L3,0,50,100,0.978645,3.922e-05,0.000e+00,7.544e-05
80,Hg,L3,50,150,10,1.073675,1.599e-05,0.000e+00,0.000e+00
80,Hg,L3,50,150,30,1.063878,1.750e-05,0.000e+00,0.000e+00
80,Hg,L3,50,150,100,1.023345,3.484e-05,0.000e+00,0.000e+00
80,Hg,M1,0,100,10,0.822036,2.061e-06,0.000e+00,1.230e-04
80,Hg,M1,0,100,30,0.785378,7.223e-06,0.000e+00,1.147e-04
80,Hg,M1,0,100,100,0.736849,1.286e-04,0.000e+00,8.309e-05
80,Hg,M1,0,200,10,0.824581,1.564e-05,0.000e+00,2.822e-05
80,Hg,M1,0,200,30,0.789647,3.592e-06,0.000e+00,2.602e-05
80,Hg,M1,0,200,100,0.753045,1.232e-04,0.000e+00,1.797e-05
80,Hg,M1,0,50,10,0.820029,6.928e-06,0.000e+00,1.208e-04
80,Hg,M1,0,50,30,0.779983,1.263e-05,0.000e+00,1.138e-04
80,Hg,M1,0,50,100,0.704990,1.098e-04,0.000e+00,8.988e-05
80,Hg,M1,50,150,10,0.825233,1.673e-05,0.000e+00,0.000e+00
80,Hg,M1,50,150,30,0.792078,2.680e-06,0.000e+00,0.000e+00
80,Hg,M1,50,150,100,0.768125,1.325e-04,0.000e+00,0.000e+00
80,Hg,M2,0,100,10,1.039931,2.059e-05,0.000e+00,7.138e-05
80,Hg,M2,0,100,30,0.992540,4.039e-05,0.000e+00,6.495e-05
80,Hg,M2,0,100,100,0.889530,1.678e-04,0.000e+00,4.801e-05
80,Hg,M2,0,200,10,1.052298,2.260e-05,0.000e+00,1.623e-05
80,Hg,M2,0,200,30,1.007062,3.777e-05,0.000e+00,1.439e-05
80,Hg,M2,0,200,100,0.912338,1.623e-04,0.000e+00,1.004e-05
80,Hg,M2,0,50,10,1.013046,2.316e-05,0.000e+00,7.242e-05
80,Hg,M2,0,50,30,0.960708,3.494e-05,0.000e+00,6.838e-05
80,Hg,M2,0,50,100,0.835534,1.264e-04,0.000e+00,5.616e-05
80,Hg,M2,50,150,10,1.067097,1.918e-05,0.000e+00,0.000e+00
80,Hg,M2,50,150,30,1.023083,3.835e-05,0.000e+00,0.000e+00
80,Hg,M2,50,150,100,0.934917,1.821e-04,0.000e+00,0.000e+00
80,Hg,M3,0,100,10,1.032881,2.468e-05,0.000e+00,8.195e-05
80,Hg,M3,0,100,30,0.991232,4.517e-05,0.000e+00,7.611e-05
80,Hg,M3,0,100,100,0.902856,1.923e-04,0.000e+00,6.108e-05
80,Hg,M3,0,200,10,1.042337,3.407e-05,0.000e+00,1.903e-05
80,Hg,M3,0,200,30,1.002485,5.029e-05,0.000e+00,1.726e-05
80,Hg,M3,0,200,100,0.920185,1.980e-04,0.000e+00,1.318e-05
80,Hg,M3,0,50,10,1.012145,2.609e-05,0.000e+00,8.127e-05
80,Hg,M3,0,50,30,0.966712,4.076e-05,0.000e+00,7.781e-05
80,Hg,M3,0,50,100,0.862529,1.472e-04,0.000e+00,6.783e-05
80,Hg,M3,50,150,10,1.054400,2.953e-05,0.000e+00,0.000e+00
80,Hg,M3,50,150,30,1.015670,4.874e-05,0.000e+00,0.000e+00
80,Hg,M3,50,150,100,0.938787,2.174e-04,0.000e+00,0.000e+00
80,Hg,M4,0,100,10,1.025804,4.238e-04,0.000e+00,5.066e-06
80,Hg,M4,0,100,30,0.997637,4.372e-04,0.000e+00,4.970e-06
80,Hg,M4,0,100,100,0.943577,4.672e-04,0.000e+00,4.822e-06
80,Hg,M4,0,200,10,1.054194,3.140e-04,0.000e+00,9.743e-07
80,Hg,M4,0,200,30,1.027782,3.265e-04,0.000e+00,9.419e-07
80,Hg,M4,0,200,100,0.979940,3.657e-04,0.000e+00,9.031e-07
80,Hg,M4,0,50,10,0.913414,6.000e-04,0.000e+00,8.223e-06
80,Hg,M4,0,50,30,0.882530,5.980e-04,0.000e+00,8.135e-06
80,Hg,M4,0,50,100,0.815368,5.919e-04,0.000e+00,7.948e-06
80,Hg,M4,50,150,10,1.082824,3.041e-04,0.000e+00,0.000e+00
80,Hg,M4,50,150,30,1.056458,3.216e-04,0.000e+00,0.000e+00
80,Hg,M4,50,150,100,1.012147,3.663e-04,0.000e+00,0.000e+00
80,Hg,M5,0,100,10,1.021156,4.301e-04,0.000e+00,3.579e-06
80,Hg,M5,0,100,30,0.992858,4.436e-04,0.000e+00,3.417e-06
80,Hg,M5,0,100,100,0.939197,4.747e-04,0.000e+00,3.360e-06
80,Hg,M5,0,200,10,1.051042,3.224e-04,0.000e+00,6.881e-07
80,Hg,M5,0,200,30,1.024653,3.358e-04,0.000e+00,6.471e-07
80,Hg,M5,0,200,100,0.977285,3.778e-04,0.000e+00,6.286e-07
80,Hg,M5,0,50,10,0.905137,6.023e-04,0.000e+00,5.850e-06
80,Hg,M5,0,50,30,0.873696,5.999e-04,0.000e+00,5.637e-06
80,Hg,M5,0,50,100,0.806844,5.920e-04,0.000e+00,5.580e-06
80,Hg,M5,50,150,10,1.080382,3.130e-04,0.000e+00,0.000e+00
80,Hg,M5,50,150,30,1.054111,3.314e-04,0.000e+00,0.000e+00
80,Hg,M5,50,150,100,1.010361,3.804e-04,0.000e+00,0.000e+00
81,Tl,L1,0,100,10,0.926758,1.571e-05,0.000e+00,1.191e-04
81,Tl,L1,0,100,30,0.918509,1.475e-05,0.000e+00,1.180e-04
81,Tl,L1,0,100,100,0.876611,1.416e-05,0.000e+00,1.087e-04
81,Tl,L1,0,200,10,0.927353,1.974e-05,0.000e+00,2.647e-05
81,Tl,L1,0,200,30,0.919317,1.858e-05,0.000e+00,2.618e-05
81,Tl,L1,0,200,100,0.879064,1.623e-05,0.000e+00,2.399e-05
81,Tl,L1,0,50,10,0.926038,1.196e-05,0.000e+00,1.188e-04
81,Tl,L1,0,50,30,0.917338,1.132e-05,0.000e+00,1.177e-04
81,Tl,L1,0,50,100,0.871675,1.221e-05,0.000e+00,1.094e-04
81,Tl,L1,50,150,10,0.927707,2.029e-05,0.000e+00,0.000e+00
81,Tl,L1,50,150,30,0.919899,1.897e-05,0.000e+00,0.000e+00
81,Tl,L1,50,150,100,0.881590,1.633e-05,0.000e+00,0.000e+00
81,Tl,L2,0,100,10,1.040404,2.805e-05,0.000e+00,6.713e-05
81,Tl,L2,0,100,30,1.032551,2.935e-05,0.000e+00,6.688e-05
81,Tl,L2,0,100,100,0.996251,4.276e-05,0.000e+00,6.565e-05
81,Tl,L2,0,200,10,1.051497,2.488e-05,0.000e+00,1.482e-05
81,Tl,L2,0,200,30,1.043660,2.605e-05,0.000e+00,1.474e-05
81,Tl,L2,0,200,100,1.007396,3.846e-05,0.000e+00,1.437e-05
81,Tl,L2,0,50,10,1.016874,3.507e-05,0.000e+00,6.873e-05
81,Tl,L2,0,50,30,1.009027,3.621e-05,0.000e+00,6.858e-05
81,Tl,L2,0,50,100,0.972538,4.853e-05,0.000e+00,6.774e-05
81,Tl,L2,50,150,10,1.063645,2.235e-05,0.000e+00,0.000e+00
81,Tl,L2,50,150,30,1.055749,2.368e-05,0.000e+00,0.000e+00
81,Tl,L2,50,150,100,1.019377,3.706e-05,0.000e+00,0.000e+00
81,Tl,L3,0,100,10,1.056972,2.620e-05,0.000e+00,7.183e-05
81,Tl,L3,0,100,30,1.047302,2.726e-05,0.000e+00,7.146e-05
81,Tl,L3,0,100,100,1.006526,4.188e-05,0.000e+00,6.974e-05
81,Tl,L3,0,200,10,1.066267,2.478e-05,0.000e+00,1.597e-05
81,Tl,L3,0,200,30,1.056639,2.562e-05,0.000e+00,1.585e-05
81,Tl,L3,0,200,100,1.015995,3.961e-05,0.000e+00,1.534e-05
81,Tl,L3,0,50,10,1.036586,3.317e-05,0.000e+00,7.294e-05
81,Tl,L3,0,50,30,1.026878,3.400e-05,0.000e+00,7.271e-05
81,Tl,L3,0,50,100,0.985687,4.665e-05,0.000e+00,7.158e-05
81,Tl,L3,50,150,10,1.077007,2.158e-05,0.000e+00,0.000e+00
81,Tl,L3,50,150,30,1.067326,2.262e-05,0.000e+00,0.000e+00
81,Tl,L3,50,150,100,1.026654,3.798e-05,0.000e+00,0.000e+00
81,Tl,M1,0,100,10,0.816905,1.318e-06,0.000e+00,1.241e-04
81,Tl,M1,0,100,30,0.780936,8.983e-06,0.000e+00,1.152e-04
81,Tl,M1,0,100,100,0.734177,1.168e-04,0.000e+00,8.136e-05
81,Tl,M1,0,200,10,0.819336,1.431e-05,0.000e+00,2.846e-05
81,Tl,M1,0,200,30,0.785039,1.950e-06,0.000e+00,2.612e-05
81,Tl,M1,0,200,100,0.749757,1.143e-04,0.000e+00,1.768e-05
81,Tl,M1,0,50,10,0.815374,6.275e-06,0.000e+00,1.217e-04
81,Tl,M1,0,50,30,0.776005,1.246e-05,0.000e+00,1.142e-04
81,Tl,M1,0,50,100,0.703230,1.122e-04,0.000e+00,8.739e-05
81,Tl,M1,50,150,10,0.819724,1.447e-05,0.000e+00,0.000e+00
81,Tl,M1,50,150,30,0.787223,2.043e-07,0.000e+00,0.000e+00
81,Tl,M1,50,150,100,0.764654,1.188e-04,0.000e+00,0.000e+00
81,Tl,M2,0,100,10,1.047650,2.169e-05,0.000e+00,7.076e-05
81,Tl,M2,0,100,30,0.998615,3.651e-05,0.000e+00,6.421e-05
81,Tl,M2,0,100,100,0.892024,1.625e-04,0.000e+00,4.662e-05
81,Tl,M2,0,200,10,1.058155,2.289e-05,0.000e+00,1.604e-05
81,Tl,M2,0,200,30,1.011994,3.325e-05,0.000e+00,1.423e-05
81,Tl,M2,0,200,100,0.914659,1.471e-04,0.000e+00,9.827e-06
81,Tl,M2,0,50,10,1.023800,2.753e-05,0.000e+00,7.204e-05
81,Tl,M2,0,50,30,0.968880,4.368e-05,0.000e+00,6.755e-05
81,Tl,M2,0,50,100,0.839151,1.605e-04,0.000e+00,5.383e-05
81,Tl,M2,50,150,10,1.071126,1.924e-05,0.000e+00,0.000e+00
81,Tl,M2,50,150,30,1.026941,3.031e-05,0.000e+00,0.000e+00
81,Tl,M2,50,150,100,0.937420,1.566e-04,0.000e+00,0.000e+00
81,Tl,M3,0,100,10,1.039556,2.756e-05,0.000e+00,7.751e-05
81,Tl,M3,0,100,30,0.996608,4.347e-05,0.000e+00,7.188e-05
81,Tl,M3,0,100,100,0.904984,1.803e-04,0.000e+00,5.699e-05
81,Tl,M3,0,200,10,1.047891,3.572e-05,0.000e+00,1.791e-05
81,Tl,M3,0,200,30,1.007263,4.738e-05,0.000e+00,1.627e-05
81,Tl,M3,0,200,100,0.922590,1.832e-04,0.000e+00,1.235e-05
81,Tl,M3,0,50,10,1.020172,3.088e-05,0.000e+00,7.741e-05
81,Tl,M3,0,50,30,0.972740,4.745e-05,0.000e+00,7.377e-05
81,Tl,M3,0,50,100,0.864220,1.673e-04,0.000e+00,6.297e-05
81,Tl,M3,50,150,10,1.058971,3.146e-05,0.000e+00,0.000e+00
81,Tl,M3,50,150,30,1.019984,4.368e-05,0.000e+00,0.000e+00
81,Tl,M3,50,150,100,0.941661,1.923e-04,0.000e+00,0.000e+00
81,Tl,M4,0,100,10,1.020024,3.371e-04,0.000e+00,4.681e-06
81,Tl,M4,0,100,30,0.992452,3.519e-04,0.000e+00,4.598e-06
81,Tl,M4,0,100,100,0.941266,3.991e-04,0.000e+00,4.457e-06
81,Tl,M4,0,200,10,1.054171,2.532e-04,0.000e+00,9.303e-07
81,Tl,M4,0,200,30,1.027578,2.669e-04,0.000e+00,9.010e-07
81,Tl,M4,0,200,100,0.980250,3.128e-04,0.000e+00,8.630e-07
81,Tl,M4,0,50,10,0.907328,5.520e-04,0.000e+00,6.966e-06
81,Tl,M4,0,50,30,0.878950,5.575e-04,0.000e+00,6.897e-06
81,Tl,M4,0,50,100,0.820470,5.832e-04,0.000e+00,6.729e-06
81,Tl,M4,50,150,10,1.087677,2.236e-04,0.000e+00,0.000e+00
81,Tl,M4,50,150,30,1.060575,2.412e-04,0.000e+00,0.000e+00
81,Tl,M4,50,150,100,1.015496,2.922e-04,0.000e+00,0.000e+00
81,Tl,M5,0,100,10,1.015826,3.442e-04,0.000e+00,3.466e-06
81,Tl,M5,0,100,30,0.988147,3.603e-04,0.000e+00,3.311e-06
81,Tl,M5,0,100,100,0.937259,3.967e-04,0.000e+00,3.233e-06
81,Tl,M5,0,200,10,1.051250,2.622e-04,0.000e+00,6.881e-07
81,Tl,M5,0,200,30,1.024678,2.760e-04,0.000e+00,6.477e-07
81,Tl,M5,0,200,100,0.977751,3.181e-04,0.000e+00,6.249e-07
81,Tl,M5,0,50,10,0.900310,5.530e-04,0.000e+00,5.196e-06
81,Tl,M5,0,50,30,0.871491,5.596e-04,0.000e+00,5.007e-06
81,Tl,M5,0,50,100,0.813127,5.702e-04,0.000e+00,4.921e-06
81,Tl,M5,50,150,10,1.085275,2.339e-04,0.000e+00,0.000e+00
81,Tl,M5,50,150,30,1.058258,2.521e-04,0.000e+00,0.000e+00
81,Tl,M5,50,150,100,1.013667,2.988e-04,0.000e+00,0.000e+00
82,Pb,L1,0,100,10,0.924310,1.554e-05,0.000e+00,1.189e-04
82,Pb,L1,0,100,30,0.916352,1.458e-05,0.000e+00,1.178e-04
82,Pb,L1,0,100,100,0.875158,1.383e-05,0.000e+00,1.083e-04
82,Pb,L1,0,200,10,0.924766,1.924e-05,0.000e+00,2.644e-05
82,Pb,L1,0,200,30,0.917022,1.827e-05,0.000e+00,2.615e-05
82,Pb,L1,0,200,100,0.877499,1.569e-05,0.000e+00,2.391e-05
82,Pb,L1,0,50,10,0.923992,1.325e-05,0.000e+00,1.184e-04
82,Pb,L1,0,50,30,0.915576,1.254e-05,0.000e+00,1.174e-04
82,Pb,L1,0,50,100,0.870510,1.375e-05,0.000e+00,1.089e-04
82,Pb,L1,50,150,10,0.924903,1.925e-05,0.000e+00,0.000e+00
82,Pb,L1,50,150,30,0.917393,1.812e-05,0.000e+00,0.000e+00
82,Pb,L1,50,150,100,0.879878,1.515e-05,0.000e+00,0.000e+00
82,Pb,L2,0,100,10,1.045545,2.978e-05,0.000e+00,6.767e-05
82,Pb,L2,0,100,30,1.037849,3.100e-05,0.000e+00,6.743e-05
82,Pb,L2,0,100,100,1.001386,4.375e-05,0.000e+00,6.615e-05
82,Pb,L2,0,200,10,1.054864,2.699e-05,0.000e+00,1.491e-05
82,Pb,L2,0,200,30,1.047219,2.803e-05,0.000e+00,1.483e-05
82,Pb,L2,0,200,100,1.011004,3.967e-05,0.000e+00,1.447e-05
82,Pb,L2,0,50,10,1.024664,3.401e-05,0.000e+00,6.941e-05
82,Pb,L2,0,50,30,1.016924,3.532e-05,0.000e+00,6.924e-05
82,Pb,L2,0,50,100,0.979994,4.851e-05,0.000e+00,6.832e-05
82,Pb,L2,50,150,10,1.065595,2.599e-05,0.000e+00,0.000e+00
82,Pb,L2,50,150,30,1.057928,2.710e-05,0.000e+00,0.000e+00
82,Pb,L2,50,150,100,1.021782,3.912e-05,0.000e+00,0.000e+00
82,Pb,L3,0,100,10,1.060891,2.842e-05,0.000e+00,6.984e-05
82,Pb,L3,0,100,30,1.051332,2.945e-05,0.000e+00,6.948e-05
82,Pb,L3,0,100,100,1.010182,4.452e-05,0.000e+00,6.773e-05
82,Pb,L3,0,200,10,1.069265,2.703e-05,0.000e+00,1.548e-05
82,Pb,L3,0,200,30,1.059793,2.782e-05,0.000e+00,1.537e-05
82,Pb,L3,0,200,100,1.019021,4.162e-05,0.000e+00,1.487e-05
82,Pb,L3,0,50,10,1.041424,3.330e-05,0.000e+00,7.125e-05
82,Pb,L3,0,50,30,1.031770,3.443e-05,0.000e+00,7.100e-05
82,Pb,L3,0,50,100,0.989880,4.976e-05,0.000e+00,6.976e-05
82,Pb,L3,50,150,10,1.079442,2.516e-05,0.000e+00,0.000e+00
82,Pb,L3,50,150,30,1.069955,2.606e-05,0.000e+00,0.000e+00
82,Pb,L3,50,150,100,1.029350,4.046e-05,0.000e+00,0.000e+00
82,Pb,M1,0,100,10,0.810860,7.018e-07,0.000e+00,1.239e-04
82,Pb,M1,0,100,30,0.775729,9.409e-06,0.000e+00,1.149e-04
82,Pb,M1,0,100,100,0.731423,9.885e-05,0.000e+00,7.967e-05
82,Pb,M1,0,200,10,0.813168,1.310e-05,0.000e+00,2.840e-05
82,Pb,M1,0,200,30,0.779663,1.432e-06,0.000e+00,2.604e-05
82,Pb,M1,0,200,100,0.746097,9.618e-05,0.000e+00,1.741e-05
82,Pb,M1,0,50,10,0.809724,5.322e-06,0.000e+00,1.214e-04
82,Pb,M1,0,50,30,0.771194,1.194e-05,0.000e+00,1.138e-04
82,Pb,M1,0,50,100,0.701819,1.100e-04,0.000e+00,8.476e-05
82,Pb,M1,50,150,10,0.813325,1.275e-05,0.000e+00,0.000e+00
82,Pb,M1,50,150,30,0.781630,4.690e-07,0.000e+00,0.000e+00
82,Pb,M1,50,150,100,0.760658,9.384e-05,0.000e+00,0.000e+00
82,Pb,M2,0,100,10,1.052704,1.964e-05,0.000e+00,7.079e-05
82,Pb,M2,0,100,30,1.002792,2.987e-05,0.000e+00,6.404e-05
82,Pb,M2,0,100,100,0.894110,1.602e-04,0.000e+00,4.562e-05
82,Pb,M2,0,200,10,1.062098,2.131e-05,0.000e+00,1.603e-05
82,Pb,M2,0,200,30,1.015519,2.689e-05,0.000e+00,1.422e-05
82,Pb,M2,0,200,100,0.916420,1.453e-04,0.000e+00,9.720e-06
82,Pb,M2,0,50,10,1.030540,2.688e-05,0.000e+00,7.211e-05
82,Pb,M2,0,50,30,0.974137,4.560e-05,0.000e+00,6.709e-05
82,Pb,M2,0,50,100,0.842579,1.884e-04,0.000e+00,5.170e-05
82,Pb,M2,50,150,10,1.074137,1.778e-05,0.000e+00,0.000e+00
82,Pb,M2,50,150,30,1.030066,2.188e-05,0.000e+00,0.000e+00
82,Pb,M2,50,150,100,0.939558,1.456e-04,0.000e+00,0.000e+00
82,Pb,M3,0,100,10,1.043895,2.729e-05,0.000e+00,7.534e-05
82,Pb,M3,0,100,30,1.000291,3.923e-05,0.000e+00,6.975e-05
82,Pb,M3,0,100,100,0.906635,1.581e-04,0.000e+00,5.461e-05
82,Pb,M3,0,200,10,1.051694,3.559e-05,0.000e+00,1.736e-05
82,Pb,M3,0,200,30,1.010727,4.344e-05,0.000e+00,1.578e-05
82,Pb,M3,0,200,100,0.924383,1.581e-04,0.000e+00,1.191e-05
82,Pb,M3,0,50,10,1.024901,3.035e-05,0.000e+00,7.552e-05
82,Pb,M3,0,50,30,0.976383,4.891e-05,0.000e+00,7.158e-05
82,Pb,M3,0,50,100,0.865650,1.737e-04,0.000e+00,5.970e-05
82,Pb,M3,50,150,10,1.062476,3.210e-05,0.000e+00,0.000e+00
82,Pb,M3,50,150,30,1.023494,3.827e-05,0.000e+00,0.000e+00
82,Pb,M3,50,150,100,0.944076,1.573e-04,0.000e+00,0.000e+00
82,Pb,M4,0,100,10,1.015819,2.630e-04,0.000e+00,4.310e-06
82,Pb,M4,0,100,30,0.988853,2.794e-04,0.000e+00,4.239e-06
82,Pb,M4,0,100,100,0.940251,3.371e-04,0.000e+00,4.106e-06
82,Pb,M4,0,200,10,1.053678,1.987e-04,0.000e+00,8.864e-07
82,Pb,M4,0,200,30,1.027089,2.133e-04,0.000e+00,8.599e-07
82,Pb,M4,0,200,100,0.980388,2.694e-04,0.000e+00,8.234e-07
82,Pb,M4,0,50,10,0.906543,4.933e-04,0.000e+00,5.880e-06
82,Pb,M4,0,50,30,0.880000,5.039e-04,0.000e+00,5.828e-06
82,Pb,M4,0,50,100,0.828256,5.458e-04,0.000e+00,5.681e-06
82,Pb,M4,50,150,10,1.091968,1.532e-04,0.000e+00,0.000e+00
82,Pb,M4,50,150,30,1.064362,1.711e-04,0.000e+00,0.000e+00
82,Pb,M4,50,150,100,1.018648,2.343e-04,0.000e+00,0.000e+00
82,Pb,M5,0,100,10,1.011980,2.703e-04,0.000e+00,3.292e-06
82,Pb,M5,0,100,30,0.984923,2.871e-04,0.000e+00,3.147e-06
82,Pb,M5,0,100,100,0.936529,3.378e-04,0.000e+00,3.056e-06
82,Pb,M5,0,200,10,1.050950,2.077e-04,0.000e+00,6.759e-07
82,Pb,M5,0,200,30,1.024379,2.225e-04,0.000e+00,6.371e-07
82,Pb,M5,0,200,100,0.978013,2.706e-04,0.000e+00,6.113e-07
82,Pb,M5,0,50,10,0.900391,4.948e-04,0.000e+00,4.529e-06
82,Pb,M5,0,50,30,0.873501,5.060e-04,0.000e+00,4.365e-06
82,Pb,M5,0,50,100,0.821736,5.422e-04,0.000e+00,4.265e-06
82,Pb,M5,50,150,10,1.089586,1.638e-04,0.000e+00,0.000e+00
82,Pb,M5,50,150,30,1.062052,1.820e-04,0.000e+00,0.000e+00
82,Pb,M5,50,150,100,1.016772,2.345e-04,0.000e+00,0.000e+00
83,Bi,L1,0,100,10,0.921228,1.456e-05,0.000e+00,1.173e-04
83,Bi,L1,0,100,30,0.913622,1.432e-05,0.000e+00,1.162e-04
83,Bi,L1,0,100,100,0.873630,1.301e-05,0.000e+00,1.073e-04
83,Bi,L1,0,200,10,0.921656,1.851e-05,0.000e+00,2.609e-05
83,Bi,L1,0,200,30,0.914237,1.786e-05,0.000e+00,2.581e-05
83,Bi,L1,0,200,100,0.875721,1.484e-05,0.000e+00,2.370e-05
83,Bi,L1,0,50,10,0.920954,1.345e-05,0.000e+00,1.167e-04
83,Bi,L1,0,50,30,0.912938,1.334e-05,0.000e+00,1.157e-04
83,Bi,L1,0,50,100,0.869434,1.426e-05,0.000e+00,1.077e-04
83,Bi,L1,50,150,10,0.921762,1.795e-05,0.000e+00,0.000e+00
83,Bi,L1,50,150,30,0.914554,1.738e-05,0.000e+00,0.000e+00
83,Bi,L1,50,150,100,0.877876,1.397e-05,0.000e+00,0.000e+00
83,Bi,L2,0,100,10,1.052034,2.929e-05,0.000e+00,7.142e-05
83,Bi,L2,0,100,30,1.044521,3.045e-05,0.000e+00,7.117e-05
83,Bi,L2,0,100,100,1.008048,4.163e-05,0.000e+00,6.981e-05
83,Bi,L2,0,200,10,1.058685,2.794e-05,0.000e+00,1.574e-05
83,Bi,L2,0,200,30,1.051254,2.874e-05,0.000e+00,1.567e-05
83,Bi,L2,0,200,100,1.015205,3.885e-05,0.000e+00,1.529e-05
83,Bi,L2,0,50,10,1.035736,3.111e-05,0.000e+00,7.302e-05
83,Bi,L2,0,50,30,1.028133,3.261e-05,0.000e+00,7.284e-05
83,Bi,L2,0,50,100,0.990970,4.543e-05,0.000e+00,7.180e-05
83,Bi,L2,50,150,10,1.067145,2.795e-05,0.000e+00,0.000e+00
83,Bi,L2,50,150,30,1.059726,2.875e-05,0.000e+00,0.000e+00
83,Bi,L2,50,150,100,1.023901,3.870e-05,0.000e+00,0.000e+00
83,Bi,L3,0,100,10,1.066171,2.829e-05,0.000e+00,7.136e-05
83,Bi,L3,0,100,30,1.056754,2.937e-05,0.000e+00,7.098e-05
83,Bi,L3,0,100,100,1.015398,4.301e-05,0.000e+00,6.913e-05
83,Bi,L3,0,200,10,1.072721,2.791e-05,0.000e+00,1.580e-05
83,Bi,L3,0,200,30,1.063429,2.863e-05,0.000e+00,1.569e-05
83,Bi,L3,0,200,100,1.022649,4.060e-05,0.000e+00,1.518e-05
83,Bi,L3,0,50,10,1.049601,3.118e-05,0.000e+00,7.276e-05
83,Bi,L3,0,50,30,1.040037,3.272e-05,0.000e+00,7.249e-05
83,Bi,L3,0,50,100,0.997696,4.854e-05,0.000e+00,7.107e-05
83,Bi,L3,50,150,10,1.081442,2.709e-05,0.000e+00,0.000e+00
83,Bi,L3,50,150,30,1.072174,2.775e-05,0.000e+00,0.000e+00
83,Bi,L3,50,150,100,1.031728,3.950e-05,0.000e+00,0.000e+00
83,Bi,M1,0,100,10,0.803906,3.635e-08,0.000e+00,1.221e-04
83,Bi,M1,0,100,30,0.770000,1.089e-05,0.000e+00,1.136e-04
83,Bi,M1,0,100,100,0.729905,8.373e-05,0.000e+00,7.825e-05
83,Bi,M1,0,200,10,0.806208,1.194e-05,0.000e+00,2.797e-05
83,Bi,M1,0,200,30,0.773706,4.375e-07,0.000e+00,2.575e-05
83,Bi,M1,0,200,100,0.742785,8.228e-05,0.000e+00,1.723e-05
83,Bi,M1,0,50,10,0.802822,5.017e-06,0.000e+00,1.196e-04
83,Bi,M1,0,50,30,0.765883,1.257e-05,0.000e+00,1.124e-04
83,Bi,M1,0,50,100,0.703442,1.032e-04,0.000e+00,8.211e-05
83,Bi,M1,50,150,10,0.806323,1.130e-05,0.000e+00,0.000e+00
83,Bi,M1,50,150,30,0.775444,2.572e-06,0.000e+00,0.000e+00
83,Bi,M1,50,150,100,0.756143,7.617e-05,0.000e+00,0.000e+00
83,Bi,M2,0,100,10,1.059122,1.594e-05,0.000e+00,7.373e-05
83,Bi,M2,0,100,30,1.008743,2.142e-05,0.000e+00,6.648e-05
83,Bi,M2,0,100,100,0.899143,1.478e-04,0.000e+00,4.642e-05
83,Bi,M2,0,200,10,1.066449,1.880e-05,0.000e+00,1.671e-05
83,Bi,M2,0,200,30,1.019647,2.003e-05,0.000e+00,1.483e-05
83,Bi,M2,0,200,100,0.919363,1.342e-04,0.000e+00,1.003e-05
83,Bi,M2,0,50,10,1.040649,2.327e-05,0.000e+00,7.475e-05
83,Bi,M2,0,50,30,0.983598,4.170e-05,0.000e+00,6.893e-05
83,Bi,M2,0,50,100,0.852810,1.941e-04,0.000e+00,5.116e-05
83,Bi,M2,50,150,10,1.076608,1.555e-05,0.000e+00,0.000e+00
83,Bi,M2,50,150,30,1.032685,1.316e-05,0.000e+00,0.000e+00
83,Bi,M2,50,150,100,0.941330,1.257e-04,0.000e+00,0.000e+00
83,Bi,M3,0,100,10,1.049453,2.518e-05,0.000e+00,7.649e-05
83,Bi,M3,0,100,30,1.005507,3.306e-05,0.000e+00,7.067e-05
83,Bi,M3,0,100,100,0.910825,1.383e-04,0.000e+00,5.458e-05
83,Bi,M3,0,200,10,1.055804,3.445e-05,0.000e+00,1.761e-05
83,Bi,M3,0,200,30,1.014640,3.862e-05,0.000e+00,1.602e-05
83,Bi,M3,0,200,100,0.927143,1.355e-04,0.000e+00,1.202e-05
83,Bi,M3,0,50,10,1.032797,2.727e-05,0.000e+00,7.657e-05
83,Bi,M3,0,50,30,0.983834,4.470e-05,0.000e+00,7.212e-05
83,Bi,M3,0,50,100,0.872997,1.712e-04,0.000e+00,5.857e-05
83,Bi,M3,50,150,10,1.065318,3.179e-05,0.000e+00,0.000e+00
83,Bi,M3,50,150,30,1.026367,3.321e-05,0.000e+00,0.000e+00
83,Bi,M3,50,150,100,0.946035,1.269e-04,0.000e+00,0.000e+00
83,Bi,M4,0,100,10,1.017501,2.012e-04,0.000e+00,3.925e-06
83,Bi,M4,0,100,30,0.990845,2.189e-04,0.000e+00,3.867e-06
83,Bi,M4,0,100,100,0.944327,2.867e-04,0.000e+00,3.748e-06
83,Bi,M4,0,200,10,1.055230,1.523e-04,0.000e+00,8.380e-07
83,Bi,M4,0,200,30,1.028536,1.672e-04,0.000e+00,8.146e-07
83,Bi,M4,0,200,100,0.982413,2.338e-04,0.000e+00,7.805e-07
83,Bi,M4,0,50,10,0.919947,4.186e-04,0.000e+00,4.886e-06
83,Bi,M4,0,50,30,0.894350,4.339e-04,0.000e+00,4.848e-06
83,Bi,M4,0,50,100,0.847388,4.896e-04,0.000e+00,4.726e-06
83,Bi,M4,50,150,10,1.095739,9.493e-05,0.000e+00,0.000e+00
83,Bi,M4,50,150,30,1.067659,1.124e-04,0.000e+00,0.000e+00
83,Bi,M4,50,150,100,1.021377,1.854e-04,0.000e+00,0.000e+00
83,Bi,M5,0,100,10,1.014021,2.088e-04,0.000e+00,3.069e-06
83,Bi,M5,0,100,30,0.987290,2.266e-04,0.000e+00,2.938e-06
83,Bi,M5,0,100,100,0.940924,2.877e-04,0.000e+00,2.841e-06
83,Bi,M5,0,200,10,1.052693,1.610e-04,0.000e+00,6.537e-07
83,Bi,M5,0,200,30,1.026015,1.765e-04,0.000e+00,6.173e-07
83,Bi,M5,0,200,100,0.980168,2.335e-04,0.000e+00,5.901e-07
83,Bi,M5,0,50,10,0.914548,4.230e-04,0.000e+00,3.854e-06
83,Bi,M5,0,50,30,0.888686,4.378e-04,0.000e+00,3.718e-06
83,Bi,M5,0,50,100,0.841621,4.882e-04,0.000e+00,3.617e-06
83,Bi,M5,50,150,10,1.093401,1.053e-04,0.000e+00,0.000e+00
83,Bi,M5,50,150,30,1.065387,1.236e-04,0.000e+00,0.000e+00
83,Bi,M5,50,150,100,1.019508,1.874e-04,0.000e+00,0.000e+00
84,Po,L1,0,100,10,0.917617,1.525e-05,0.000e+00,1.152e-04
84,Po,L1,0,100,30,0.910388,1.411e-05,0.000e+00,1.142e-04
84,Po,L1,0,100,100,0.871803,1.217e-05,0.000e+00,1.059e-04
84,Po,L1,0,200,10,0.918072,1.898e-05,0.000e+00,2.563e-05
84,Po,L1,0,200,30,0.910996,1.766e-05,0.000e+00,2.538e-05
84,Po,L1,0,200,100,0.873628,1.427e-05,0.000e+00,2.343e-05
84,Po,L1,0,50,10,0.917197,1.446e-05,0.000e+00,1.146e-04
84,Po,L1,0,50,30,0.909625,1.371e-05,0.000e+00,1.137e-04
84,Po,L1,0,50,100,0.868046,1.392e-05,0.000e+00,1.062e-04
84,Po,L1,50,150,10,0.918249,1.845e-05,0.000e+00,0.000e+00
84,Po,L1,50,150,30,0.911351,1.692e-05,0.000e+00,0.000e+00
84,Po,L1,50,150,100,0.875566,1.300e-05,0.000e+00,0.000e+00
84,Po,L2,0,100,10,1.058086,2.804e-05,0.000e+00,7.547e-05
84,Po,L2,0,100,30,1.050792,2.871e-05,0.000e+00,7.521e-05
84,Po,L2,0,100,100,1.014487,3.981e-05,0.000e+00,7.375e-05
84,Po,L2,0,200,10,1.062059,2.802e-05,0.000e+00,1.667e-05
84,Po,L2,0,200,30,1.054873,2.857e-05,0.000e+00,1.659e-05
84,Po,L2,0,200,100,1.019131,3.832e-05,0.000e+00,1.620e-05
84,Po,L2,0,50,10,1.046553,2.755e-05,0.000e+00,7.675e-05
84,Po,L2,0,50,30,1.039131,2.872e-05,0.000e+00,7.654e-05
84,Po,L2,0,50,100,1.001960,4.190e-05,0.000e+00,7.535e-05
84,Po,L2,50,150,10,1.068213,2.883e-05,0.000e+00,0.000e+00
84,Po,L2,50,150,30,1.061066,2.915e-05,0.000e+00,0.000e+00
84,Po,L2,50,150,100,1.025674,3.845e-05,0.000e+00,0.000e+00
84,Po,L3,0,100,10,1.071094,2.726e-05,0.000e+00,7.334e-05
84,Po,L3,0,100,30,1.061865,2.801e-05,0.000e+00,7.295e-05
84,Po,L3,0,100,100,1.020483,4.176e-05,0.000e+00,7.096e-05
84,Po,L3,0,200,10,1.075782,2.809e-05,0.000e+00,1.625e-05
84,Po,L3,0,200,30,1.066709,2.849e-05,0.000e+00,1.614e-05
84,Po,L3,0,200,100,1.026065,4.060e-05,0.000e+00,1.561e-05
84,Po,L3,0,50,10,1.057744,2.821e-05,0.000e+00,7.454e-05
84,Po,L3,0,50,30,1.048323,2.956e-05,0.000e+00,7.423e-05
84,Po,L3,0,50,100,1.005760,4.616e-05,0.000e+00,7.261e-05
84,Po,L3,50,150,10,1.082928,2.786e-05,0.000e+00,0.000e+00
84,Po,L3,50,150,30,1.073913,2.812e-05,0.000e+00,0.000e+00
84,Po,L3,50,150,100,1.033743,3.966e-05,0.000e+00,0.000e+00
84,Po,M1,0,100,10,0.796181,1.033e-06,0.000e+00,1.199e-04
84,Po,M1,0,100,30,0.763706,1.297e-05,0.000e+00,1.120e-04
84,Po,M1,0,100,100,0.728555,6.141e-05,0.000e+00,7.677e-05
84,Po,M1,0,200,10,0.798524,1.080e-05,0.000e+00,2.744e-05
84,Po,M1,0,200,30,0.767180,1.509e-06,0.000e+00,2.538e-05
84,Po,M1,0,200,100,0.739342,6.331e-05,0.000e+00,1.705e-05
84,Po,M1,0,50,10,0.794984,5.411e-06,0.000e+00,1.174e-04
84,Po,M1,0,50,30,0.759975,1.541e-05,0.000e+00,1.106e-04
84,Po,M1,0,50,100,0.705979,8.285e-05,0.000e+00,7.927e-05
84,Po,M1,50,150,10,0.798690,1.003e-05,0.000e+00,0.000e+00
84,Po,M1,50,150,30,0.768708,3.279e-06,0.000e+00,0.000e+00
84,Po,M1,50,150,100,0.751073,5.368e-05,0.000e+00,0.000e+00
84,Po,M2,0,100,10,1.065063,1.117e-05,0.000e+00,7.693e-05
84,Po,M2,0,100,30,1.014497,1.282e-05,0.000e+00,6.912e-05
84,Po,M2,0,100,100,0.904532,1.268e-04,0.000e+00,4.727e-05
84,Po,M2,0,200,10,1.070268,1.573e-05,0.000e+00,1.748e-05
84,Po,M2,0,200,30,1.023441,1.395e-05,0.000e+00,1.551e-05
84,Po,M2,0,200,100,0.922306,1.149e-04,0.000e+00,1.038e-05
84,Po,M2,0,50,10,1.050505,1.608e-05,0.000e+00,7.743e-05
84,Po,M2,0,50,30,0.993243,3.049e-05,0.000e+00,7.072e-05
84,Po,M2,0,50,100,0.864299,1.772e-04,0.000e+00,5.046e-05
84,Po,M2,50,150,10,1.078471,1.285e-05,0.000e+00,0.000e+00
84,Po,M2,50,150,30,1.034797,6.550e-06,0.000e+00,0.000e+00
84,Po,M2,50,150,100,0.942629,9.752e-05,0.000e+00,0.000e+00
84,Po,M3,0,100,10,1.054641,2.199e-05,0.000e+00,7.809e-05
84,Po,M3,0,100,30,1.010588,2.620e-05,0.000e+00,7.200e-05
84,Po,M3,0,100,100,0.915341,1.202e-04,0.000e+00,5.485e-05
84,Po,M3,0,200,10,1.059445,3.267e-05,0.000e+00,1.799e-05
84,Po,M3,0,200,30,1.018253,3.362e-05,0.000e+00,1.637e-05
84,Po,M3,0,200,100,0.929896,1.173e-04,0.000e+00,1.221e-05
84,Po,M3,0,50,10,1.040702,2.169e-05,0.000e+00,7.789e-05
84,Po,M3,0,50,30,0.991648,3.563e-05,0.000e+00,7.287e-05
84,Po,M3,0,50,100,0.881595,1.587e-04,0.000e+00,5.755e-05
84,Po,M3,50,150,10,1.067526,3.076e-05,0.000e+00,0.000e+00
84,Po,M3,50,150,30,1.028706,2.815e-05,0.000e+00,0.000e+00
84,Po,M3,50,150,100,0.947546,1.019e-04,0.000e+00,0.000e+00
84,Po,M4,0,100,10,1.019712,1.522e-04,0.000e+00,3.587e-06
84,Po,M4,0,100,30,0.993364,1.688e-04,0.000e+00,3.540e-06
84,Po,M4,0,100,100,0.948772,2.409e-04,0.000e+00,3.433e-06
84,Po,M4,0,200,10,1.056495,1.165e-04,0.000e+00,7.947e-07
84,Po,M4,0,200,30,1.029799,1.310e-04,0.000e+00,7.741e-07
84,Po,M4,0,200,100,0.984339,2.011e-04,0.000e+00,7.425e-07
84,Po,M4,0,50,10,0.934113,3.298e-04,0.000e+00,4.093e-06
84,Po,M4,0,50,30,0.909204,3.457e-04,0.000e+00,4.066e-06
84,Po,M4,0,50,100,0.866172,4.111e-04,0.000e+00,3.967e-06
84,Po,M4,50,150,10,1.098618,4.993e-05,0.000e+00,0.000e+00
84,Po,M4,50,150,30,1.070204,6.638e-05,0.000e+00,0.000e+00
84,Po,M4,50,150,100,1.023429,1.408e-04,0.000e+00,0.000e+00
84,Po,M5,0,100,10,1.016537,1.592e-04,0.000e+00,2.850e-06
84,Po,M5,0,100,30,0.990135,1.775e-04,0.000e+00,2.733e-06
84,Po,M5,0,100,100,0.945627,2.465e-04,0.000e+00,2.635e-06
84,Po,M5,0,200,10,1.054120,1.245e-04,0.000e+00,6.298e-07
84,Po,M5,0,200,30,1.027434,1.396e-04,0.000e+00,5.960e-07
84,Po,M5,0,200,100,0.982185,2.060e-04,0.000e+00,5.681e-07
84,Po,M5,0,50,10,0.929294,3.378e-04,0.000e+00,3.282e-06
84,Po,M5,0,50,30,0.904205,3.557e-04,0.000e+00,3.170e-06
84,Po,M5,0,50,100,0.861020,4.169e-04,0.000e+00,3.074e-06
84,Po,M5,50,150,10,1.096323,5.959e-05,0.000e+00,0.000e+00
84,Po,M5,50,150,30,1.067960,7.670e-05,0.000e+00,0.000e+00
84,Po,M5,50,150,100,1.021538,1.492e-04,0.000e+00,0.000e+00
85,At,L1,0,100,10,0.913904,1.541e-05,0.000e+00,1.136e-04
85,At,L1,0,100,30,0.907016,1.399e-05,0.000e+00,1.126e-04
85,At,L1,0,100,100,0.869595,1.148e-05,0.000e+00,1.045e-04
85,At,L1,0,200,10,0.914306,1.842e-05,0.000e+00,2.526e-05
85,At,L1,0,200,30,0.907556,1.754e-05,0.000e+00,2.503e-05
85,At,L1,0,200,100,0.871232,1.382e-05,0.000e+00,2.314e-05
85,At,L1,0,50,10,0.913446,1.525e-05,0.000e+00,1.129e-04
85,At,L1,0,50,30,0.906246,1.379e-05,0.000e+00,1.120e-04
85,At,L1,0,50,100,0.866096,1.252e-05,0.000e+00,1.046e-04
85,At,L1,50,150,10,0.914508,1.763e-05,0.000e+00,0.000e+00
85,At,L1,50,150,30,0.907920,1.660e-05,0.000e+00,0.000e+00
85,At,L1,50,150,100,0.873051,1.251e-05,0.000e+00,0.000e+00
85,At,L2,0,100,10,1.061435,2.518e-05,0.000e+00,7.677e-05
85,At,L2,0,100,30,1.054388,2.619e-05,0.000e+00,7.650e-05
85,At,L2,0,100,100,1.018412,3.626e-05,0.000e+00,7.498e-05
85,At,L2,0,200,10,1.063963,2.671e-05,0.000e+00,1.698e-05
85,At,L2,0,200,30,1.057038,2.763e-05,0.000e+00,1.691e-05
85,At,L2,0,200,100,1.021715,3.627e-05,0.000e+00,1.651e-05
85,At,L2,0,50,10,1.052467,2.259e-05,0.000e+00,7.767e-05
85,At,L2,0,50,30,1.045268,2.370e-05,0.000e+00,7.745e-05
85,At,L2,0,50,100,1.008312,3.559e-05,0.000e+00,7.613e-05
85,At,L2,50,150,10,1.068900,2.742e-05,0.000e+00,0.000e+00
85,At,L2,50,150,30,1.062033,2.835e-05,0.000e+00,0.000e+00
85,At,L2,50,150,100,1.027137,3.633e-05,0.000e+00,0.000e+00
85,At,L3,0,100,10,1.073450,2.527e-05,0.000e+00,7.302e-05
85,At,L3,0,100,30,1.064439,2.582e-05,0.000e+00,7.262e-05
85,At,L3,0,100,100,1.023175,3.828e-05,0.000e+00,7.055e-05
85,At,L3,0,200,10,1.077425,2.749e-05,0.000e+00,1.619e-05
85,At,L3,0,200,30,1.068593,2.773e-05,0.000e+00,1.608e-05
85,At,L3,0,200,100,1.028183,3.835e-05,0.000e+00,1.555e-05
85,At,L3,0,50,10,1.061258,2.372e-05,0.000e+00,7.399e-05
85,At,L3,0,50,30,1.052021,2.473e-05,0.000e+00,7.366e-05
85,At,L3,0,50,100,1.009434,3.991e-05,0.000e+00,7.185e-05
85,At,L3,50,150,10,1.084055,2.752e-05,0.000e+00,0.000e+00
85,At,L3,50,150,30,1.075305,2.758e-05,0.000e+00,0.000e+00
85,At,L3,50,150,100,1.035469,3.719e-05,0.000e+00,0.000e+00
85,At,M1,0,100,10,0.788345,1.688e-06,0.000e+00,1.182e-04
85,At,M1,0,100,30,0.757105,1.358e-05,0.000e+00,1.105e-04
85,At,M1,0,100,100,0.726366,4.772e-05,0.000e+00,7.481e-05
85,At,M1,0,200,10,0.790629,9.953e-06,0.000e+00,2.702e-05
85,At,M1,0,200,30,0.760348,2.355e-06,0.000e+00,2.503e-05
85,At,M1,0,200,100,0.735377,4.934e-05,0.000e+00,1.675e-05
85,At,M1,0,50,10,0.787185,5.718e-06,0.000e+00,1.157e-04
85,At,M1,0,50,30,0.753732,1.703e-05,0.000e+00,1.090e-04
85,At,M1,0,50,100,0.707082,6.240e-05,0.000e+00,7.601e-05
85,At,M1,50,150,10,0.790769,9.147e-06,0.000e+00,0.000e+00
85,At,M1,50,150,30,0.761686,3.699e-06,0.000e+00,0.000e+00
85,At,M1,50,150,100,0.745721,3.887e-05,0.000e+00,0.000e+00
85,At,M2,0,100,10,1.068492,5.265e-06,0.000e+00,7.760e-05
85,At,M2,0,100,30,1.017826,3.953e-06,0.000e+00,6.949e-05
85,At,M2,0,100,100,0.907650,1.086e-04,0.000e+00,4.655e-05
85,At,M2,0,200,10,1.072741,1.230e-05,0.000e+00,1.767e-05
85,At,M2,0,200,30,1.025954,7.963e-06,0.000e+00,1.568e-05
85,At,M2,0,200,100,0.924086,1.001e-04,0.000e+00,1.038e-05
85,At,M2,0,50,10,1.055681,4.342e-06,0.000e+00,7.755e-05
85,At,M2,0,50,30,0.998235,1.175e-05,0.000e+00,7.017e-05
85,At,M2,0,50,100,0.871125,1.464e-04,0.000e+00,4.815e-05
85,At,M2,50,150,10,1.080127,9.872e-06,0.000e+00,0.000e+00
85,At,M2,50,150,30,1.036754,3.633e-07,0.000e+00,0.000e+00
85,At,M2,50,150,100,0.943842,7.625e-05,0.000e+00,0.000e+00
85,At,M3,0,100,10,1.057666,1.787e-05,0.000e+00,7.757e-05
85,At,M3,0,100,30,1.013554,1.897e-05,0.000e+00,7.138e-05
85,At,M3,0,100,100,0.917850,1.221e-04,0.000e+00,5.364e-05
85,At,M3,0,200,10,1.061937,3.039e-05,0.000e+00,1.787e-05
85,At,M3,0,200,30,1.020752,2.921e-05,0.000e+00,1.628e-05
85,At,M3,0,200,100,0.931621,1.131e-04,0.000e+00,1.207e-05
85,At,M3,0,50,10,1.044591,1.331e-05,0.000e+00,7.708e-05
85,At,M3,0,50,30,0.995454,2.108e-05,0.000e+00,7.166e-05
85,At,M3,0,50,100,0.886168,1.510e-04,0.000e+00,5.504e-05
85,At,M3,50,150,10,1.069617,2.918e-05,0.000e+00,0.000e+00
85,At,M3,50,150,30,1.030952,2.421e-05,0.000e+00,0.000e+00
85,At,M3,50,150,100,0.949045,9.563e-05,0.000e+00,0.000e+00
85,At,M4,0,100,10,1.018499,1.158e-04,0.000e+00,3.312e-06
85,At,M4,0,100,30,0.992512,1.323e-04,0.000e+00,3.272e-06
85,At,M4,0,100,100,0.949813,2.019e-04,0.000e+00,3.177e-06
85,At,M4,0,200,10,1.055833,9.413e-05,0.000e+00,7.592e-07
85,At,M4,0,200,30,1.029208,1.084e-04,0.000e+00,7.409e-07
85,At,M4,0,200,100,0.984493,1.778e-04,0.000e+00,7.115e-07
85,At,M4,0,50,10,0.939589,2.370e-04,0.000e+00,3.503e-06
85,At,M4,0,50,30,0.915375,2.535e-04,0.000e+00,3.483e-06
85,At,M4,0,50,100,0.875926,3.189e-04,0.000e+00,3.400e-06
85,At,M4,50,150,10,1.101738,1.879e-05,0.000e+00,0.000e+00
85,At,M4,50,150,30,1.072964,3.518e-05,0.000e+00,0.000e+00
85,At,M4,50,150,100,1.025587,1.087e-04,0.000e+00,0.000e+00
85,At,M5,0,100,10,1.015545,1.218e-04,0.000e+00,2.664e-06
85,At,M5,0,100,30,0.989506,1.390e-04,0.000e+00,2.559e-06
85,At,M5,0,100,100,0.946840,2.124e-04,0.000e+00,2.459e-06
85,At,M5,0,200,10,1.053604,1.004e-04,0.000e+00,6.090e-07
85,At,M5,0,200,30,1.026974,1.152e-04,0.000e+00,5.775e-07
85,At,M5,0,200,100,0.982419,1.856e-04,0.000e+00,5.487e-07
85,At,M5,0,50,10,0.935076,2.479e-04,0.000e+00,2.846e-06
85,At,M5,0,50,30,0.910738,2.652e-04,0.000e+00,2.751e-06
85,At,M5,0,50,100,0.871116,3.360e-04,0.000e+00,2.658e-06
85,At,M5,50,150,10,1.099522,2.671e-05,0.000e+00,0.000e+00
85,At,M5,50,150,30,1.070770,4.340e-05,0.000e+00,0.000e+00
85,At,M5,50,150,100,1.023716,1.173e-04,0.000e+00,0.000e+00
86,Rn,L1,0,100,10,0.910183,1.335e-05,0.000e+00,1.118e-04
86,Rn,L1,0,100,30,0.903633,1.361e-05,0.000e+00,1.109e-04
86,Rn,L1,0,100,100,0.867446,9.937e-06,0.000e+00,1.030e-04
86,Rn,L1,0,200,10,0.910540,1.764e-05,0.000e+00,2.488e-05
86,Rn,L1,0,200,30,0.904108,1.733e-05,0.000e+00,2.465e-05
86,Rn,L1,0,200,100,0.868863,1.302e-05,0.000e+00,2.282e-05
86,Rn,L1,0,50,10,0.909655,1.315e-05,0.000e+00,1.111e-04
86,Rn,L1,0,50,30,0.902833,1.329e-05,0.000e+00,1.102e-04
86,Rn,L1,0,50,100,0.864251,9.644e-06,0.000e+00,1.028e-04
86,Rn,L1,50,150,10,0.910789,1.636e-05,0.000e+00,0.000e+00
86,Rn,L1,50,150,30,0.904499,1.627e-05,0.000e+00,0.000e+00
86,Rn,L1,50,150,100,0.870544,1.155e-05,0.000e+00,0.000e+00
86,Rn,L2,0,100,10,1.064644,2.167e-05,0.000e+00,7.774e-05
86,Rn,L2,0,100,30,1.057846,2.276e-05,0.000e+00,7.747e-05
86,Rn,L2,0,100,100,1.022278,3.152e-05,0.000e+00,7.589e-05
86,Rn,L2,0,200,10,1.065728,2.557e-05,0.000e+00,1.724e-05
86,Rn,L2,0,200,30,1.059064,2.608e-05,0.000e+00,1.717e-05
86,Rn,L2,0,200,100,1.024216,3.406e-05,0.000e+00,1.677e-05
86,Rn,L2,0,50,10,1.058285,1.617e-05,0.000e+00,7.815e-05
86,Rn,L2,0,50,30,1.051315,1.747e-05,0.000e+00,7.792e-05
86,Rn,L2,0,50,100,1.014678,2.715e-05,0.000e+00,7.646e-05
86,Rn,L2,50,150,10,1.069425,2.631e-05,0.000e+00,0.000e+00
86,Rn,L2,50,150,30,1.062833,2.681e-05,0.000e+00,0.000e+00
86,Rn,L2,50,150,100,1.028475,3.390e-05,0.000e+00,0.000e+00
86,Rn,L3,0,100,10,1.075551,2.231e-05,0.000e+00,7.247e-05
86,Rn,L3,0,100,30,1.066769,2.277e-05,0.000e+00,7.206e-05
86,Rn,L3,0,100,100,1.025710,3.432e-05,0.000e+00,6.991e-05
86,Rn,L3,0,200,10,1.078867,2.610e-05,0.000e+00,1.610e-05
86,Rn,L3,0,200,30,1.070282,2.636e-05,0.000e+00,1.599e-05
86,Rn,L3,0,200,100,1.030166,3.635e-05,0.000e+00,1.545e-05
86,Rn,L3,0,50,10,1.064512,1.769e-05,0.000e+00,7.311e-05
86,Rn,L3,0,50,30,1.055476,1.836e-05,0.000e+00,7.275e-05
86,Rn,L3,0,50,100,1.012990,3.144e-05,0.000e+00,7.075e-05
86,Rn,L3,50,150,10,1.084991,2.628e-05,0.000e+00,0.000e+00
86,Rn,L3,50,150,30,1.076510,2.635e-05,0.000e+00,0.000e+00
86,Rn,L3,50,150,100,1.037052,3.514e-05,0.000e+00,0.000e+00
86,Rn,M1,0,100,10,0.780318,2.257e-06,0.000e+00,1.164e-04
86,Rn,M1,0,100,30,0.750386,1.626e-05,0.000e+00,1.088e-04
86,Rn,M1,0,100,100,0.724493,4.500e-05,0.000e+00,7.276e-05
86,Rn,M1,0,200,10,0.782539,9.137e-06,0.000e+00,2.657e-05
86,Rn,M1,0,200,30,0.753368,4.121e-06,0.000e+00,2.466e-05
86,Rn,M1,0,200,100,0.731524,4.718e-05,0.000e+00,1.642e-05
86,Rn,M1,0,50,10,0.779180,6.031e-06,0.000e+00,1.140e-04
86,Rn,M1,0,50,30,0.747420,2.102e-05,0.000e+00,1.073e-04
86,Rn,M1,0,50,100,0.709001,5.040e-05,0.000e+00,7.263e-05
86,Rn,M1,50,150,10,0.782666,8.115e-06,0.000e+00,0.000e+00
86,Rn,M1,50,150,30,0.754493,5.382e-06,0.000e+00,0.000e+00
86,Rn,M1,50,150,100,0.740129,3.629e-05,0.000e+00,0.000e+00
86,Rn,M2,0,100,10,1.071722,2.383e-06,0.000e+00,7.796e-05
86,Rn,M2,0,100,30,1.021096,7.708e-06,0.000e+00,6.957e-05
86,Rn,M2,0,100,100,0.911028,8.044e-05,0.000e+00,4.564e-05
86,Rn,M2,0,200,10,1.075000,8.483e-06,0.000e+00,1.781e-05
86,Rn,M2,0,200,30,1.028340,2.729e-06,0.000e+00,1.581e-05
86,Rn,M2,0,200,100,0.925942,8.210e-05,0.000e+00,1.034e-05
86,Rn,M2,0,50,10,1.060715,1.082e-05,0.000e+00,7.722e-05
86,Rn,M2,0,50,30,1.003341,1.284e-05,0.000e+00,6.921e-05
86,Rn,M2,0,50,100,0.878629,1.017e-04,0.000e+00,4.564e-05
86,Rn,M2,50,150,10,1.081543,7.096e-06,0.000e+00,0.000e+00
86,Rn,M2,50,150,30,1.038495,3.841e-06,0.000e+00,0.000e+00
86,Rn,M2,50,150,100,0.944819,5.390e-05,0.000e+00,0.000e+00
86,Rn,M3,0,100,10,1.060434,1.282e-05,0.000e+00,7.683e-05
86,Rn,M3,0,100,30,1.016387,1.075e-05,0.000e+00,7.058e-05
86,Rn,M3,0,100,100,0.920530,1.198e-04,0.000e+00,5.232e-05
86,Rn,M3,0,200,10,1.064180,2.770e-05,0.000e+00,1.772e-05
86,Rn,M3,0,200,30,1.023079,2.489e-05,0.000e+00,1.616e-05
86,Rn,M3,0,200,100,0.933372,1.183e-04,0.000e+00,1.191e-05
86,Rn,M3,0,50,10,1.048283,3.063e-06,0.000e+00,7.598e-05
86,Rn,M3,0,50,30,0.999286,3.160e-06,0.000e+00,7.017e-05
86,Rn,M3,0,50,100,0.891353,1.340e-04,0.000e+00,5.238e-05
86,Rn,M3,50,150,10,1.071437,2.732e-05,0.000e+00,0.000e+00
86,Rn,M3,50,150,30,1.032951,2.097e-05,0.000e+00,0.000e+00
86,Rn,M3,50,150,100,0.950324,9.931e-05,0.000e+00,0.000e+00
86,Rn,M4,0,100,10,1.017812,8.430e-05,0.000e+00,3.074e-06
86,Rn,M4,0,100,30,0.992140,1.011e-04,0.000e+00,3.042e-06
86,Rn,M4,0,100,100,0.951130,1.660e-04,0.000e+00,2.957e-06
86,Rn,M4,0,200,10,1.055139,8.418e-05,0.000e+00,7.286e-07
86,Rn,M4,0,200,30,1.028606,9.794e-05,0.000e+00,7.124e-07
86,Rn,M4,0,200,100,0.984647,1.611e-04,0.000e+00,6.851e-07
86,Rn,M4,0,50,10,0.945911,1.621e-04,0.000e+00,3.030e-06
86,Rn,M4,0,50,30,0.922198,1.794e-04,0.000e+00,3.016e-06
86,Rn,M4,0,50,100,0.885632,2.386e-04,0.000e+00,2.947e-06
86,Rn,M4,50,150,10,1.104477,6.546e-07,0.000e+00,0.000e+00
86,Rn,M4,50,150,30,1.075380,1.607e-05,0.000e+00,0.000e+00
86,Rn,M4,50,150,100,1.027380,8.554e-05,0.000e+00,0.000e+00
86,Rn,M5,0,100,10,1.015067,9.149e-05,0.000e+00,2.500e-06
86,Rn,M5,0,100,30,0.989348,1.087e-04,0.000e+00,2.405e-06
86,Rn,M5,0,100,100,0.948350,1.791e-04,0.000e+00,2.304e-06
86,Rn,M5,0,200,10,1.053051,8.896e-05,0.000e+00,5.907e-07
86,Rn,M5,0,200,30,1.026500,1.032e-04,0.000e+00,5.612e-07
86,Rn,M5,0,200,100,0.982651,1.721e-04,0.000e+00,5.318e-07
86,Rn,M5,0,50,10,0.941652,1.726e-04,0.000e+00,2.489e-06
86,Rn,M5,0,50,30,0.917861,1.900e-04,0.000e+00,2.409e-06
86,Rn,M5,0,50,100,0.881149,2.581e-04,0.000e+00,2.321e-06
86,Rn,M5,50,150,10,1.102372,6.418e-06,0.000e+00,0.000e+00
86,Rn,M5,50,150,30,1.073270,2.283e-05,0.000e+00,0.000e+00
86,Rn,M5,50,150,100,1.025559,9.594e-05,0.000e+00,0.000e+00
