channel_id,z,element,shell,e0_keV,s_cert_A_inv,F_s0.0,F_s0.5,F_s1.0,F_s1.5,F_s2.0,F_s2.5,F_s3.0,F_s3.5,F_s4.0,F_s4.5,F_s5.0,F_s5.5,F_s6.0,F_s6.5,F_s7.0,F_s7.5,F_s8.0,dataset_version
K_Z6,6,C,K,200.0,16.00,1.000000,0.228706,0.064658,0.018923,0.006848,0.003185,0.001744,0.001036,0.000642,0.000408,0.000266,0.000177,0.000120,0.000083,0.000058,0.000042,0.000030,7.0.0
K_Z7,7,N,K,200.0,16.00,1.000000,0.282908,0.096734,0.032718,0.012292,0.005559,0.002988,0.001796,0.001146,0.000756,0.000510,0.000350,0.000244,0.000173,0.000124,0.000090,0.000067,7.0.0
K_Z8,8,O,K,200.0,16.00,1.000000,0.334743,0.131510,0.050580,0.020323,0.009196,0.004824,0.002863,0.001842,0.001241,0.000860,0.000607,0.000434,0.000314,0.000231,0.000171,0.000128,7.0.0
K_Z9,9,F,K,200.0,16.00,1.000000,0.384550,0.167656,0.071797,0.031105,0.014444,0.007488,0.004356,0.002778,0.001883,0.001325,0.000954,0.000698,0.000516,0.000386,0.000291,0.000222,7.0.0
K_Z10,10,Ne,K,200.0,16.00,1.000000,0.432540,0.204378,0.095600,0.044537,0.021526,0.011218,0.006431,0.004036,0.002718,0.001921,0.001399,0.001040,0.000783,0.000596,0.000457,0.000354,7.0.0
K_Z11,11,Na,K,200.0,16.00,1.000000,0.488824,0.249217,0.126227,0.063019,0.031888,0.016895,0.009610,0.005923,0.003929,0.002759,0.002015,0.001511,0.001153,0.000891,0.000694,0.000545,7.0.0
K_Z12,12,Mg,K,200.0,16.00,1.000000,0.541807,0.293998,0.159127,0.084545,0.044887,0.024429,0.013957,0.008505,0.005548,0.003845,0.002793,0.002098,0.001613,0.001259,0.000993,0.000790,7.0.0
K_Z13,13,Al,K,200.0,16.00,1.000000,0.591290,0.338143,0.193487,0.108592,0.060408,0.033953,0.019679,0.011965,0.007706,0.005260,0.003778,0.002823,0.002171,0.001704,0.001356,0.001090,7.0.0
K_Z14,14,Si,K,200.0,16.00,1.000000,0.636817,0.381016,0.228475,0.134502,0.078143,0.045440,0.026889,0.016450,0.010532,0.007098,0.005029,0.003720,0.002848,0.002235,0.001786,0.001446,7.0.0
K_Z15,15,P,K,200.0,16.00,1.000000,0.678449,0.422491,0.263677,0.161811,0.097802,0.058812,0.035652,0.022086,0.014153,0.009462,0.006621,0.004839,0.003671,0.002868,0.002292,0.001861,7.0.0
K_Z16,16,S,K,200.0,16.00,1.000000,0.716224,0.462460,0.298778,0.190121,0.119079,0.073932,0.045970,0.028953,0.018677,0.012455,0.008638,0.006239,0.004681,0.003628,0.002887,0.002342,7.0.0
K_Z17,17,Cl,K,200.0,16.00,1.000000,0.750214,0.500828,0.333540,0.219098,0.141679,0.090623,0.057794,0.037091,0.024187,0.016169,0.011160,0.007985,0.005925,0.004547,0.003591,0.002903,7.0.0
K_Z18,18,Ar,K,200.0,16.00,1.000000,0.780548,0.537504,0.367779,0.248468,0.165331,0.108696,0.071038,0.046500,0.030735,0.020680,0.014267,0.010146,0.007458,0.005664,0.004433,0.003559,7.0.0
K_Z19,19,K,K,200.0,16.00,1.000000,0.808379,0.573828,0.402728,0.279173,0.190700,0.128623,0.086061,0.057472,0.038567,0.026191,0.018122,0.012851,0.009378,0.007054,0.005466,0.004351,7.0.0
K_Z20,20,Ca,K,200.0,16.00,1.000000,0.832773,0.608192,0.436874,0.309933,0.216779,0.149679,0.102389,0.069730,0.047546,0.032656,0.022732,0.016128,0.011719,0.008748,0.006715,0.005296,7.0.0
L1_Z20,20,Ca,L1,200.0,16.00,1.000000,0.298595,0.068098,0.018334,0.010762,0.007299,0.004628,0.002982,0.002067,0.001526,0.001161,0.000890,0.000681,0.000519,0.000396,0.000302,0.000231,7.0.0
L2_Z20,20,Ca,L2,200.0,16.00,1.000000,0.208456,0.043733,0.006886,0.000427,-0.000730,-0.000876,-0.000728,-0.000515,-0.000332,-0.000202,-0.000118,-0.000067,-0.000037,-0.000020,-0.000011,-0.000006,7.0.0
L3_Z20,20,Ca,L3,200.0,16.00,1.000000,0.206284,0.042509,0.006422,0.000266,-0.000794,-0.000905,-0.000742,-0.000522,-0.000336,-0.000204,-0.000119,-0.000068,-0.000038,-0.000021,-0.000011,-0.000006,7.0.0
K_Z21,21,Sc,K,200.0,16.00,1.000000,0.853504,0.639629,0.469130,0.339707,0.242655,0.171129,0.119480,0.082913,0.057456,0.039964,0.028050,0.019973,0.014498,0.010768,0.008202,0.006412,7.0.0
L1_Z21,21,Sc,L1,200.0,16.00,1.000000,0.325506,0.081919,0.021371,0.011708,0.008354,0.005561,0.003625,0.002480,0.001809,0.001376,0.001064,0.000825,0.000639,0.000493,0.000381,0.000295,7.0.0
L2_Z21,21,Sc,L2,200.0,16.00,1.000000,0.233403,0.055295,0.010049,0.001069,-0.000629,-0.000927,-0.000839,-0.000635,-0.000434,-0.000278,-0.000170,-0.000101,-0.000059,-0.000034,-0.000019,-0.000010,7.0.0
L3_Z21,21,Sc,L3,200.0,16.00,1.000000,0.230896,0.053770,0.009414,0.000837,-0.000722,-0.000970,-0.000860,-0.000646,-0.000440,-0.000281,-0.000172,-0.000102,-0.000060,-0.000034,-0.000019,-0.000011,7.0.0
K_Z22,22,Ti,K,200.0,16.00,1.000000,0.871502,0.669039,0.500312,0.369124,0.268753,0.193234,0.137497,0.097134,0.068391,0.048202,0.034164,0.024468,0.017787,0.013179,0.009983,0.007744,7.0.0
L1_Z22,22,Ti,L1,200.0,16.00,1.000000,0.351534,0.096930,0.025278,0.012665,0.009311,0.006524,0.004353,0.002966,0.002136,0.001615,0.001254,0.000982,0.000770,0.000603,0.000471,0.000369,7.0.0
L2_Z22,22,Ti,L2,200.0,16.00,1.000000,0.257835,0.067836,0.014018,0.001986,-0.000451,-0.000943,-0.000931,-0.000752,-0.000544,-0.000366,-0.000234,-0.000145,-0.000088,-0.000052,-0.000030,-0.000017,7.0.0
L3_Z22,22,Ti,L3,200.0,16.00,1.000000,0.254961,0.065978,0.013174,0.001659,-0.000584,-0.001004,-0.000962,-0.000769,-0.000552,-0.000371,-0.000237,-0.000147,-0.000089,-0.000053,-0.000031,-0.000018,7.0.0
K_Z23,23,V,K,200.0,16.00,1.000000,0.887090,0.696434,0.530356,0.398081,0.294937,0.215850,0.156311,0.112299,0.080298,0.057356,0.041088,0.029644,0.021630,0.016026,0.012097,0.009327,7.0.0
L1_Z23,23,V,L1,200.0,16.00,1.000000,0.376728,0.112901,0.030143,0.013749,0.010163,0.007477,0.005150,0.003528,0.002517,0.001886,0.001462,0.001152,0.000913,0.000723,0.000572,0.000452,7.0.0
L2_Z23,23,V,L2,200.0,16.00,1.000000,0.281784,0.081186,0.018809,0.003240,-0.000175,-0.000920,-0.001002,-0.000861,-0.000656,-0.000463,-0.000310,-0.000200,-0.000125,-0.000077,-0.000047,-0.000028,7.0.0
L3_Z23,23,V,L3,200.0,16.00,1.000000,0.278511,0.078962,0.017718,0.002792,-0.000360,-0.001006,-0.001046,-0.000885,-0.000669,-0.000470,-0.000314,-0.000202,-0.000127,-0.000078,-0.000048,-0.000029,7.0.0
K_Z24,24,Cr,K,200.0,16.00,1.000000,0.900429,0.721509,0.558773,0.426039,0.320675,0.238493,0.175515,0.128089,0.092949,0.067276,0.048733,0.035460,0.026014,0.019315,0.014563,0.011183,7.0.0
L1_Z24,24,Cr,L1,200.0,16.00,1.000000,0.397847,0.128134,0.036105,0.015363,0.010999,0.008323,0.005898,0.004083,0.002898,0.002152,0.001662,0.001313,0.001048,0.000838,0.000670,0.000535,7.0.0
L2_Z24,24,Cr,L2,200.0,16.00,1.000000,0.296487,0.090899,0.023087,0.004592,0.000195,-0.000829,-0.001013,-0.000923,-0.000738,-0.000544,-0.000379,-0.000253,-0.000164,-0.000104,-0.000065,-0.000040,7.0.0
L3_Z24,24,Cr,L3,200.0,16.00,1.000000,0.292633,0.088269,0.021738,0.004011,-0.000051,-0.000942,-0.001071,-0.000954,-0.000756,-0.000554,-0.000384,-0.000257,-0.000167,-0.000106,-0.000067,-0.000041,7.0.0
K_Z25,25,Mn,K,200.0,16.00,1.000000,0.912220,0.745317,0.586813,0.454258,0.347098,0.262101,0.195848,0.145076,0.106779,0.078294,0.057359,0.042118,0.031101,0.023173,0.017482,0.013392,7.0.0
L1_Z25,25,Mn,L1,200.0,16.00,1.000000,0.424797,0.146923,0.042861,0.016762,0.011648,0.009235,0.006853,0.004862,0.003463,0.002552,0.001955,0.001542,0.001235,0.000995,0.000803,0.000648,7.0.0
L2_Z25,25,Mn,L2,200.0,16.00,1.000000,0.328362,0.109745,0.030807,0.006975,0.000796,-0.000725,-0.001065,-0.001037,-0.000872,-0.000672,-0.000487,-0.000338,-0.000227,-0.000149,-0.000096,-0.000061,7.0.0
L3_Z25,25,Mn,L3,200.0,16.00,1.000000,0.324188,0.106689,0.029102,0.006188,0.000450,-0.000887,-0.001148,-0.001083,-0.000898,-0.000687,-0.000496,-0.000343,-0.000231,-0.000152,-0.000098,-0.000062,7.0.0
K_Z26,26,Fe,K,200.0,16.00,1.000000,0.922291,0.766919,0.613139,0.481324,0.372876,0.285511,0.216350,0.162499,0.121213,0.089997,0.066678,0.049429,0.036772,0.027535,0.020819,0.015941,7.0.0
L1_Z26,26,Fe,L1,200.0,16.00,1.000000,0.447755,0.164646,0.050677,0.018895,0.012373,0.010008,0.007709,0.005610,0.004030,0.002959,0.002251,0.001768,0.001417,0.001148,0.000933,0.000759,7.0.0
L2_Z26,26,Fe,L2,200.0,16.00,1.000000,0.351043,0.124723,0.037948,0.009541,0.001558,-0.000530,-0.001049,-0.001097,-0.000967,-0.000776,-0.000584,-0.000419,-0.000291,-0.000197,-0.000130,-0.000085,7.0.0
L3_Z26,26,Fe,L3,200.0,16.00,1.000000,0.346367,0.121199,0.035875,0.008530,0.001099,-0.000746,-0.001162,-0.001160,-0.001004,-0.000798,-0.000597,-0.000427,-0.000296,-0.000200,-0.000133,-0.000087,7.0.0
K_Z27,27,Co,K,200.0,16.00,1.000000,0.931004,0.786729,0.638158,0.507617,0.398338,0.308979,0.237206,0.180491,0.136348,0.102459,0.076752,0.057452,0.043082,0.032452,0.024625,0.018875,7.0.0
L1_Z27,27,Co,L1,200.0,16.00,1.000000,0.470039,0.182667,0.059400,0.021553,0.013165,0.010711,0.008537,0.006392,0.004655,0.003420,0.002587,0.002020,0.001617,0.001313,0.001074,0.000880,7.0.0
L2_Z27,27,Co,L2,200.0,16.00,1.000000,0.373344,0.140043,0.045789,0.012612,0.002552,-0.000247,-0.000997,-0.001135,-0.001050,-0.000876,-0.000683,-0.000507,-0.000363,-0.000252,-0.000172,-0.000115,7.0.0
L3_Z27,27,Co,L3,200.0,16.00,1.000000,0.368133,0.136017,0.043306,0.011338,0.001951,-0.000535,-0.001146,-0.001219,-0.001099,-0.000906,-0.000701,-0.000518,-0.000370,-0.000258,-0.000176,-0.000118,7.0.0
K_Z28,28,Ni,K,200.0,16.00,1.000000,0.938554,0.804842,0.661855,0.533085,0.423407,0.332418,0.258327,0.198968,0.152113,0.115626,0.087551,0.066173,0.050036,0.037939,0.028921,0.022221,7.0.0
L1_Z28,28,Ni,L1,200.0,16.00,1.000000,0.491675,0.200884,0.068963,0.024793,0.014091,0.011358,0.009322,0.007189,0.005330,0.003937,0.002968,0.002304,0.001837,0.001492,0.001225,0.001010,7.0.0
L2_Z28,28,Ni,L2,200.0,16.00,1.000000,0.395281,0.155635,0.054277,0.016203,0.003810,0.000142,-0.000900,-0.001150,-0.001117,-0.000968,-0.000781,-0.000598,-0.000441,-0.000316,-0.000221,-0.000152,7.0.0
L3_Z28,28,Ni,L3,200.0,16.00,1.000000,0.389499,0.151069,0.051342,0.014624,0.003037,-0.000235,-0.001096,-0.001260,-0.001182,-0.001008,-0.000806,-0.000614,-0.000451,-0.000323,-0.000226,-0.000155,7.0.0
K_Z29,29,Cu,K,200.0,16.00,1.000000,0.945053,0.821201,0.683984,0.557386,0.447714,0.355463,0.279372,0.217628,0.168255,0.129297,0.098921,0.075483,0.057560,0.043954,0.033688,0.025975,7.0.0
L1_Z29,29,Cu,L1,200.0,16.00,1.000000,0.510378,0.217278,0.078761,0.028831,0.015459,0.012080,0.010042,0.007918,0.005970,0.004440,0.003343,0.002583,0.002050,0.001663,0.001367,0.001132,7.0.0
L2_Z29,29,Cu,L2,200.0,16.00,1.000000,0.408681,0.165794,0.060672,0.019301,0.005041,0.000581,-0.000750,-0.001112,-0.001135,-0.001019,-0.000848,-0.000669,-0.000507,-0.000372,-0.000267,-0.000187,7.0.0
L3_Z29,29,Cu,L3,200.0,16.00,1.000000,0.402000,0.160539,0.057246,0.017407,0.004088,0.000109,-0.000995,-0.001248,-0.001216,-0.001069,-0.000880,-0.000689,-0.000520,-0.000381,-0.000273,-0.000192,7.0.0
K_Z30,30,Zn,K,200.0,16.00,1.000000,0.950809,0.836394,0.705291,0.581356,0.472102,0.378898,0.301032,0.237054,0.185252,0.143858,0.111171,0.085629,0.065851,0.050654,0.039052,0.030239,7.0.0
L1_Z30,30,Zn,L1,200.0,16.00,1.000000,0.533086,0.237577,0.090311,0.033154,0.016598,0.012595,0.010731,0.008759,0.006784,0.005122,0.003873,0.002983,0.002357,0.001904,0.001565,0.001299,7.0.0
L2_Z30,30,Zn,L2,200.0,16.00,1.000000,0.438090,0.187410,0.072983,0.024966,0.007240,0.001327,-0.000537,-0.001092,-0.001197,-0.001120,-0.000964,-0.000784,-0.000610,-0.000460,-0.000338,-0.000243,7.0.0
L3_Z30,30,Zn,L3,200.0,16.00,1.000000,0.431073,0.181648,0.069014,0.022646,0.006017,0.000704,-0.000864,-0.001276,-0.001308,-0.001190,-0.001009,-0.000813,-0.000630,-0.000473,-0.000347,-0.000250,7.0.0
M1_Z30,30,Zn,M1,200.0,16.00,1.000000,0.151322,0.009915,0.003204,0.004026,0.002539,0.001031,0.000320,0.000115,0.000090,0.000102,0.000108,0.000105,0.000096,0.000085,0.000073,0.000062,7.0.0
M2_Z30,30,Zn,M2,200.0,16.00,1.000000,0.114464,0.008667,0.003390,0.003063,0.001893,0.000853,0.000297,0.000068,-0.000009,-0.000030,-0.000030,-0.000026,-0.000020,-0.000015,-0.000011,-0.000008,7.0.0
M3_Z30,30,Zn,M3,200.0,16.00,1.000000,0.107153,0.008186,0.003346,0.002896,0.001734,0.000750,0.000241,0.000039,-0.000025,-0.000038,-0.000035,-0.000028,-0.000022,-0.000016,-0.000012,-0.000009,7.0.0
K_Z31,31,Ga,K,200.0,16.00,1.000000,0.955879,0.850329,0.725475,0.604572,0.496107,0.402270,0.322892,0.256888,0.202807,0.159074,0.124123,0.096483,0.074824,0.057988,0.044988,0.035005,7.0.0
L1_Z31,31,Ga,L1,200.0,16.00,1.000000,0.556372,0.258677,0.102978,0.038309,0.018047,0.013101,0.011340,0.009569,0.007629,0.005868,0.004471,0.003444,0.002709,0.002180,0.001787,0.001484,7.0.0
L2_Z31,31,Ga,L2,200.0,16.00,1.000000,0.466997,0.209352,0.086136,0.031399,0.009902,0.002293,-0.000230,-0.001030,-0.001236,-0.001206,-0.001073,-0.000898,-0.000719,-0.000556,-0.000418,-0.000307,7.0.0
L3_Z31,31,Ga,L3,200.0,16.00,1.000000,0.459627,0.203064,0.081590,0.028604,0.008363,0.001484,-0.000661,-0.001274,-0.001383,-0.001300,-0.001134,-0.000939,-0.000746,-0.000574,-0.000431,-0.000317,7.0.0
M1_Z31,31,Ga,M1,200.0,16.00,1.000000,0.160807,0.012551,0.003061,0.004033,0.002936,0.001370,0.000484,0.000168,0.000103,0.000105,0.000113,0.000112,0.000105,0.000094,0.000082,0.000071,7.0.0
M2_Z31,31,Ga,M2,200.0,16.00,1.000000,0.133734,0.013087,0.004271,0.003501,0.002322,0.001145,0.000443,0.000126,0.000007,-0.000029,-0.000035,-0.000031,-0.000025,-0.000020,-0.000015,-0.000011,7.0.0
M3_Z31,31,Ga,M3,200.0,16.00,1.000000,0.124697,0.012212,0.004188,0.003305,0.002121,0.001007,0.000364,0.000084,-0.000015,-0.000040,-0.000041,-0.000035,-0.000028,-0.000021,-0.000016,-0.000012,7.0.0
K_Z32,32,Ge,K,200.0,16.00,1.000000,0.960303,0.862953,0.744351,0.626786,0.519469,0.425332,0.344727,0.276930,0.220751,0.174805,0.137668,0.107964,0.084425,0.065922,0.051479,0.040271,7.0.0
L1_Z32,32,Ge,L1,200.0,16.00,1.000000,0.578941,0.279860,0.116485,0.044301,0.019892,0.013642,0.011858,0.010308,0.008463,0.006648,0.005124,0.003958,0.003106,0.002489,0.002034,0.001687,7.0.0
L2_Z32,32,Ge,L2,200.0,16.00,1.000000,0.494171,0.230881,0.099758,0.038487,0.013031,0.003505,0.000189,-0.000915,-0.001243,-0.001272,-0.001168,-0.001006,-0.000827,-0.000655,-0.000504,-0.000379,7.0.0
L3_Z32,32,Ge,L3,200.0,16.00,1.000000,0.486415,0.224043,0.094607,0.035173,0.011130,0.002475,-0.000369,-0.001231,-0.001434,-0.001395,-0.001250,-0.001061,-0.000864,-0.000681,-0.000522,-0.000392,7.0.0
M1_Z32,32,Ge,M1,200.0,16.00,1.000000,0.171280,0.015503,0.003226,0.003983,0.003269,0.001726,0.000685,0.000246,0.000125,0.000111,0.000117,0.000119,0.000113,0.000103,0.000092,0.000080,7.0.0
M2_Z32,32,Ge,M2,200.0,16.00,1.000000,0.147465,0.016930,0.005195,0.003831,0.002674,0.001431,0.000608,0.000201,0.000035,-0.000022,-0.000036,-0.000035,-0.000030,-0.000024,-0.000018,-0.000014,7.0.0
M3_Z32,32,Ge,M3,200.0,16.00,1.000000,0.136978,0.015613,0.005059,0.003613,0.002438,0.001259,0.000504,0.000144,0.000004,-0.000039,-0.000045,-0.000040,-0.000033,-0.000026,-0.000020,-0.000015,7.0.0
K_Z33,33,As,K,200.0,16.00,1.000000,0.964176,0.874380,0.761962,0.647986,0.542144,0.448023,0.366469,0.297112,0.239018,0.190995,0.151759,0.120038,0.094630,0.074445,0.058525,0.046045,7.0.0
L1_Z33,33,As,L1,200.0,16.00,1.000000,0.600777,0.301060,0.130748,0.051135,0.022200,0.014274,0.012299,0.010963,0.009267,0.007450,0.005825,0.004526,0.003551,0.002835,0.002308,0.001911,7.0.0
L2_Z33,33,As,L2,200.0,16.00,1.000000,0.520077,0.252194,0.113886,0.046252,0.016668,0.005001,0.000743,-0.000737,-0.001217,-0.001316,-0.001250,-0.001106,-0.000932,-0.000756,-0.000595,-0.000457,7.0.0
L3_Z33,33,As,L3,200.0,16.00,1.000000,0.511918,0.244788,0.108103,0.042377,0.014357,0.003711,0.000031,-0.001143,-0.001463,-0.001474,-0.001356,-0.001179,-0.000982,-0.000791,-0.000620,-0.000475,7.0.0
M1_Z33,33,As,M1,200.0,16.00,1.000000,0.182735,0.018634,0.003669,0.003928,0.003537,0.002088,0.000922,0.000353,0.000160,0.000121,0.000122,0.000125,0.000121,0.000112,0.000101,0.000089,7.0.0
M2_Z33,33,As,M2,200.0,16.00,1.000000,0.159004,0.020357,0.006205,0.004146,0.002983,0.001716,0.000793,0.000295,0.000073,-0.000010,-0.000035,-0.000038,-0.000033,-0.000027,-0.000022,-0.000017,7.0.0
M3_Z33,33,As,M3,200.0,16.00,1.000000,0.147266,0.018558,0.006001,0.003910,0.002717,0.001510,0.000662,0.000220,0.000033,-0.000032,-0.000047,-0.000045,-0.000038,-0.000030,-0.000023,-0.000018,7.0.0
M4_Z33,33,As,M4,200.0,16.00,1.000000,0.032831,0.001365,-0.000754,-0.000514,-0.000188,-0.000051,-0.000011,-0.000002,-0.000000,-0.000000,0.000000,0.000000,0.000000,0.000000,0.000000,0.000000,7.0.0
M5_Z33,33,As,M5,200.0,16.00,1.000000,0.032187,0.001281,-0.000780,-0.000512,-0.000182,-0.000048,-0.000010,-0.000002,-0.000000,-0.000000,0.000000,0.000000,0.000000,0.000000,0.000000,0.000000,7.0.0
K_Z34,34,Se,K,200.0,16.00,1.000000,0.967574,0.884715,0.778353,0.668159,0.564089,0.470283,0.388052,0.317365,0.257542,0.207582,0.166347,0.132668,0.105415,0.083545,0.066123,0.052332,7.0.0
L1_Z34,34,Se,L1,200.0,16.00,1.000000,0.621846,0.322202,0.145675,0.058801,0.025029,0.015057,0.012688,0.011529,0.010024,0.008256,0.006564,0.005146,0.004046,0.003224,0.002615,0.002158,7.0.0
L2_Z34,34,Se,L2,200.0,16.00,1.000000,0.544891,0.273335,0.128487,0.054686,0.020838,0.006816,0.001455,-0.000487,-0.001154,-0.001338,-0.001316,-0.001196,-0.001033,-0.000857,-0.000689,-0.000540,7.0.0
L3_Z34,34,Se,L3,200.0,16.00,1.000000,0.536324,0.265345,0.122049,0.050208,0.018069,0.005221,0.000559,-0.001002,-0.001466,-0.001538,-0.001451,-0.001290,-0.001099,-0.000904,-0.000723,-0.000565,7.0.0
M1_Z34,34,Se,M1,200.0,16.00,1.000000,0.195070,0.021911,0.004341,0.003914,0.003744,0.002442,0.001192,0.000490,0.000213,0.000137,0.000129,0.000131,0.000129,0.000121,0.000110,0.000098,7.0.0
M2_Z34,34,Se,M2,200.0,16.00,1.000000,0.169812,0.023526,0.007292,0.004495,0.003269,0.002002,0.000998,0.000408,0.000125,0.000010,-0.000030,-0.000039,-0.000037,-0.000031,-0.000025,-0.000020,7.0.0
M3_Z34,34,Se,M3,200.0,16.00,1.000000,0.156942,0.021205,0.007003,0.004241,0.002976,0.001761,0.000838,0.000313,0.000072,-0.000020,-0.000047,-0.000049,-0.000042,-0.000035,-0.000027,-0.000021,7.0.0
M4_Z34,34,Se,M4,200.0,16.00,1.000000,0.041354,0.001881,-0.000816,-0.000653,-0.000268,-0.000081,-0.000020,-0.000004,-0.000001,-0.000000,-0.000000,0.000000,0.000000,0.000000,0.000000,0.000000,7.0.0
M5_Z34,34,Se,M5,200.0,16.00,1.000000,0.040572,0.001776,-0.000854,-0.000654,-0.000261,-0.000077,-0.000018,-0.000003,-0.000001,-0.000000,-0.000000,0.000000,0.000000,0.000000,0.000000,0.000000,7.0.0
K_Z35,35,Br,K,200.0,16.00,1.000000,0.970564,0.894060,0.793579,0.687309,0.585273,0.492064,0.409416,0.337626,0.276263,0.224514,0.181385,0.145815,0.116753,0.093205,0.074267,0.059134,7.0.0
L1_Z35,35,Br,L1,200.0,16.00,1.000000,0.642128,0.343220,0.161174,0.067276,0.028428,0.016052,0.013060,0.012008,0.010717,0.009049,0.007330,0.005812,0.004591,0.003657,0.002958,0.002433,7.0.0
L2_Z35,35,Br,L2,200.0,16.00,1.000000,0.568700,0.294303,0.143511,0.063763,0.025557,0.008979,0.002351,-0.000148,-0.001048,-0.001334,-0.001364,-0.001274,-0.001127,-0.000956,-0.000785,-0.000628,7.0.0
L3_Z35,35,Br,L3,200.0,16.00,1.000000,0.559725,0.285712,0.136392,0.058641,0.022278,0.007035,0.001235,-0.000795,-0.001440,-0.001585,-0.001534,-0.001393,-0.001211,-0.001017,-0.000829,-0.000660,7.0.0
M1_Z35,35,Br,M1,200.0,16.00,1.000000,0.208162,0.025358,0.005189,0.003977,0.003902,0.002777,0.001485,0.000659,0.000287,0.000163,0.000138,0.000137,0.000136,0.000130,0.000120,0.000108,7.0.0
M2_Z35,35,Br,M2,200.0,16.00,1.000000,0.180524,0.026579,0.008426,0.004904,0.003546,0.002286,0.001221,0.000543,0.000193,0.000038,-0.000021,-0.000038,-0.000039,-0.000035,-0.000029,-0.000023,7.0.0
M3_Z35,35,Br,M3,200.0,16.00,1.000000,0.166588,0.023689,0.008034,0.004629,0.003229,0.002011,0.001028,0.000424,0.000124,-0.000001,-0.000043,-0.000051,-0.000047,-0.000039,-0.000032,-0.000025,7.0.0
M4_Z35,35,Br,M4,200.0,16.00,1.000000,0.050740,0.002547,-0.000854,-0.000795,-0.000364,-0.000122,-0.000033,-0.000008,-0.000002,-0.000000,-0.000000,0.000000,0.000000,0.000000,0.000000,0.000000,7.0.0
M5_Z35,35,Br,M5,200.0,16.00,1.000000,0.049815,0.002413,-0.000905,-0.000801,-0.000356,-0.000116,-0.000030,-0.000006,-0.000001,-0.000000,-0.000000,-0.000000,0.000000,0.000000,0.000000,0.000000,7.0.0
K_Z36,36,Kr,K,200.0,16.00,1.000000,0.973204,0.902511,0.807699,0.705444,0.605669,0.513319,0.430505,0.357836,0.295120,0.241732,0.196823,0.159440,0.128613,0.103405,0.082944,0.066448,7.0.0
L1_Z36,36,Kr,L1,200.0,16.00,1.000000,0.661608,0.364054,0.177156,0.076527,0.032434,0.017320,0.013455,0.012410,0.011338,0.009813,0.008109,0.006517,0.005184,0.004137,0.003341,0.002739,7.0.0
L2_Z36,36,Kr,L2,200.0,16.00,1.000000,0.591550,0.315079,0.158896,0.073447,0.030829,0.011517,0.003456,0.000294,-0.000891,-0.001301,-0.001393,-0.001339,-0.001211,-0.001050,-0.000880,-0.000717,7.0.0
L3_Z36,36,Kr,L3,200.0,16.00,1.000000,0.582175,0.305875,0.151077,0.067644,0.026993,0.009175,0.002083,-0.000512,-0.001380,-0.001615,-0.001605,-0.001487,-0.001318,-0.001128,-0.000937,-0.000760,7.0.0
M1_Z36,36,Kr,M1,200.0,16.00,1.000000,0.221880,0.029029,0.006158,0.004138,0.004028,0.003083,0.001794,0.000859,0.000384,0.000202,0.000152,0.000144,0.000143,0.000138,0.000129,0.000118,7.0.0
M2_Z36,36,Kr,M2,200.0,16.00,1.000000,0.191402,0.029639,0.009577,0.005384,0.003828,0.002568,0.001459,0.000699,0.000277,0.000076,-0.000007,-0.000035,-0.000040,-0.000038,-0.000032,-0.000026,7.0.0
M3_Z36,36,Kr,M3,200.0,16.00,1.000000,0.176429,0.026131,0.009061,0.005084,0.003487,0.002260,0.001232,0.000552,0.000189,0.000026,-0.000036,-0.000052,-0.000051,-0.000044,-0.000036,-0.000029,7.0.0
M4_Z36,36,Kr,M4,200.0,16.00,1.000000,0.060831,0.003412,-0.000868,-0.000935,-0.000474,-0.000175,-0.000052,-0.000013,-0.000003,-0.000001,-0.000000,-0.000000,0.000000,0.000000,0.000000,0.000000,7.0.0
M5_Z36,36,Kr,M5,200.0,16.00,1.000000,0.059758,0.003243,-0.000933,-0.000948,-0.000466,-0.000166,-0.000048,-0.000011,-0.000002,-0.000001,-0.000000,-0.000000,0.000000,0.000000,0.000000,0.000000,7.0.0
K_Z37,37,Rb,K,200.0,16.00,1.000000,0.975564,0.910235,0.820913,0.722762,0.625467,0.534226,0.451484,0.378143,0.314246,0.259354,0.212762,0.173631,0.141074,0.114214,0.092221,0.074333,7.0.0
L1_Z37,37,Rb,L1,200.0,16.00,1.000000,0.681556,0.385938,0.194324,0.086808,0.037087,0.018838,0.013848,0.012723,0.011887,0.010561,0.008923,0.007287,0.005853,0.004689,0.003786,0.003096,7.0.0
L2_Z37,37,Rb,L2,200.0,16.00,1.000000,0.615327,0.337383,0.175756,0.084344,0.036954,0.014569,0.004830,0.000861,-0.000680,-0.001245,-0.001410,-0.001397,-0.001293,-0.001145,-0.000978,-0.000813,7.0.0
L3_Z37,37,Rb,L3,200.0,16.00,1.000000,0.605629,0.327579,0.167208,0.077801,0.032487,0.011762,0.003146,-0.000140,-0.001291,-0.001635,-0.001673,-0.001582,-0.001427,-0.001243,-0.001052,-0.000868,7.0.0
M1_Z37,37,Rb,M1,200.0,16.00,1.000000,0.237705,0.032518,0.007421,0.004549,0.004173,0.003379,0.002134,0.001106,0.000519,0.000262,0.000177,0.000157,0.000153,0.000149,0.000140,0.000129,7.0.0
M2_Z37,37,Rb,M2,200.0,16.00,1.000000,0.202505,0.032340,0.010935,0.006081,0.004167,0.002863,0.001718,0.000880,0.000381,0.000127,0.000014,-0.000029,-0.000041,-0.000040,-0.000036,-0.000030,7.0.0
M3_Z37,37,Rb,M3,200.0,16.00,1.000000,0.186763,0.028189,0.010272,0.005747,0.003803,0.002522,0.001454,0.000702,0.000271,0.000062,-0.000024,-0.000052,-0.000055,-0.000049,-0.000041,-0.000034,7.0.0
M4_Z37,37,Rb,M4,200.0,16.00,1.000000,0.070561,0.004111,-0.000899,-0.001069,-0.000597,-0.000241,-0.000079,-0.000022,-0.000006,-0.000001,-0.000000,-0.000000,-0.000000,0.000000,0.000000,0.000000,7.0.0
M5_Z37,37,Rb,M5,200.0,16.00,1.000000,0.069338,0.003905,-0.000976,-0.001091,-0.000591,-0.000232,-0.000073,-0.000019,-0.000004,-0.000001,-0.000000,-0.000000,-0.000000,0.000000,0.000000,0.000000,7.0.0
K_Z38,38,Sr,K,200.0,16.00,1.000000,0.977658,0.917222,0.833131,0.739092,0.644441,0.554531,0.472093,0.398296,0.333408,0.277169,0.229020,0.188233,0.154007,0.125530,0.102015,0.082729,7.0.0
L1_Z38,38,Sr,L1,200.0,16.00,1.000000,0.700591,0.407582,0.211933,0.097888,0.042443,0.020736,0.014327,0.012966,0.012334,0.011240,0.009718,0.008079,0.006565,0.005293,0.004280,0.003496,7.0.0
L2_Z38,38,Sr,L2,200.0,16.00,1.000000,0.638456,0.359869,0.193264,0.096068,0.043819,0.018144,0.006515,0.001591,-0.000390,-0.001149,-0.001405,-0.001439,-0.001365,-0.001233,-0.001074,-0.000909,7.0.0
L3_Z38,38,Sr,L3,200.0,16.00,1.000000,0.628482,0.349477,0.183979,0.088751,0.038667,0.014813,0.004470,0.000356,-0.001147,-0.001633,-0.001730,-0.001668,-0.001531,-0.001356,-0.001167,-0.000979,7.0.0
M1_Z38,38,Sr,M1,200.0,16.00,1.000000,0.254717,0.036271,0.008670,0.005141,0.004351,0.003637,0.002470,0.001381,0.000685,0.000345,0.000213,0.000174,0.000165,0.000160,0.000152,0.000141,7.0.0
M2_Z38,38,Sr,M2,200.0,16.00,1.000000,0.215317,0.035159,0.012213,0.006906,0.004572,0.003171,0.001992,0.001084,0.000506,0.000193,0.000044,-0.000018,-0.000039,-0.000043,-0.000039,-0.000034,7.0.0
M3_Z38,38,Sr,M3,200.0,16.00,1.000000,0.198906,0.030321,0.011385,0.006533,0.004183,0.002798,0.001691,0.000872,0.000370,0.000110,-0.000006,-0.000048,-0.000058,-0.000054,-0.000047,-0.000039,7.0.0
M4_Z38,38,Sr,M4,200.0,16.00,1.000000,0.080602,0.004904,-0.000960,-0.001196,-0.000727,-0.000321,-0.000115,-0.000035,-0.000009,-0.000003,-0.000001,-0.000000,-0.000000,0.000000,0.000000,0.000000,7.0.0
M5_Z38,38,Sr,M5,200.0,16.00,1.000000,0.079218,0.004652,-0.001048,-0.001227,-0.000724,-0.000310,-0.000106,-0.000030,-0.000008,-0.000002,-0.000001,-0.000000,-0.000000,-0.000000,0.000000,0.000000,7.0.0
K_Z39,39,Y,K,200.0,16.00,1.000000,0.979512,0.923514,0.844360,0.754382,0.662487,0.574103,0.492185,0.418144,0.352457,0.295039,0.245469,0.203133,0.167318,0.137275,0.112266,0.091590,7.0.0
L1_Z39,39,Y,L1,200.0,16.00,1.000000,0.718053,0.428163,0.229362,0.109475,0.048481,0.023122,0.015011,0.013210,0.012695,0.011831,0.010459,0.008855,0.007292,0.005925,0.004807,0.003926,7.0.0
L2_Z39,39,Y,L2,200.0,16.00,1.000000,0.659464,0.380994,0.210267,0.107919,0.051074,0.022108,0.008480,0.002490,-0.000007,-0.001002,-0.001367,-0.001458,-0.001417,-0.001307,-0.001160,-0.001000,7.0.0
L3_Z39,39,Y,L3,200.0,16.00,1.000000,0.649183,0.369978,0.200225,0.099804,0.045202,0.018208,0.006030,0.000987,-0.000936,-0.001595,-0.001765,-0.001738,-0.001621,-0.001459,-0.001275,-0.001087,7.0.0
M1_Z39,39,Y,M1,200.0,16.00,1.000000,0.271381,0.040812,0.009748,0.005762,0.004566,0.003859,0.002780,0.001662,0.000871,0.000444,0.000259,0.000195,0.000176,0.000170,0.000163,0.000152,7.0.0
M2_Z39,39,Y,M2,200.0,16.00,1.000000,0.228835,0.038622,0.013278,0.007703,0.005008,0.003484,0.002271,0.001304,0.000651,0.000274,0.000084,-0.000002,-0.000034,-0.000043,-0.000042,-0.000037,7.0.0
M3_Z39,39,Y,M3,200.0,16.00,1.000000,0.211577,0.033014,0.012254,0.007288,0.004591,0.003077,0.001931,0.001055,0.000485,0.000170,0.000020,-0.000041,-0.000058,-0.000058,-0.000052,-0.000044,7.0.0
M4_Z39,39,Y,M4,200.0,16.00,1.000000,0.091820,0.006275,-0.000994,-0.001322,-0.000864,-0.000412,-0.000159,-0.000052,-0.000015,-0.000004,-0.000001,-0.000001,-0.000000,-0.000000,0.000000,0.000000,7.0.0
M5_Z39,39,Y,M5,200.0,16.00,1.000000,0.090279,0.005962,-0.001096,-0.001364,-0.000865,-0.000401,-0.000149,-0.000046,-0.000012,-0.000003,-0.000001,-0.000001,-0.000000,-0.000000,0.000000,0.000000,7.0.0
K_Z40,40,Zr,K,200.0,16.00,1.000000,0.981164,0.929213,0.854721,0.768742,0.679699,0.593012,0.511814,0.437727,0.371424,0.312986,0.262128,0.218347,0.181017,0.149460,0.122986,0.100929,7.0.0
L1_Z40,40,Zr,L1,200.0,16.00,1.000000,0.734575,0.448298,0.246940,0.121653,0.055193,0.025988,0.015907,0.013471,0.012985,0.012342,0.011152,0.009622,0.008038,0.006594,0.005377,0.004398,7.0.0
L2_Z40,40,Zr,L2,200.0,16.00,1.000000,0.679408,0.401741,0.227398,0.120230,0.058884,0.026545,0.010772,0.003583,0.000481,-0.000799,-0.001298,-0.001456,-0.001454,-0.001369,-0.001238,-0.001085,7.0.0
L3_Z40,40,Zr,L3,200.0,16.00,1.000000,0.668838,0.390090,0.216580,0.111286,0.052244,0.022020,0.007865,0.001769,-0.000650,-0.001523,-0.001782,-0.001795,-0.001701,-0.001554,-0.001379,-0.001193,7.0.0
M1_Z40,40,Zr,M1,200.0,16.00,1.000000,0.288220,0.045918,0.010775,0.006454,0.004846,0.004065,0.003069,0.001951,0.001081,0.000565,0.000319,0.000223,0.000191,0.000180,0.000173,0.000163,7.0.0
M2_Z40,40,Zr,M2,200.0,16.00,1.000000,0.242853,0.042543,0.014264,0.008524,0.005499,0.003813,0.002558,0.001540,0.000815,0.000373,0.000135,0.000022,-0.000026,-0.000042,-0.000044,-0.000040,7.0.0
M3_Z40,40,Zr,M3,200.0,16.00,1.000000,0.224723,0.036102,0.013007,0.008061,0.005053,0.003372,0.002178,0.001252,0.000617,0.000244,0.000055,-0.000028,-0.000057,-0.000062,-0.000057,-0.000049,7.0.0
M4_Z40,40,Zr,M4,200.0,16.00,1.000000,0.103296,0.007997,-0.001014,-0.001446,-0.001003,-0.000514,-0.000213,-0.000075,-0.000024,-0.000007,-0.000002,-0.000001,-0.000000,-0.000000,-0.000000,0.000000,7.0.0
M5_Z40,40,Zr,M5,200.0,16.00,1.000000,0.101594,0.007611,-0.001132,-0.001499,-0.001010,-0.000502,-0.000201,-0.000067,-0.000019,-0.000005,-0.000002,-0.000001,-0.000000,-0.000000,-0.000000,0.000000,7.0.0
K_Z41,41,Nb,K,200.0,16.00,1.000000,0.982640,0.934371,0.864258,0.782181,0.696045,0.611198,0.530901,0.456957,0.390216,0.330917,0.278907,0.233792,0.195035,0.162025,0.134125,0.110708,7.0.0
L1_Z41,41,Nb,L1,200.0,16.00,1.000000,0.749866,0.467485,0.264205,0.134147,0.062505,0.029392,0.017119,0.013834,0.013248,0.012782,0.011781,0.010353,0.008779,0.007279,0.005974,0.004900,7.0.0
L2_Z41,41,Nb,L2,200.0,16.00,1.000000,0.697539,0.421115,0.243804,0.132408,0.066904,0.031291,0.013332,0.004861,0.001082,-0.000532,-0.001189,-0.001427,-0.001470,-0.001413,-0.001301,-0.001159,7.0.0
L3_Z41,41,Nb,L3,200.0,16.00,1.000000,0.686642,0.408771,0.232171,0.122605,0.059462,0.026100,0.009924,0.002699,-0.000281,-0.001407,-0.001774,-0.001835,-0.001767,-0.001636,-0.001472,-0.001291,7.0.0
M1_Z41,41,Nb,M1,200.0,16.00,1.000000,0.303970,0.051933,0.011789,0.007052,0.005149,0.004264,0.003332,0.002233,0.001302,0.000703,0.000392,0.000257,0.000207,0.000191,0.000182,0.000173,7.0.0
M2_Z41,41,Nb,M2,200.0,16.00,1.000000,0.256240,0.047248,0.015212,0.009237,0.005985,0.004144,0.002844,0.001784,0.000995,0.000487,0.000200,0.000054,-0.000012,-0.000037,-0.000044,-0.000042,7.0.0
M3_Z41,41,Nb,M3,200.0,16.00,1.000000,0.236973,0.039880,0.013669,0.008715,0.005508,0.003667,0.002422,0.001453,0.000760,0.000331,0.000100,-0.000009,-0.000052,-0.000063,-0.000061,-0.000054,7.0.0
M4_Z41,41,Nb,M4,200.0,16.00,1.000000,0.116111,0.010547,-0.000905,-0.001569,-0.001150,-0.000629,-0.000279,-0.000105,-0.000035,-0.000011,-0.000003,-0.000001,-0.000001,-0.000000,-0.000000,0.000000,7.0.0
M5_Z41,41,Nb,M5,200.0,16.00,1.000000,0.114256,0.010075,-0.001046,-0.001637,-0.001164,-0.000618,-0.000264,-0.000095,-0.000029,-0.000008,-0.000002,-0.000001,-0.000001,-0.000000,-0.000000,-0.000000,7.0.0
K_Z42,42,Mo,K,200.0,16.00,1.000000,0.983967,0.939068,0.873084,0.794817,0.711635,0.628761,0.549535,0.475912,0.408903,0.348894,0.295861,0.249518,0.209413,0.175008,0.145719,0.120960,7.0.0
L1_Z42,42,Mo,L1,200.0,16.00,1.000000,0.764658,0.486725,0.281905,0.147309,0.070489,0.033284,0.018576,0.014249,0.013460,0.013145,0.012354,0.011067,0.009535,0.008002,0.006620,0.005453,7.0.0
L2_Z42,42,Mo,L2,200.0,16.00,1.000000,0.715512,0.441091,0.261043,0.145462,0.075713,0.036652,0.016314,0.006397,0.001825,-0.000190,-0.001042,-0.001376,-0.001472,-0.001447,-0.001357,-0.001230,7.0.0
L3_Z42,42,Mo,L3,200.0,16.00,1.000000,0.704370,0.428088,0.248592,0.134769,0.067413,0.030729,0.012341,0.003831,0.000188,-0.001246,-0.001747,-0.001867,-0.001828,-0.001715,-0.001563,-0.001390,7.0.0
M1_Z42,42,Mo,M1,200.0,16.00,1.000000,0.320733,0.058225,0.012842,0.007780,0.005566,0.004480,0.003583,0.002521,0.001549,0.000870,0.000486,0.000305,0.000231,0.000205,0.000193,0.000184,7.0.0
M2_Z42,42,Mo,M2,200.0,16.00,1.000000,0.270655,0.052171,0.016173,0.010037,0.006570,0.004518,0.003145,0.002043,0.001195,0.000621,0.000279,0.000096,0.000007,-0.000030,-0.000043,-0.000044,7.0.0
M3_Z42,42,Mo,M3,200.0,16.00,1.000000,0.250443,0.043844,0.014304,0.009449,0.006060,0.004005,0.002681,0.001669,0.000920,0.000433,0.000156,0.000017,-0.000043,-0.000063,-0.000064,-0.000059,7.0.0
M4_Z42,42,Mo,M4,200.0,16.00,1.000000,0.127963,0.013059,-0.000823,-0.001690,-0.001290,-0.000748,-0.000353,-0.000142,-0.000051,-0.000016,-0.000005,-0.000002,-0.000001,-0.000000,-0.000000,-0.000000,7.0.0
M5_Z42,42,Mo,M5,200.0,16.00,1.000000,0.125939,0.012494,-0.000987,-0.001771,-0.001313,-0.000739,-0.000337,-0.000130,-0.000043,-0.000013,-0.000004,-0.000001,-0.000001,-0.000001,-0.000000,-0.000000,7.0.0
K_Z43,43,Tc,K,200.0,16.00,1.000000,0.985162,0.943344,0.881236,0.806663,0.726455,0.645663,0.567662,0.494529,0.427418,0.366852,0.312929,0.265466,0.224102,0.188367,0.157734,0.131658,7.0.0
L1_Z43,43,Tc,L1,200.0,16.00,1.000000,0.778763,0.505842,0.299933,0.161094,0.079150,0.037695,0.020313,0.014738,0.013624,0.013421,0.012854,0.011742,0.010291,0.008754,0.007312,0.006058,7.0.0
L2_Z43,43,Tc,L2,200.0,16.00,1.000000,0.733058,0.461490,0.279047,0.159394,0.085349,0.042682,0.019770,0.008234,0.002743,0.000246,-0.000846,-0.001298,-0.001456,-0.001470,-0.001405,-0.001294,7.0.0
L3_Z43,43,Tc,L3,200.0,16.00,1.000000,0.721755,0.447882,0.265796,0.147792,0.076143,0.035961,0.015164,0.005204,0.000784,-0.001027,-0.001695,-0.001888,-0.001883,-0.001790,-0.001651,-0.001487,7.0.0
M1_Z43,43,Tc,M1,200.0,16.00,1.000000,0.338445,0.064844,0.013837,0.008613,0.006133,0.004739,0.003820,0.002806,0.001814,0.001064,0.000605,0.000370,0.000265,0.000224,0.000207,0.000196,7.0.0
M2_Z43,43,Tc,M2,200.0,16.00,1.000000,0.286344,0.057417,0.017070,0.010894,0.007271,0.004954,0.003468,0.002319,0.001415,0.000775,0.000375,0.000149,0.000034,-0.000019,-0.000039,-0.000044,7.0.0
M3_Z43,43,Tc,M3,200.0,16.00,1.000000,0.265437,0.048113,0.014834,0.010231,0.006725,0.004403,0.002961,0.001898,0.001096,0.000551,0.000224,0.000051,-0.000030,-0.000061,-0.000067,-0.000064,7.0.0
M4_Z43,43,Tc,M4,200.0,16.00,1.000000,0.138315,0.015382,-0.000823,-0.001821,-0.001418,-0.000866,-0.000435,-0.000186,-0.000070,-0.000024,-0.000008,-0.000003,-0.000001,-0.000001,-0.000000,-0.000000,7.0.0
M5_Z43,43,Tc,M5,200.0,16.00,1.000000,0.136101,0.014712,-0.001009,-0.001913,-0.001451,-0.000861,-0.000418,-0.000171,-0.000061,-0.000019,-0.000005,-0.000002,-0.000001,-0.000001,-0.000000,-0.000000,7.0.0
K_Z44,44,Ru,K,200.0,16.00,1.000000,0.986237,0.947230,0.888740,0.817718,0.740462,0.661823,0.585173,0.512681,0.445624,0.384650,0.329973,0.281510,0.238985,0.201998,0.170080,0.142729,7.0.0
L1_Z44,44,Ru,L1,200.0,16.00,1.000000,0.791641,0.523665,0.317154,0.174770,0.088212,0.042675,0.022526,0.015507,0.013890,0.013685,0.013293,0.012354,0.011002,0.009483,0.008001,0.006673,7.0.0
L2_Z44,44,Ru,L2,200.0,16.00,1.000000,0.748431,0.479679,0.295424,0.172440,0.094690,0.048754,0.023393,0.010243,0.003791,0.000770,-0.000592,-0.001182,-0.001412,-0.001468,-0.001431,-0.001340,7.0.0
L3_Z44,44,Ru,L3,200.0,16.00,1.000000,0.736870,0.465340,0.281289,0.159884,0.084550,0.041206,0.018119,0.006713,0.001480,-0.000744,-0.001604,-0.001882,-0.001917,-0.001846,-0.001723,-0.001569,7.0.0
M1_Z44,44,Ru,M1,200.0,16.00,1.000000,0.353638,0.072546,0.015146,0.009154,0.006597,0.005000,0.004042,0.003066,0.002069,0.001262,0.000733,0.000441,0.000302,0.000243,0.000219,0.000206,7.0.0
M2_Z44,44,Ru,M2,200.0,16.00,1.000000,0.299644,0.063564,0.018217,0.011513,0.007849,0.005362,0.003779,0.002588,0.001639,0.000941,0.000483,0.000213,0.000069,-0.000002,-0.000033,-0.000043,7.0.0
M3_Z44,44,Ru,M3,200.0,16.00,1.000000,0.277459,0.053146,0.015530,0.010748,0.007266,0.004772,0.003227,0.002119,0.001274,0.000677,0.000302,0.000093,-0.000011,-0.000054,-0.000068,-0.000067,7.0.0
M4_Z44,44,Ru,M4,200.0,16.00,1.000000,0.151513,0.019160,-0.000438,-0.001930,-0.001566,-0.001001,-0.000530,-0.000240,-0.000096,-0.000035,-0.000012,-0.000004,-0.000002,-0.000001,-0.000001,-0.000000,7.0.0
M5_Z44,44,Ru,M5,200.0,16.00,1.000000,0.149134,0.018377,-0.000661,-0.002039,-0.001611,-0.001000,-0.000512,-0.000223,-0.000084,-0.000028,-0.000008,-0.000003,-0.000001,-0.000001,-0.000001,-0.000000,7.0.0
K_Z45,45,Rh,K,200.0,16.00,1.000000,0.987212,0.950786,0.895691,0.828092,0.753774,0.677357,0.602180,0.530473,0.463620,0.402381,0.347078,0.297726,0.254131,0.215963,0.182812,0.154220,7.0.0
L1_Z45,45,Rh,L1,200.0,16.00,1.000000,0.804052,0.541490,0.334712,0.189010,0.097906,0.048190,0.025083,0.016427,0.014167,0.013892,0.013664,0.012918,0.011696,0.010225,0.008723,0.007333,7.0.0
L2_Z45,45,Rh,L2,200.0,16.00,1.000000,0.763649,0.498446,0.312616,0.186349,0.104835,0.055495,0.027516,0.012589,0.005049,0.001414,-0.000273,-0.001029,-0.001346,-0.001452,-0.001447,-0.001379,7.0.0
L3_Z45,45,Rh,L3,200.0,16.00,1.000000,0.751926,0.483436,0.297611,0.172819,0.093712,0.047053,0.021503,0.008495,0.002331,-0.000382,-0.001478,-0.001862,-0.001945,-0.001899,-0.001791,-0.001650,7.0.0
M1_Z45,45,Rh,M1,200.0,16.00,1.000000,0.370015,0.080599,0.016508,0.009774,0.007189,0.005327,0.004269,0.003322,0.002335,0.001483,0.000886,0.000534,0.000353,0.000271,0.000236,0.000219,7.0.0
M2_Z45,45,Rh,M2,200.0,16.00,1.000000,0.314452,0.070087,0.019408,0.012184,0.008529,0.005843,0.004123,0.002876,0.001880,0.001126,0.000610,0.000292,0.000113,0.000020,-0.000023,-0.000040,7.0.0
M3_Z45,45,Rh,M3,200.0,16.00,1.000000,0.291244,0.058537,0.016221,0.011303,0.007905,0.005212,0.003525,0.002357,0.001467,0.000819,0.000394,0.000145,0.000015,-0.000045,-0.000067,-0.000070,7.0.0
M4_Z45,45,Rh,M4,200.0,16.00,1.000000,0.163572,0.022782,-0.000094,-0.002050,-0.001707,-0.001133,-0.000630,-0.000302,-0.000127,-0.000048,-0.000017,-0.000006,-0.000002,-0.000001,-0.000001,-0.000000,7.0.0
M5_Z45,45,Rh,M5,200.0,16.00,1.000000,0.161004,0.021874,-0.000356,-0.002175,-0.001763,-0.001139,-0.000614,-0.000282,-0.000112,-0.000039,-0.000012,-0.000004,-0.000001,-0.000001,-0.000001,-0.000000,7.0.0
K_Z46,46,Pd,K,200.0,16.00,1.000000,0.988095,0.954031,0.902103,0.837779,0.766351,0.692196,0.618587,0.547794,0.481285,0.419921,0.364123,0.313998,0.269433,0.230167,0.195847,0.166062,7.0.0
L1_Z46,46,Pd,L1,200.0,16.00,1.000000,0.815528,0.558449,0.351766,0.203233,0.107961,0.054211,0.028087,0.017637,0.014574,0.014115,0.013993,0.013425,0.012345,0.010945,0.009444,0.008007,7.0.0
L2_Z46,46,Pd,L2,200.0,16.00,1.000000,0.777305,0.515758,0.328771,0.199715,0.114847,0.062345,0.031839,0.015131,0.006458,0.002161,0.000111,-0.000835,-0.001252,-0.001413,-0.001444,-0.001400,7.0.0
L3_Z46,46,Pd,L3,200.0,16.00,1.000000,0.765364,0.499990,0.312823,0.185161,0.102700,0.052968,0.025043,0.010427,0.003292,0.000049,-0.001311,-0.001817,-0.001956,-0.001937,-0.001846,-0.001717,7.0.0
M1_Z46,46,Pd,M1,200.0,16.00,1.000000,0.384806,0.089210,0.018243,0.010248,0.007695,0.005661,0.004496,0.003563,0.002592,0.001708,0.001051,0.000637,0.000412,0.000303,0.000254,0.000231,7.0.0
M2_Z46,46,Pd,M2,200.0,16.00,1.000000,0.327194,0.076932,0.020872,0.012732,0.009111,0.006299,0.004460,0.003157,0.002123,0.001319,0.000749,0.000382,0.000166,0.000050,-0.000008,-0.000034,7.0.0
M3_Z46,46,Pd,M3,200.0,16.00,1.000000,0.302567,0.064141,0.017108,0.011700,0.008441,0.005626,0.003813,0.002586,0.001658,0.000966,0.000495,0.000207,0.000048,-0.000030,-0.000062,-0.000071,7.0.0
M4_Z46,46,Pd,M4,200.0,16.00,1.000000,0.177007,0.027404,0.000616,-0.002117,-0.001853,-0.001276,-0.000742,-0.000373,-0.000166,-0.000066,-0.000025,-0.000009,-0.000003,-0.000002,-0.000001,-0.000001,7.0.0
M5_Z46,46,Pd,M5,200.0,16.00,1.000000,0.174272,0.026372,0.000306,-0.002262,-0.001924,-0.001290,-0.000727,-0.000351,-0.000148,-0.000055,-0.000018,-0.000006,-0.000002,-0.000001,-0.000001,-0.000001,7.0.0
K_Z47,47,Ag,K,200.0,16.00,1.000000,0.988901,0.957015,0.908061,0.846881,0.778304,0.706450,0.634503,0.564747,0.498716,0.437360,0.381191,0.330402,0.284960,0.244672,0.209240,0.178304,7.0.0
L1_Z47,47,Ag,L1,200.0,16.00,1.000000,0.826707,0.575685,0.369440,0.218215,0.118754,0.060818,0.031462,0.019010,0.014994,0.014272,0.014236,0.013865,0.012961,0.011666,0.010195,0.008730,7.0.0
L2_Z47,47,Ag,L2,200.0,16.00,1.000000,0.791528,0.534706,0.346758,0.214756,0.126250,0.070269,0.036934,0.018191,0.008192,0.003099,0.000603,-0.000583,-0.001127,-0.001358,-0.001430,-0.001415,7.0.0
L3_Z47,47,Ag,L3,200.0,16.00,1.000000,0.779570,0.518357,0.329967,0.199201,0.113044,0.059885,0.029266,0.012791,0.004503,0.000612,-0.001082,-0.001748,-0.001960,-0.001976,-0.001904,-0.001789,7.0.0
M1_Z47,47,Ag,M1,200.0,16.00,1.000000,0.402159,0.098283,0.019876,0.010849,0.008436,0.006136,0.004759,0.003803,0.002856,0.001958,0.001246,0.000769,0.000492,0.000349,0.000281,0.000249,7.0.0
M2_Z47,47,Ag,M2,200.0,16.00,1.000000,0.344121,0.084634,0.022327,0.013386,0.009897,0.006914,0.004880,0.003482,0.002396,0.001540,0.000911,0.000491,0.000233,0.000088,0.000011,-0.000025,7.0.0
M3_Z47,47,Ag,M3,200.0,16.00,1.000000,0.318799,0.070660,0.017936,0.012195,0.009183,0.006199,0.004184,0.002858,0.001877,0.001136,0.000614,0.000281,0.000089,-0.000011,-0.000056,-0.000071,7.0.0
M4_Z47,47,Ag,M4,200.0,16.00,1.000000,0.187788,0.031060,0.000989,-0.002268,-0.001993,-0.001404,-0.000852,-0.000449,-0.000210,-0.000088,-0.000034,-0.000013,-0.000005,-0.000002,-0.000001,-0.000001,7.0.0
M5_Z47,47,Ag,M5,200.0,16.00,1.000000,0.184820,0.029872,0.000629,-0.002428,-0.002077,-0.001427,-0.000839,-0.000426,-0.000189,-0.000074,-0.000026,-0.000008,-0.000003,-0.000001,-0.000001,-0.000001,7.0.0
K_Z48,48,Cd,K,200.0,16.00,1.000000,0.989637,0.959760,0.913590,0.855418,0.789634,0.720098,0.649887,0.581276,0.515847,0.454626,0.398208,0.346868,0.300646,0.259417,0.222940,0.190903,7.0.0
L1_Z48,48,Cd,L1,200.0,16.00,1.000000,0.837366,0.592616,0.387095,0.233486,0.130056,0.067989,0.035306,0.020686,0.015552,0.014447,0.014434,0.014242,0.013527,0.012360,0.010944,0.009471,7.0.0
L2_Z48,48,Cd,L2,200.0,16.00,1.000000,0.804997,0.553273,0.364683,0.229997,0.138031,0.078641,0.042451,0.021593,0.010173,0.004200,0.001195,-0.000270,-0.000964,-0.001278,-0.001399,-0.001415,7.0.0
L3_Z48,48,Cd,L3,200.0,16.00,1.000000,0.793057,0.536352,0.347036,0.213418,0.123731,0.067199,0.033851,0.015432,0.005902,0.001287,-0.000792,-0.001647,-0.001947,-0.002004,-0.001954,-0.001853,7.0.0
M1_Z48,48,Cd,M1,200.0,16.00,1.000000,0.419858,0.108057,0.021737,0.011360,0.009190,0.006694,0.005066,0.004044,0.003116,0.002214,0.001458,0.000921,0.000589,0.000407,0.000315,0.000271,7.0.0
M2_Z48,48,Cd,M2,200.0,16.00,1.000000,0.361410,0.092999,0.023997,0.013973,0.010675,0.007581,0.005343,0.003828,0.002684,0.001777,0.001092,0.000617,0.000314,0.000135,0.000037,-0.000012,7.0.0
M3_Z48,48,Cd,M3,200.0,16.00,1.000000,0.335405,0.077804,0.018905,0.012592,0.009917,0.006824,0.004596,0.003148,0.002108,0.001319,0.000747,0.000368,0.000139,0.000015,-0.000046,-0.000070,7.0.0
M4_Z48,48,Cd,M4,200.0,16.00,1.000000,0.199241,0.035165,0.001502,-0.002428,-0.002148,-0.001538,-0.000967,-0.000533,-0.000261,-0.000115,-0.000047,-0.000018,-0.000007,-0.000003,-0.000002,-0.000001,7.0.0
M5_Z48,48,Cd,M5,200.0,16.00,1.000000,0.196030,0.033808,0.001081,-0.002606,-0.002244,-0.001571,-0.000958,-0.000510,-0.000238,-0.000098,-0.000036,-0.000012,-0.000004,-0.000002,-0.000001,-0.000001,7.0.0
K_Z49,49,In,K,200.0,16.00,1.000000,0.990311,0.962284,0.918720,0.863416,0.800355,0.733141,0.664723,0.597353,0.532642,0.471679,0.415132,0.363352,0.316451,0.274366,0.236914,0.203830,7.0.0
L1_Z49,49,In,L1,200.0,16.00,1.000000,0.847449,0.609182,0.404692,0.249008,0.141835,0.075707,0.039624,0.022681,0.016268,0.014656,0.014593,0.014556,0.014035,0.013019,0.011684,0.010225,7.0.0
L2_Z49,49,In,L2,200.0,16.00,1.000000,0.817677,0.571433,0.382544,0.245438,0.150193,0.087466,0.048401,0.025352,0.012418,0.005480,0.001901,0.000112,-0.000759,-0.001169,-0.001347,-0.001400,7.0.0
L3_Z49,49,In,L3,200.0,16.00,1.000000,0.805792,0.553966,0.364044,0.227824,0.134768,0.074920,0.038810,0.018368,0.007504,0.002089,-0.000431,-0.001510,-0.001915,-0.002021,-0.001996,-0.001910,7.0.0
M1_Z49,49,In,M1,200.0,16.00,1.000000,0.437857,0.118473,0.023817,0.011771,0.009942,0.007340,0.005431,0.004294,0.003370,0.002474,0.001685,0.001092,0.000703,0.000478,0.000358,0.000298,7.0.0
M2_Z49,49,In,M2,200.0,16.00,1.000000,0.379013,0.101981,0.025885,0.014489,0.011434,0.008299,0.005855,0.004199,0.002986,0.002028,0.001289,0.000759,0.000409,0.000194,0.000071,0.000006,7.0.0
M3_Z49,49,In,M3,200.0,16.00,1.000000,0.352398,0.085556,0.020022,0.012885,0.010629,0.007503,0.005056,0.003462,0.002350,0.001513,0.000893,0.000467,0.000200,0.000047,-0.000031,-0.000066,7.0.0
M4_Z49,49,In,M4,200.0,16.00,1.000000,0.210787,0.039559,0.002132,-0.002598,-0.002317,-0.001674,-0.001085,-0.000623,-0.000319,-0.000148,-0.000063,-0.000025,-0.000010,-0.000004,-0.000002,-0.000001,7.0.0
M5_Z49,49,In,M5,200.0,16.00,1.000000,0.207321,0.038017,0.001639,-0.002795,-0.002426,-0.001717,-0.001082,-0.000600,-0.000294,-0.000128,-0.000049,-0.000017,-0.000006,-0.000002,-0.000001,-0.000001,7.0.0
K_Z50,50,Sn,K,200.0,16.00,1.000000,0.990927,0.964606,0.923475,0.870897,0.810482,0.745575,0.678995,0.612947,0.549060,0.488471,0.431913,0.379804,0.332324,0.289471,0.251119,0.217047,7.0.0
L1_Z50,50,Sn,L1,200.0,16.00,1.000000,0.856878,0.625220,0.422066,0.264646,0.154001,0.083937,0.044423,0.025031,0.017183,0.014931,0.014734,0.014812,0.014481,0.013632,0.012401,0.010980,7.0.0
L2_Z50,50,Sn,L2,200.0,16.00,1.000000,0.829471,0.588985,0.400144,0.260915,0.162610,0.096665,0.054747,0.029459,0.014932,0.006950,0.002731,0.000572,-0.000505,-0.001029,-0.001272,-0.001366,7.0.0
L3_Z50,50,Sn,L3,200.0,16.00,1.000000,0.817657,0.570980,0.380781,0.242245,0.146030,0.082970,0.044106,0.021587,0.009313,0.003026,0.000010,-0.001328,-0.001860,-0.002025,-0.002028,-0.001959,7.0.0
M1_Z50,50,Sn,M1,200.0,16.00,1.000000,0.455593,0.129474,0.026243,0.012089,0.010633,0.008042,0.005855,0.004560,0.003618,0.002731,0.001921,0.001279,0.000835,0.000563,0.000411,0.000331,7.0.0
M2_Z50,50,Sn,M2,200.0,16.00,1.000000,0.396373,0.111500,0.028078,0.014948,0.012133,0.009040,0.006409,0.004596,0.003301,0.002291,0.001501,0.000918,0.000518,0.000264,0.000113,0.000030,7.0.0
M3_Z50,50,Sn,M3,200.0,16.00,1.000000,0.369130,0.093818,0.021370,0.013075,0.011274,0.008206,0.005557,0.003799,0.002604,0.001716,0.001050,0.000578,0.000272,0.000088,-0.000011,-0.000058,7.0.0
M4_Z50,50,Sn,M4,200.0,16.00,1.000000,0.222458,0.044307,0.002943,-0.002755,-0.002502,-0.001815,-0.001205,-0.000719,-0.000384,-0.000186,-0.000082,-0.000034,-0.000014,-0.000006,-0.000003,-0.000002,7.0.0
M5_Z50,50,Sn,M5,200.0,16.00,1.000000,0.218731,0.042571,0.002367,-0.002974,-0.002623,-0.001869,-0.001209,-0.000697,-0.000357,-0.000163,-0.000066,-0.000024,-0.000008,-0.000003,-0.000001,-0.000001,7.0.0
L1_Z51,51,Sb,L1,200.0,16.00,1.000000,0.865696,0.640739,0.439203,0.280366,0.166520,0.092657,0.049706,0.027755,0.018324,0.015300,0.014875,0.015020,0.014866,0.014194,0.013088,0.011726,7.0.0
L2_Z51,51,Sb,L2,200.0,16.00,1.000000,0.840461,0.605972,0.417502,0.276423,0.175270,0.106229,0.061485,0.033920,0.017729,0.008625,0.003700,0.001121,-0.000196,-0.000854,-0.001172,-0.001313,7.0.0
L3_Z51,51,Sb,L3,200.0,16.00,1.000000,0.828734,0.587442,0.397269,0.256680,0.157505,0.091339,0.049739,0.025097,0.011341,0.004109,0.000541,-0.001097,-0.001779,-0.002015,-0.002051,-0.002000,7.0.0
M1_Z51,51,Sb,M1,200.0,16.00,1.000000,0.473064,0.141019,0.029068,0.012346,0.011239,0.008782,0.006342,0.004852,0.003863,0.002983,0.002163,0.001480,0.000983,0.000662,0.000474,0.000371,7.0.0
M2_Z51,51,Sb,M2,200.0,16.00,1.000000,0.413539,0.121532,0.030623,0.015377,0.012761,0.009793,0.007005,0.005023,0.003631,0.002567,0.001727,0.001092,0.000643,0.000347,0.000165,0.000060,7.0.0
M3_Z51,51,Sb,M3,200.0,16.00,1.000000,0.385662,0.102574,0.022996,0.013186,0.011839,0.008923,0.006100,0.004164,0.002870,0.001927,0.001217,0.000701,0.000353,0.000138,0.000016,-0.000047,7.0.0
M4_Z51,51,Sb,M4,200.0,16.00,1.000000,0.234254,0.049387,0.003946,-0.002889,-0.002702,-0.001962,-0.001329,-0.000820,-0.000456,-0.000230,-0.000106,-0.000046,-0.000019,-0.000008,-0.000004,-0.000002,7.0.0
M5_Z51,51,Sb,M5,200.0,16.00,1.000000,0.230261,0.047446,0.003276,-0.003135,-0.002835,-0.002029,-0.001340,-0.000800,-0.000427,-0.000204,-0.000087,-0.000033,-0.000011,-0.000004,-0.000002,-0.000001,7.0.0
L1_Z52,52,Te,L1,200.0,16.00,1.000000,0.873930,0.655732,0.456077,0.296129,0.179348,0.101841,0.055467,0.030868,0.019718,0.015788,0.015035,0.015189,0.015191,0.014701,0.013737,0.012458,7.0.0
L2_Z52,52,Te,L2,200.0,16.00,1.000000,0.850695,0.622402,0.434609,0.291944,0.188149,0.116137,0.068607,0.038739,0.020819,0.010518,0.004819,0.001768,0.000177,-0.000637,-0.001045,-0.001239,7.0.0
L3_Z52,52,Te,L3,200.0,16.00,1.000000,0.839072,0.603362,0.413501,0.271110,0.169171,0.100010,0.055699,0.028900,0.013597,0.005351,0.001171,-0.000808,-0.001666,-0.001987,-0.002064,-0.002033,7.0.0
M1_Z52,52,Te,M1,200.0,16.00,1.000000,0.490231,0.153052,0.032332,0.012576,0.011742,0.009539,0.006894,0.005178,0.004111,0.003231,0.002407,0.001693,0.001148,0.000777,0.000549,0.000419,7.0.0
M2_Z52,52,Te,M2,200.0,16.00,1.000000,0.430484,0.132035,0.033553,0.015810,0.013312,0.010543,0.007640,0.005483,0.003981,0.002854,0.001966,0.001281,0.000783,0.000444,0.000228,0.000098,7.0.0
M3_Z52,52,Te,M3,200.0,16.00,1.000000,0.401971,0.111782,0.024934,0.013244,0.012313,0.009641,0.006683,0.004559,0.003152,0.002148,0.001393,0.000834,0.000446,0.000197,0.000049,-0.000031,7.0.0
M4_Z52,52,Te,M4,200.0,16.00,1.000000,0.246125,0.054767,0.005150,-0.002988,-0.002916,-0.002119,-0.001455,-0.000924,-0.000533,-0.000280,-0.000135,-0.000060,-0.000026,-0.000011,-0.000005,-0.000002,7.0.0
M5_Z52,52,Te,M5,200.0,16.00,1.000000,0.241858,0.052611,0.004373,-0.003266,-0.003063,-0.002197,-0.001475,-0.000908,-0.000503,-0.000250,-0.000112,-0.000045,-0.000016,-0.000005,-0.000002,-0.000001,7.0.0
L1_Z53,53,I,L1,200.0,16.00,1.000000,0.881612,0.670199,0.472670,0.311901,0.192450,0.111461,0.061701,0.034382,0.021389,0.016422,0.015237,0.015333,0.015462,0.015151,0.014344,0.013167,7.0.0
L2_Z53,53,I,L2,200.0,16.00,1.000000,0.860222,0.638281,0.451456,0.307458,0.201223,0.126368,0.076103,0.043914,0.024209,0.012641,0.006102,0.002526,0.000621,-0.000375,-0.000887,-0.001143,7.0.0
L3_Z53,53,I,L3,200.0,16.00,1.000000,0.848718,0.618751,0.429470,0.285516,0.181003,0.108964,0.061979,0.032997,0.016087,0.006760,0.001909,-0.000455,-0.001518,-0.001941,-0.002066,-0.002058,7.0.0
M1_Z53,53,I,M1,200.0,16.00,1.000000,0.507073,0.165524,0.036070,0.012820,0.012131,0.010292,0.007505,0.005547,0.004368,0.003474,0.002651,0.001915,0.001327,0.000908,0.000637,0.000477,7.0.0
M2_Z53,53,I,M2,200.0,16.00,1.000000,0.447195,0.142966,0.036894,0.016281,0.013782,0.011277,0.008309,0.005979,0.004351,0.003155,0.002218,0.001484,0.000937,0.000554,0.000302,0.000145,7.0.0
M3_Z53,53,I,M3,200.0,16.00,1.000000,0.418049,0.121406,0.027214,0.013279,0.012688,0.010344,0.007303,0.004990,0.003452,0.002379,0.001578,0.000978,0.000549,0.000265,0.000089,-0.000009,7.0.0
M4_Z53,53,I,M4,200.0,16.00,1.000000,0.258052,0.060426,0.006562,-0.003041,-0.003144,-0.002285,-0.001584,-0.001032,-0.000616,-0.000336,-0.000168,-0.000078,-0.000034,-0.000015,-0.000006,-0.000003,7.0.0
M5_Z53,53,I,M5,200.0,16.00,1.000000,0.253504,0.058044,0.005667,-0.003358,-0.003304,-0.002376,-0.001615,-0.001020,-0.000586,-0.000304,-0.000142,-0.000060,-0.000023,-0.000008,-0.000003,-0.000001,7.0.0
L1_Z54,54,Xe,L1,200.0,16.00,1.000000,0.888776,0.684143,0.488963,0.327649,0.205787,0.121490,0.068395,0.038306,0.023356,0.017227,0.015502,0.015468,0.015686,0.015544,0.014903,0.013846,7.0.0
L2_Z54,54,Xe,L2,200.0,16.00,1.000000,0.869089,0.653616,0.468034,0.322944,0.214466,0.136903,0.083960,0.049445,0.027907,0.015006,0.007562,0.003404,0.001144,-0.000061,-0.000695,-0.001023,7.0.0
L3_Z54,54,Xe,L3,200.0,16.00,1.000000,0.857717,0.633615,0.445169,0.299879,0.192978,0.118180,0.068565,0.037385,0.018817,0.008345,0.002765,-0.000030,-0.001330,-0.001873,-0.002055,-0.002075,7.0.0
M1_Z54,54,Xe,M1,200.0,16.00,1.000000,0.523570,0.178381,0.040304,0.013123,0.012401,0.011016,0.008168,0.005965,0.004641,0.003715,0.002894,0.002143,0.001518,0.001053,0.000739,0.000545,7.0.0
M2_Z54,54,Xe,M2,200.0,16.00,1.000000,0.463657,0.154284,0.040666,0.016825,0.014174,0.011981,0.009006,0.006512,0.004746,0.003469,0.002481,0.001701,0.001107,0.000678,0.000388,0.000202,7.0.0
M3_Z54,54,Xe,M3,200.0,16.00,1.000000,0.433881,0.131404,0.029857,0.013321,0.012961,0.011017,0.007953,0.005456,0.003774,0.002622,0.001772,0.001130,0.000663,0.000342,0.000138,0.000018,7.0.0
M4_Z54,54,Xe,M4,200.0,16.00,1.000000,0.270021,0.066344,0.008188,-0.003035,-0.003381,-0.002464,-0.001718,-0.001142,-0.000703,-0.000397,-0.000206,-0.000100,-0.000045,-0.000020,-0.000009,-0.000004,7.0.0
M5_Z54,54,Xe,M5,200.0,16.00,1.000000,0.265187,0.063727,0.007163,-0.003397,-0.003557,-0.002567,-0.001759,-0.001137,-0.000674,-0.000363,-0.000177,-0.000078,-0.000031,-0.000011,-0.000004,-0.000001,7.0.0
L1_Z55,55,Cs,L1,200.0,16.00,1.000000,0.895622,0.697901,0.505312,0.343664,0.219556,0.132038,0.075602,0.042657,0.025623,0.018198,0.015825,0.015589,0.015860,0.015880,0.015414,0.014498,7.0.0
L2_Z55,55,Cs,L2,200.0,16.00,1.000000,0.877567,0.668834,0.484788,0.338788,0.228178,0.147954,0.092326,0.055430,0.031978,0.017656,0.009225,0.004421,0.001758,0.000311,-0.000464,-0.000876,7.0.0
L3_Z55,55,Cs,L3,200.0,16.00,1.000000,0.866369,0.648423,0.461068,0.314596,0.205392,0.127863,0.075593,0.042148,0.021838,0.010137,0.003755,0.000475,-0.001097,-0.001782,-0.002034,-0.002086,7.0.0
M1_Z55,55,Cs,M1,200.0,16.00,1.000000,0.541108,0.192258,0.045045,0.013456,0.012623,0.011812,0.008965,0.006485,0.004961,0.003969,0.003143,0.002384,0.001729,0.001219,0.000861,0.000628,7.0.0
M2_Z55,55,Cs,M2,200.0,16.00,1.000000,0.481369,0.166620,0.044858,0.017358,0.014483,0.012697,0.009780,0.007123,0.005195,0.003818,0.002768,0.001939,0.001296,0.000821,0.000489,0.000270,7.0.0
M3_Z55,55,Cs,M3,200.0,16.00,1.000000,0.451119,0.142416,0.032830,0.013283,0.013134,0.011708,0.008684,0.005998,0.004144,0.002891,0.001983,0.001298,0.000789,0.000431,0.000196,0.000052,7.0.0
M4_Z55,55,Cs,M4,200.0,16.00,1.000000,0.283696,0.073177,0.010122,-0.003012,-0.003671,-0.002681,-0.001871,-0.001265,-0.000800,-0.000467,-0.000252,-0.000126,-0.000059,-0.000027,-0.000012,-0.000005,7.0.0
M5_Z55,55,Cs,M5,200.0,16.00,1.000000,0.278328,0.070190,0.008915,-0.003432,-0.003861,-0.002793,-0.001921,-0.001265,-0.000773,-0.000431,-0.000218,-0.000100,-0.000042,-0.000015,-0.000005,-0.000002,7.0.0
L1_Z56,56,Ba,L1,200.0,16.00,1.000000,0.902018,0.711206,0.521445,0.359725,0.233606,0.143026,0.083306,0.047469,0.028250,0.019407,0.016271,0.015745,0.016014,0.016172,0.015881,0.015117,7.0.0
L2_Z56,56,Ba,L2,200.0,16.00,1.000000,0.885527,0.683683,0.501466,0.354773,0.242184,0.159392,0.101111,0.061816,0.036398,0.020585,0.011097,0.005585,0.002471,0.000749,-0.000191,-0.000701,7.0.0
L3_Z56,56,Ba,L3,200.0,16.00,1.000000,0.874535,0.662927,0.476937,0.329472,0.218091,0.137899,0.082986,0.047245,0.025132,0.012132,0.004884,0.001066,-0.000815,-0.001666,-0.002000,-0.002091,7.0.0
M1_Z56,56,Ba,M1,200.0,16.00,1.000000,0.558271,0.208230,0.051671,0.014795,0.013472,0.013174,0.010256,0.007356,0.005488,0.004334,0.003455,0.002670,0.001978,0.001420,0.001011,0.000736,7.0.0
M2_Z56,56,Ba,M2,200.0,16.00,1.000000,0.501374,0.182149,0.050114,0.017675,0.014463,0.013356,0.010697,0.007932,0.005820,0.004304,0.003160,0.002257,0.001546,0.001009,0.000623,0.000361,7.0.0
M3_Z56,56,Ba,M3,200.0,16.00,1.000000,0.470316,0.156179,0.036427,0.012805,0.012936,0.012361,0.009567,0.006727,0.004667,0.003271,0.002273,0.001522,0.000956,0.000548,0.000272,0.000096,7.0.0
M4_Z56,56,Ba,M4,200.0,16.00,1.000000,0.326031,0.094479,0.016593,-0.002265,-0.004194,-0.003235,-0.002292,-0.001577,-0.001025,-0.000617,-0.000344,-0.000178,-0.000087,-0.000040,-0.000018,-0.000008,7.0.0
M5_Z56,56,Ba,M5,200.0,16.00,1.000000,0.320497,0.091037,0.015030,-0.002856,-0.004459,-0.003389,-0.002370,-0.001592,-0.000999,-0.000576,-0.000303,-0.000145,-0.000062,-0.000024,-0.000008,-0.000002,7.0.0
L1_Z57,57,La,L1,200.0,16.00,1.000000,0.907874,0.723768,0.536974,0.375451,0.247624,0.154237,0.091381,0.052684,0.031225,0.020862,0.016854,0.015946,0.016151,0.016413,0.016287,0.015681,7.0.0
L2_Z57,57,La,L2,200.0,16.00,1.000000,0.892774,0.697676,0.517496,0.370375,0.256064,0.170915,0.110120,0.068490,0.041109,0.023772,0.013176,0.006905,0.003295,0.001262,0.000134,-0.000488,7.0.0
L3_Z57,57,La,L3,200.0,16.00,1.000000,0.881968,0.676566,0.492136,0.343938,0.230638,0.147988,0.090561,0.052575,0.028655,0.014321,0.006158,0.001758,-0.000470,-0.001512,-0.001944,-0.002082,7.0.0
M1_Z57,57,La,M1,200.0,16.00,1.000000,0.574188,0.222969,0.058077,0.015825,0.013710,0.014018,0.011283,0.008130,0.005970,0.004659,0.003730,0.002930,0.002216,0.001621,0.001167,0.000849,7.0.0
M2_Z57,57,La,M2,200.0,16.00,1.000000,0.518634,0.196061,0.055744,0.018499,0.014492,0.013868,0.011482,0.008658,0.006386,0.004741,0.003514,0.002551,0.001786,0.001196,0.000763,0.000460,7.0.0
M3_Z57,57,La,M3,200.0,16.00,1.000000,0.486938,0.168607,0.040553,0.012808,0.012728,0.012847,0.010328,0.007388,0.005145,0.003614,0.002535,0.001729,0.001118,0.000668,0.000354,0.000148,7.0.0
M4_Z57,57,La,M4,200.0,16.00,1.000000,0.349673,0.107868,0.021356,-0.001502,-0.004494,-0.003603,-0.002574,-0.001793,-0.001191,-0.000739,-0.000425,-0.000228,-0.000114,-0.000054,-0.000025,-0.000011,7.0.0
M5_Z57,57,La,M5,200.0,16.00,1.000000,0.344092,0.104182,0.019558,-0.002220,-0.004814,-0.003789,-0.002676,-0.001823,-0.001172,-0.000696,-0.000379,-0.000188,-0.000085,-0.000034,-0.000012,-0.000004,7.0.0
L1_Z58,58,Ce,L1,200.0,16.00,1.000000,0.913098,0.735317,0.551556,0.390507,0.261334,0.165474,0.099718,0.058269,0.034570,0.022617,0.017637,0.016249,0.016312,0.016628,0.016642,0.016188,7.0.0
L2_Z58,58,Ce,L2,200.0,16.00,1.000000,0.899206,0.710506,0.532492,0.385213,0.269483,0.182254,0.119152,0.075316,0.046030,0.027174,0.015446,0.008378,0.004234,0.001859,0.000518,-0.000235,7.0.0
L3_Z58,58,Ce,L3,200.0,16.00,1.000000,0.888528,0.688979,0.506234,0.357583,0.242680,0.157856,0.098122,0.058015,0.032339,0.016670,0.007568,0.002552,-0.000054,-0.001312,-0.001860,-0.002056,7.0.0
M1_Z58,58,Ce,M1,200.0,16.00,1.000000,0.587281,0.236144,0.064677,0.017143,0.013696,0.014428,0.012013,0.008773,0.006403,0.004954,0.003976,0.003165,0.002438,0.001814,0.001322,0.000965,7.0.0
M2_Z58,58,Ce,M2,200.0,16.00,1.000000,0.532359,0.208193,0.061659,0.019892,0.014639,0.014234,0.012110,0.009287,0.006898,0.005142,0.003841,0.002827,0.002018,0.001384,0.000908,0.000567,7.0.0
M3_Z58,58,Ce,M3,200.0,16.00,1.000000,0.499688,0.179206,0.045003,0.013336,0.012570,0.013152,0.010926,0.007959,0.005576,0.003926,0.002774,0.001922,0.001273,0.000787,0.000440,0.000207,7.0.0
M4_Z58,58,Ce,M4,200.0,16.00,1.000000,0.363749,0.116850,0.025198,-0.000614,-0.004596,-0.003849,-0.002777,-0.001955,-0.001323,-0.000842,-0.000499,-0.000276,-0.000143,-0.000070,-0.000033,-0.000015,7.0.0
M5_Z58,58,Ce,M5,200.0,16.00,1.000000,0.357841,0.112859,0.023178,-0.001446,-0.004963,-0.004058,-0.002897,-0.001998,-0.001311,-0.000800,-0.000450,-0.000231,-0.000108,-0.000046,-0.000017,-0.000005,7.0.0
L1_Z59,59,Pr,L1,200.0,16.00,1.000000,0.917856,0.746107,0.565409,0.405033,0.274796,0.176745,0.108298,0.064204,0.038276,0.024677,0.018636,0.016678,0.016522,0.016838,0.016961,0.016649,7.0.0
L2_Z59,59,Pr,L2,200.0,16.00,1.000000,0.905054,0.722505,0.546746,0.399496,0.282574,0.193479,0.128243,0.082310,0.051168,0.030798,0.017915,0.010013,0.005298,0.002547,0.000967,0.000066,7.0.0
L3_Z59,59,Pr,L3,200.0,16.00,1.000000,0.894475,0.700517,0.519528,0.370610,0.254338,0.167562,0.105693,0.063571,0.036184,0.019183,0.009119,0.003453,0.000437,-0.001063,-0.001745,-0.002009,7.0.0
M1_Z59,59,Pr,M1,200.0,16.00,1.000000,0.598519,0.247968,0.071336,0.018770,0.013549,0.014454,0.012421,0.009240,0.006757,0.005208,0.004191,0.003375,0.002642,0.001999,0.001475,0.001083,7.0.0
M2_Z59,59,Pr,M2,200.0,16.00,1.000000,0.543661,0.218709,0.067663,0.021833,0.015015,0.014543,0.012613,0.009824,0.007353,0.005505,0.004140,0.003083,0.002238,0.001568,0.001055,0.000679,7.0.0
M3_Z59,59,Pr,M3,200.0,16.00,1.000000,0.509756,0.188113,0.049580,0.014390,0.012579,0.013358,0.011386,0.008438,0.005955,0.004206,0.002989,0.002098,0.001418,0.000904,0.000529,0.000270,7.0.0
M4_Z59,59,Pr,M4,200.0,16.00,1.000000,0.369762,0.121344,0.027740,0.000213,-0.004538,-0.003968,-0.002895,-0.002056,-0.001414,-0.000920,-0.000560,-0.000319,-0.000171,-0.000086,-0.000041,-0.000019,7.0.0
M5_Z59,59,Pr,M5,200.0,16.00,1.000000,0.363156,0.116916,0.025490,-0.000718,-0.004940,-0.004190,-0.003025,-0.002109,-0.001408,-0.000880,-0.000509,-0.000271,-0.000132,-0.000058,-0.000023,-0.000007,7.0.0
L1_Z60,60,Nd,L1,200.0,16.00,1.000000,0.922407,0.756737,0.579298,0.419761,0.288583,0.188419,0.117306,0.070540,0.042313,0.026975,0.019780,0.017171,0.016739,0.017020,0.017239,0.017071,7.0.0
L2_Z60,60,Nd,L2,200.0,16.00,1.000000,0.910644,0.734386,0.561148,0.414101,0.296081,0.205165,0.137797,0.089738,0.056690,0.034741,0.020635,0.011837,0.006498,0.003329,0.001480,0.000410,7.0.0
L3_Z60,60,Nd,L3,200.0,16.00,1.000000,0.900205,0.712034,0.533046,0.383997,0.266416,0.177701,0.113675,0.069490,0.040330,0.021929,0.010838,0.004468,0.001000,-0.000773,-0.001607,-0.001952,7.0.0
M1_Z60,60,Nd,M1,200.0,16.00,1.000000,0.611028,0.261167,0.078681,0.020668,0.013587,0.014705,0.013073,0.009915,0.007252,0.005540,0.004446,0.003608,0.002868,0.002206,0.001652,0.001223,7.0.0
M2_Z60,60,Nd,M2,200.0,16.00,1.000000,0.556911,0.230952,0.074252,0.023753,0.015272,0.014828,0.013186,0.010467,0.007908,0.005945,0.004495,0.003381,0.002492,0.001780,0.001226,0.000811,7.0.0
M3_Z60,60,Nd,M3,200.0,16.00,1.000000,0.522030,0.198760,0.054584,0.015290,0.012419,0.013540,0.011927,0.009028,0.006429,0.004553,0.003249,0.002304,0.001586,0.001038,0.000631,0.000343,7.0.0
M4_Z60,60,Nd,M4,200.0,16.00,1.000000,0.383384,0.130338,0.031921,0.001384,-0.004530,-0.004197,-0.003103,-0.002222,-0.001551,-0.001030,-0.000644,-0.000377,-0.000208,-0.000108,-0.000053,-0.000025,7.0.0
M5_Z60,60,Nd,M5,200.0,16.00,1.000000,0.376379,0.125547,0.029409,0.000313,-0.004990,-0.004447,-0.003253,-0.002290,-0.001553,-0.000993,-0.000591,-0.000325,-0.000164,-0.000075,-0.000031,-0.000011,7.0.0
L1_Z61,61,Pm,L1,200.0,16.00,1.000000,0.926652,0.766920,0.592831,0.434301,0.302378,0.200279,0.126626,0.077241,0.046702,0.029564,0.021131,0.017785,0.017005,0.017202,0.017487,0.017451,7.0.0
L2_Z61,61,Pm,L2,200.0,16.00,1.000000,0.915851,0.745797,0.575235,0.428566,0.309606,0.216998,0.147591,0.097456,0.062509,0.038960,0.023591,0.013851,0.007842,0.004218,0.002069,0.000807,7.0.0
L3_Z61,61,Pm,L3,200.0,16.00,1.000000,0.905556,0.723105,0.546258,0.397234,0.278487,0.187950,0.121848,0.075638,0.044705,0.024877,0.012720,0.005604,0.001646,-0.000429,-0.001438,-0.001877,7.0.0
M1_Z61,61,Pm,M1,200.0,16.00,1.000000,0.623216,0.274354,0.086395,0.022884,0.013677,0.014877,0.013674,0.010601,0.007781,0.005898,0.004711,0.003843,0.003094,0.002419,0.001838,0.001374,7.0.0
M2_Z61,61,Pm,M2,200.0,16.00,1.000000,0.569884,0.243239,0.081189,0.025965,0.015604,0.015072,0.013720,0.011109,0.008484,0.006408,0.004867,0.003692,0.002757,0.002004,0.001409,0.000955,7.0.0
M3_Z61,61,Pm,M3,200.0,16.00,1.000000,0.534025,0.209422,0.059878,0.016398,0.012270,0.013654,0.012427,0.009620,0.006925,0.004920,0.003523,0.002519,0.001761,0.001179,0.000741,0.000424,7.0.0
M4_Z61,61,Pm,M4,200.0,16.00,1.000000,0.396744,0.139383,0.036322,0.002732,-0.004448,-0.004414,-0.003316,-0.002392,-0.001690,-0.001145,-0.000732,-0.000441,-0.000250,-0.000134,-0.000068,-0.000033,7.0.0
M5_Z61,61,Pm,M5,200.0,16.00,1.000000,0.389316,0.134206,0.033529,0.001507,-0.004975,-0.004694,-0.003485,-0.002476,-0.001703,-0.001112,-0.000679,-0.000384,-0.000201,-0.000096,-0.000041,-0.000015,7.0.0
L1_Z62,62,Sm,L1,200.0,16.00,1.000000,0.930615,0.776668,0.606005,0.448639,0.316154,0.212294,0.136229,0.084290,0.051437,0.032449,0.022700,0.018535,0.017336,0.017393,0.017711,0.017792,7.0.0
L2_Z62,62,Sm,L2,200.0,16.00,1.000000,0.920705,0.756748,0.589004,0.442881,0.323135,0.228964,0.157611,0.105453,0.068622,0.043457,0.026788,0.016063,0.009340,0.005221,0.002741,0.001264,7.0.0
L3_Z62,62,Sm,L3,200.0,16.00,1.000000,0.910555,0.733744,0.559167,0.410314,0.290539,0.198296,0.130199,0.082006,0.049304,0.028028,0.014768,0.006865,0.002380,-0.000028,-0.001234,-0.001781,7.0.0
M1_Z62,62,Sm,M1,200.0,16.00,1.000000,0.635089,0.287509,0.094449,0.025426,0.013844,0.014979,0.014217,0.011287,0.008341,0.006285,0.004989,0.004080,0.003321,0.002635,0.002032,0.001537,7.0.0
M2_Z62,62,Sm,M2,200.0,16.00,1.000000,0.582589,0.255555,0.088454,0.028477,0.016032,0.015286,0.014214,0.011745,0.009077,0.006894,0.005257,0.004016,0.003034,0.002240,0.001605,0.001112,7.0.0
M3_Z62,62,Sm,M3,200.0,16.00,1.000000,0.545753,0.220086,0.065441,0.017723,0.012148,0.013705,0.012880,0.010209,0.007441,0.005309,0.003811,0.002743,0.001943,0.001328,0.000858,0.000513,7.0.0
M4_Z62,62,Sm,M4,200.0,16.00,1.000000,0.409855,0.148464,0.040927,0.004258,-0.004286,-0.004614,-0.003531,-0.002565,-0.001832,-0.001262,-0.000826,-0.000510,-0.000297,-0.000163,-0.000086,-0.000043,7.0.0
M5_Z62,62,Sm,M5,200.0,16.00,1.000000,0.401979,0.142876,0.037834,0.002863,-0.004888,-0.004928,-0.003721,-0.002666,-0.001857,-0.001236,-0.000772,-0.000450,-0.000242,-0.000120,-0.000054,-0.000021,7.0.0
L1_Z63,63,Eu,L1,200.0,16.00,1.000000,0.934317,0.785996,0.618825,0.462769,0.329898,0.224447,0.146101,0.091677,0.056518,0.035638,0.024502,0.019439,0.017746,0.017608,0.017920,0.018099,7.0.0
L2_Z63,63,Eu,L2,200.0,16.00,1.000000,0.925231,0.767253,0.602455,0.457038,0.336654,0.241046,0.167843,0.113719,0.075023,0.048231,0.030233,0.018480,0.011000,0.006346,0.003502,0.001785,7.0.0
L3_Z63,63,Eu,L3,200.0,16.00,1.000000,0.915228,0.743963,0.571772,0.423231,0.302559,0.208724,0.138714,0.088582,0.054121,0.031382,0.016986,0.008258,0.003208,0.000436,-0.000989,-0.001662,7.0.0
M1_Z63,63,Eu,M1,200.0,16.00,1.000000,0.646665,0.300627,0.102827,0.028305,0.014113,0.015024,0.014695,0.011964,0.008930,0.006702,0.005283,0.004321,0.003547,0.002853,0.002233,0.001709,7.0.0
M2_Z63,63,Eu,M2,200.0,16.00,1.000000,0.595031,0.267885,0.096027,0.031294,0.016577,0.015480,0.014667,0.012369,0.009686,0.007402,0.005667,0.004354,0.003322,0.002487,0.001814,0.001282,7.0.0
M3_Z63,63,Eu,M3,200.0,16.00,1.000000,0.557226,0.230738,0.071256,0.019271,0.012071,0.013700,0.013284,0.010788,0.007973,0.005719,0.004115,0.002976,0.002132,0.001482,0.000983,0.000609,7.0.0
M4_Z63,63,Eu,M4,200.0,16.00,1.000000,0.422721,0.157568,0.045723,0.005961,-0.004036,-0.004792,-0.003747,-0.002743,-0.001976,-0.001383,-0.000923,-0.000584,-0.000349,-0.000197,-0.000106,-0.000054,7.0.0
M5_Z63,63,Eu,M5,200.0,16.00,1.000000,0.414368,0.151541,0.042305,0.004378,-0.004725,-0.005143,-0.003960,-0.002861,-0.002015,-0.001363,-0.000871,-0.000521,-0.000289,-0.000148,-0.000069,-0.000028,7.0.0
L1_Z64,64,Gd,L1,200.0,16.00,1.000000,0.937849,0.795125,0.631589,0.477002,0.343880,0.236938,0.156368,0.099467,0.061967,0.039127,0.026521,0.020477,0.018220,0.017833,0.018108,0.018368,7.0.0
L2_Z64,64,Gd,L2,200.0,16.00,1.000000,0.929540,0.777557,0.615915,0.471384,0.350482,0.253510,0.178490,0.122400,0.081814,0.053349,0.033967,0.021128,0.012838,0.007604,0.004360,0.002374,7.0.0
L3_Z64,64,Gd,L3,200.0,16.00,1.000000,0.919714,0.754074,0.584477,0.436397,0.314914,0.219523,0.147605,0.095511,0.059249,0.034990,0.019402,0.009795,0.004135,0.000964,-0.000709,-0.001523,7.0.0
M1_Z64,64,Gd,M1,200.0,16.00,1.000000,0.659061,0.315035,0.112112,0.031619,0.014584,0.015248,0.015404,0.012889,0.009728,0.007263,0.005663,0.004610,0.003803,0.003095,0.002457,0.001906,7.0.0
M2_Z64,64,Gd,M2,200.0,16.00,1.000000,0.608962,0.282029,0.104567,0.034327,0.017019,0.015562,0.015106,0.013063,0.010397,0.008009,0.006155,0.004752,0.003657,0.002773,0.002054,0.001480,7.0.0
M3_Z64,64,Gd,M3,200.0,16.00,1.000000,0.570424,0.243257,0.077878,0.020838,0.011777,0.013555,0.013685,0.011452,0.008612,0.006222,0.004486,0.003257,0.002353,0.001662,0.001127,0.000720,7.0.0
M4_Z64,64,Gd,M4,200.0,16.00,1.000000,0.443241,0.172188,0.053134,0.008541,-0.003647,-0.005052,-0.004074,-0.003011,-0.002188,-0.001553,-0.001057,-0.000683,-0.000419,-0.000243,-0.000134,-0.000071,7.0.0
M5_Z64,64,Gd,M5,200.0,16.00,1.000000,0.435080,0.166053,0.049463,0.006745,-0.004460,-0.005469,-0.004330,-0.003162,-0.002251,-0.001547,-0.001009,-0.000618,-0.000353,-0.000187,-0.000090,-0.000039,7.0.0
L1_Z65,65,Tb,L1,200.0,16.00,1.000000,0.941012,0.803454,0.643410,0.490373,0.357223,0.249079,0.166564,0.107405,0.067693,0.042940,0.028846,0.021763,0.018867,0.018157,0.018332,0.018630,7.0.0
L2_Z65,65,Tb,L2,200.0,16.00,1.000000,0.933397,0.786976,0.628400,0.484849,0.363620,0.265511,0.188892,0.131017,0.088670,0.058610,0.037877,0.023956,0.014839,0.008999,0.005327,0.003048,7.0.0
L3_Z65,65,Tb,L3,200.0,16.00,1.000000,0.923690,0.763197,0.596078,0.448555,0.326469,0.229777,0.156188,0.102324,0.064393,0.038691,0.021941,0.011455,0.005169,0.001576,-0.000365,-0.001340,7.0.0
M1_Z65,65,Tb,M1,200.0,16.00,1.000000,0.668971,0.326713,0.120465,0.035089,0.015050,0.014990,0.015443,0.013252,0.010166,0.007624,0.005930,0.004826,0.004003,0.003293,0.002649,0.002080,7.0.0
M2_Z65,65,Tb,M2,200.0,16.00,1.000000,0.619169,0.292557,0.112025,0.037858,0.018090,0.015862,0.015450,0.013563,0.010932,0.008484,0.006547,0.005077,0.003935,0.003016,0.002265,0.001660,7.0.0
M3_Z65,65,Tb,M3,200.0,16.00,1.000000,0.579452,0.251971,0.083571,0.023047,0.012111,0.013556,0.013932,0.011897,0.009075,0.006604,0.004775,0.003478,0.002531,0.001810,0.001251,0.000821,7.0.0
M4_Z65,65,Tb,M4,200.0,16.00,1.000000,0.447761,0.175798,0.055821,0.009885,-0.003256,-0.005061,-0.004175,-0.003107,-0.002273,-0.001632,-0.001129,-0.000745,-0.000467,-0.000278,-0.000158,-0.000085,7.0.0
M5_Z65,65,Tb,M5,200.0,16.00,1.000000,0.438332,0.168777,0.051671,0.007869,-0.004150,-0.005501,-0.004436,-0.003264,-0.002342,-0.001631,-0.001083,-0.000679,-0.000398,-0.000217,-0.000109,-0.000049,7.0.0
L1_Z66,66,Dy,L1,200.0,16.00,1.000000,0.944039,0.811609,0.655175,0.503824,0.370765,0.261512,0.177109,0.115710,0.073768,0.047053,0.031404,0.023207,0.019605,0.018518,0.018554,0.018867,7.0.0
L2_Z66,66,Dy,L2,200.0,16.00,1.000000,0.937079,0.796218,0.640890,0.498487,0.377043,0.277864,0.199682,0.140028,0.095902,0.064213,0.042082,0.027028,0.017034,0.010544,0.006405,0.003804,7.0.0
L3_Z66,66,Dy,L3,200.0,16.00,1.000000,0.927519,0.772232,0.607777,0.460947,0.338336,0.240375,0.165120,0.109469,0.069834,0.042643,0.024680,0.013268,0.006311,0.002260,0.000023,-0.001131,7.0.0
M1_Z66,66,Dy,M1,200.0,16.00,1.000000,0.679702,0.339652,0.129676,0.038993,0.015758,0.014941,0.015711,0.013846,0.010801,0.008128,0.006287,0.005093,0.004234,0.003514,0.002861,0.002275,7.0.0
M2_Z66,66,Dy,M2,200.0,16.00,1.000000,0.630861,0.304872,0.120410,0.041605,0.019090,0.016077,0.015787,0.014126,0.011562,0.009053,0.007019,0.005464,0.004261,0.003297,0.002508,0.001866,7.0.0
M3_Z66,66,Dy,M3,200.0,16.00,1.000000,0.590205,0.262526,0.090034,0.025276,0.012256,0.013434,0.014174,0.012416,0.009637,0.007075,0.005133,0.003748,0.002743,0.001984,0.001394,0.000937,7.0.0
M4_Z66,66,Dy,M4,200.0,16.00,1.000000,0.459904,0.184882,0.061086,0.012096,-0.002716,-0.005143,-0.004382,-0.003294,-0.002425,-0.001759,-0.001236,-0.000832,-0.000533,-0.000325,-0.000189,-0.000105,7.0.0
M5_Z66,66,Dy,M5,200.0,16.00,1.000000,0.449846,0.177280,0.056514,0.009828,-0.003733,-0.005635,-0.004669,-0.003469,-0.002510,-0.001769,-0.001195,-0.000765,-0.000460,-0.000258,-0.000134,-0.000063,7.0.0
L1_Z67,67,Ho,L1,200.0,16.00,1.000000,0.946873,0.819401,0.666594,0.517039,0.384215,0.274001,0.187842,0.124293,0.080161,0.051476,0.034229,0.024857,0.020480,0.018954,0.018803,0.019095,7.0.0
L2_Z67,67,Ho,L2,200.0,16.00,1.000000,0.940520,0.805064,0.653056,0.511935,0.390410,0.290281,0.210631,0.149266,0.103398,0.070087,0.046545,0.030329,0.019423,0.012244,0.007606,0.004652,7.0.0
L3_Z67,67,Ho,L3,200.0,16.00,1.000000,0.931105,0.780895,0.619175,0.473151,0.350130,0.251003,0.174166,0.116783,0.075469,0.046789,0.027596,0.015227,0.007568,0.003028,0.000469,-0.000886,7.0.0
M1_Z67,67,Ho,M1,200.0,16.00,1.000000,0.690166,0.352517,0.139126,0.043238,0.016652,0.014893,0.015909,0.014395,0.011436,0.008655,0.006668,0.005373,0.004469,0.003735,0.003075,0.002476,7.0.0
M2_Z67,67,Ho,M2,200.0,16.00,1.000000,0.642301,0.317156,0.129026,0.045658,0.020273,0.016327,0.016092,0.014661,0.012190,0.009640,0.007512,0.005869,0.004601,0.003589,0.002762,0.002084,7.0.0
M3_Z67,67,Ho,M3,200.0,16.00,1.000000,0.600718,0.273019,0.096673,0.027730,0.012501,0.013292,0.014363,0.012905,0.010200,0.007565,0.005510,0.004031,0.002964,0.002163,0.001543,0.001059,7.0.0
M4_Z67,67,Ho,M4,200.0,16.00,1.000000,0.471772,0.193909,0.066464,0.014462,-0.002073,-0.005184,-0.004581,-0.003482,-0.002579,-0.001888,-0.001346,-0.000922,-0.000603,-0.000376,-0.000224,-0.000127,7.0.0
M5_Z67,67,Ho,M5,200.0,16.00,1.000000,0.460980,0.185637,0.061414,0.011909,-0.003229,-0.005734,-0.004896,-0.003676,-0.002679,-0.001908,-0.001310,-0.000855,-0.000526,-0.000304,-0.000163,-0.000080,7.0.0
L1_Z68,68,Er,L1,200.0,16.00,1.000000,0.949527,0.826842,0.677669,0.530006,0.397552,0.286524,0.198738,0.133132,0.086857,0.056204,0.037324,0.026721,0.021505,0.019478,0.019087,0.019322,7.0.0
L2_Z68,68,Er,L2,200.0,16.00,1.000000,0.943737,0.813526,0.664900,0.525186,0.403710,0.302748,0.221727,0.158720,0.111151,0.076230,0.051267,0.033864,0.022011,0.014108,0.008935,0.005599,7.0.0
L3_Z68,68,Er,L3,200.0,16.00,1.000000,0.934464,0.789196,0.630268,0.485160,0.361840,0.261650,0.183313,0.124253,0.081290,0.051125,0.030687,0.017336,0.008943,0.003883,0.000976,-0.000601,7.0.0
M1_Z68,68,Er,M1,200.0,16.00,1.000000,0.700363,0.365291,0.148785,0.047814,0.017743,0.014859,0.016039,0.014890,0.012063,0.009202,0.007072,0.005667,0.004708,0.003956,0.003290,0.002681,7.0.0
M2_Z68,68,Er,M2,200.0,16.00,1.000000,0.653490,0.329398,0.137854,0.050012,0.021651,0.016627,0.016372,0.015167,0.012813,0.010241,0.008026,0.006293,0.004955,0.003894,0.003027,0.002314,7.0.0
M3_Z68,68,Er,M3,200.0,16.00,1.000000,0.610990,0.283435,0.103466,0.030406,0.012859,0.013143,0.014501,0.013359,0.010759,0.008069,0.005906,0.004329,0.003194,0.002349,0.001696,0.001186,7.0.0
M4_Z68,68,Er,M4,200.0,16.00,1.000000,0.483330,0.202842,0.071925,0.016969,-0.001328,-0.005179,-0.004770,-0.003671,-0.002734,-0.002017,-0.001456,-0.001014,-0.000676,-0.000431,-0.000262,-0.000153,7.0.0
M5_Z68,68,Er,M5,200.0,16.00,1.000000,0.471617,0.193743,0.066305,0.014084,-0.002644,-0.005795,-0.005112,-0.003882,-0.002849,-0.002049,-0.001426,-0.000948,-0.000596,-0.000353,-0.000195,-0.000099,7.0.0
L1_Z69,69,Tm,L1,200.0,16.00,1.000000,0.952014,0.833945,0.688402,0.542718,0.410765,0.299063,0.209779,0.142213,0.093848,0.061235,0.040695,0.028808,0.022692,0.020103,0.019420,0.019558,7.0.0
L2_Z69,69,Tm,L2,200.0,16.00,1.000000,0.946745,0.821616,0.676419,0.538232,0.416932,0.315253,0.232956,0.168379,0.119151,0.082638,0.056248,0.037636,0.024805,0.016143,0.010401,0.006653,7.0.0
L3_Z69,69,Tm,L3,200.0,16.00,1.000000,0.937611,0.797140,0.641051,0.496959,0.373448,0.272296,0.192542,0.131868,0.087289,0.055647,0.033953,0.019595,0.010440,0.004832,0.001549,-0.000271,7.0.0
M1_Z69,69,Tm,M1,200.0,16.00,1.000000,0.710301,0.377967,0.158631,0.052712,0.019044,0.014853,0.016103,0.015324,0.012670,0.009762,0.007498,0.005976,0.004954,0.004178,0.003505,0.002888,7.0.0
M2_Z69,69,Tm,M2,200.0,16.00,1.000000,0.664423,0.341579,0.146869,0.054658,0.023235,0.016991,0.016634,0.015644,0.013428,0.010853,0.008560,0.006736,0.005325,0.004210,0.003303,0.002554,7.0.0
M3_Z69,69,Tm,M3,200.0,16.00,1.000000,0.621005,0.293736,0.110380,0.033294,0.013341,0.012998,0.014592,0.013776,0.011310,0.008584,0.006318,0.004642,0.003434,0.002540,0.001855,0.001318,7.0.0
M4_Z69,69,Tm,M4,200.0,16.00,1.000000,0.494504,0.211610,0.077420,0.019594,-0.000484,-0.005125,-0.004944,-0.003858,-0.002890,-0.002147,-0.001567,-0.001108,-0.000753,-0.000489,-0.000304,-0.000181,7.0.0
M5_Z69,69,Tm,M5,200.0,16.00,1.000000,0.481471,0.201361,0.071045,0.016292,-0.001994,-0.005815,-0.005312,-0.004082,-0.003015,-0.002187,-0.001542,-0.001042,-0.000669,-0.000405,-0.000230,-0.000121,7.0.0
L1_Z70,70,Yb,L1,200.0,16.00,1.000000,0.954342,0.840712,0.698778,0.555151,0.423820,0.311582,0.220930,0.151505,0.101111,0.066557,0.044337,0.031122,0.024046,0.020836,0.019808,0.019808,7.0.0
L2_Z70,70,Yb,L2,200.0,16.00,1.000000,0.949561,0.829346,0.687610,0.551062,0.430061,0.327778,0.244303,0.178229,0.127390,0.089305,0.061487,0.041648,0.027811,0.018357,0.012013,0.007821,7.0.0
L3_Z70,70,Yb,L3,200.0,16.00,1.000000,0.940545,0.804700,0.651470,0.508484,0.384891,0.282886,0.201812,0.139594,0.093444,0.060344,0.037389,0.022008,0.012063,0.005878,0.002194,0.000109,7.0.0
M1_Z70,70,Yb,M1,200.0,16.00,1.000000,0.719979,0.390504,0.168606,0.057894,0.020547,0.014877,0.016094,0.015679,0.013238,0.010320,0.007937,0.006298,0.005203,0.004398,0.003717,0.003095,7.0.0
M2_Z70,70,Yb,M2,200.0,16.00,1.000000,0.675091,0.353673,0.156036,0.059582,0.025032,0.017436,0.016889,0.016093,0.014031,0.011474,0.009112,0.007199,0.005710,0.004538,0.003589,0.002804,7.0.0
M3_Z70,70,Yb,M3,200.0,16.00,1.000000,0.630713,0.303827,0.117346,0.036379,0.013965,0.012880,0.014645,0.014152,0.011844,0.009104,0.006743,0.004966,0.003681,0.002736,0.002016,0.001453,7.0.0
M4_Z70,70,Yb,M4,200.0,16.00,1.000000,0.505144,0.220078,0.082861,0.022296,0.000446,-0.005023,-0.005100,-0.004042,-0.003045,-0.002275,-0.001677,-0.001203,-0.000831,-0.000551,-0.000350,-0.000213,7.0.0
M5_Z70,70,Yb,M5,200.0,16.00,1.000000,0.489609,0.207737,0.075208,0.018345,-0.001334,-0.005798,-0.005483,-0.004262,-0.003166,-0.002313,-0.001649,-0.001132,-0.000741,-0.000459,-0.000267,-0.000145,7.0.0
L1_Z71,71,Lu,L1,200.0,16.00,1.000000,0.956590,0.847365,0.709139,0.567701,0.437105,0.324417,0.232451,0.161192,0.108763,0.072235,0.048285,0.033679,0.025579,0.021686,0.020261,0.020083,7.0.0
L2_Z71,71,Lu,L2,200.0,16.00,1.000000,0.952258,0.836913,0.698768,0.564015,0.443434,0.340627,0.256019,0.188466,0.136012,0.096334,0.067054,0.045945,0.031056,0.020765,0.013779,0.009109,7.0.0
L3_Z71,71,Lu,L3,200.0,16.00,1.000000,0.943438,0.812335,0.662176,0.520448,0.396836,0.293977,0.211547,0.147733,0.099952,0.065333,0.041060,0.024600,0.013819,0.007017,0.002899,0.000524,7.0.0
M1_Z71,71,Lu,M1,200.0,16.00,1.000000,0.730131,0.404457,0.179984,0.064022,0.022620,0.015312,0.016472,0.016426,0.014175,0.011185,0.008605,0.006774,0.005552,0.004682,0.003974,0.003338,7.0.0
M2_Z71,71,Lu,M2,200.0,16.00,1.000000,0.687176,0.368077,0.166875,0.065221,0.026926,0.017757,0.017035,0.016526,0.014699,0.012202,0.009781,0.007766,0.006184,0.004939,0.003934,0.003104,7.0.0
M3_Z71,71,Lu,M3,200.0,16.00,1.000000,0.642335,0.316757,0.126017,0.039873,0.014361,0.012453,0.014541,0.014539,0.012489,0.009767,0.007303,0.005400,0.004012,0.002995,0.002225,0.001623,7.0.0
M4_Z71,71,Lu,M4,200.0,16.00,1.000000,0.527082,0.238014,0.093724,0.027412,0.002175,-0.004807,-0.005367,-0.004375,-0.003332,-0.002507,-0.001867,-0.001357,-0.000953,-0.000643,-0.000417,-0.000259,7.0.0
M5_Z71,71,Lu,M5,200.0,16.00,1.000000,0.515634,0.228475,0.087280,0.023741,0.000324,-0.005726,-0.005883,-0.004706,-0.003541,-0.002613,-0.001886,-0.001315,-0.000876,-0.000554,-0.000330,-0.000184,7.0.0
L1_Z72,72,Hf,L1,200.0,16.00,1.000000,0.958709,0.853730,0.719179,0.579988,0.450237,0.337226,0.244074,0.171083,0.116686,0.078210,0.052517,0.036480,0.027300,0.022664,0.020787,0.020384,7.0.0
L2_Z72,72,Hf,L2,200.0,16.00,1.000000,0.954805,0.844189,0.709658,0.576799,0.456751,0.353528,0.267880,0.198921,0.144899,0.103650,0.072908,0.050513,0.034544,0.023382,0.015717,0.010535,7.0.0
L3_Z72,72,Hf,L3,200.0,16.00,1.000000,0.946152,0.819618,0.672524,0.532126,0.408600,0.305000,0.221317,0.155987,0.106628,0.070514,0.044923,0.027368,0.015724,0.008274,0.003693,0.001004,7.0.0
M1_Z72,72,Hf,M1,200.0,16.00,1.000000,0.740374,0.418254,0.191301,0.070257,0.024744,0.015623,0.016621,0.016958,0.014972,0.011986,0.009253,0.007247,0.005897,0.004959,0.004222,0.003574,7.0.0
M2_Z72,72,Hf,M2,200.0,16.00,1.000000,0.699083,0.382131,0.177675,0.071129,0.029111,0.018226,0.017200,0.016925,0.015337,0.012921,0.010454,0.008344,0.006666,0.005346,0.004284,0.003409,7.0.0
M3_Z72,72,Hf,M3,200.0,16.00,1.000000,0.653776,0.329128,0.134556,0.043630,0.015037,0.012142,0.014420,0.014866,0.013087,0.010408,0.007857,0.005833,0.004341,0.003250,0.002430,0.001792,7.0.0
M4_Z72,72,Hf,M4,200.0,16.00,1.000000,0.544726,0.252716,0.103030,0.032049,0.003867,-0.004523,-0.005569,-0.004660,-0.003582,-0.002711,-0.002035,-0.001497,-0.001068,-0.000734,-0.000484,-0.000307,7.0.0
M5_Z72,72,Hf,M5,200.0,16.00,1.000000,0.533543,0.243120,0.096323,0.028079,0.001792,-0.005578,-0.006164,-0.005045,-0.003834,-0.002850,-0.002078,-0.001469,-0.000996,-0.000643,-0.000392,-0.000224,7.0.0
L1_Z73,73,Ta,L1,200.0,16.00,1.000000,0.960697,0.859794,0.728881,0.591999,0.463201,0.349999,0.255784,0.181166,0.124870,0.084477,0.057035,0.039535,0.029226,0.023789,0.021405,0.020729,7.0.0
L2_Z73,73,Ta,L2,200.0,16.00,1.000000,0.957190,0.851127,0.720213,0.589343,0.469948,0.366426,0.279838,0.209552,0.154018,0.111229,0.079032,0.055340,0.038268,0.026204,0.017828,0.012102,7.0.0
L3_Z73,73,Ta,L3,200.0,16.00,1.000000,0.948697,0.826579,0.682564,0.543582,0.420244,0.316000,0.231148,0.164367,0.113470,0.075879,0.048968,0.030301,0.017770,0.009644,0.004573,0.001544,7.0.0
M1_Z73,73,Ta,M1,200.0,16.00,1.000000,0.750326,0.431903,0.202756,0.076806,0.027106,0.015984,0.016691,0.017390,0.015715,0.012784,0.009928,0.007749,0.006262,0.005244,0.004472,0.003811,7.0.0
M2_Z73,73,Ta,M2,200.0,16.00,1.000000,0.710619,0.396020,0.188631,0.077373,0.031580,0.018820,0.017364,0.017280,0.015942,0.013634,0.011142,0.008943,0.007169,0.005769,0.004648,0.003726,7.0.0
M3_Z73,73,Ta,M3,200.0,16.00,1.000000,0.664907,0.341359,0.143245,0.047667,0.015905,0.011867,0.014245,0.015129,0.013652,0.011049,0.008428,0.006286,0.004687,0.003516,0.002642,0.001967,7.0.0
M4_Z73,73,Ta,M4,200.0,16.00,1.000000,0.560910,0.266586,0.112111,0.036769,0.005701,-0.004142,-0.005727,-0.004931,-0.003827,-0.002911,-0.002200,-0.001636,-0.001184,-0.000827,-0.000556,-0.000360,7.0.0
M5_Z73,73,Ta,M5,200.0,16.00,1.000000,0.549754,0.256763,0.105053,0.032463,0.003385,-0.005341,-0.006403,-0.005367,-0.004119,-0.003084,-0.002269,-0.001624,-0.001119,-0.000736,-0.000459,-0.000269,7.0.0
L1_Z74,74,W,L1,200.0,16.00,1.000000,0.962564,0.865573,0.738256,0.603737,0.475996,0.362725,0.267570,0.191427,0.133305,0.091029,0.061840,0.042849,0.031364,0.025074,0.022127,0.021130,7.0.0
L2_Z74,74,W,L2,200.0,16.00,1.000000,0.959424,0.857742,0.730438,0.601648,0.483021,0.379312,0.291885,0.220352,0.163361,0.119064,0.085424,0.060428,0.042233,0.029239,0.020120,0.013818,7.0.0
L3_Z74,74,W,L3,200.0,16.00,1.000000,0.951088,0.833234,0.692306,0.554821,0.431767,0.326974,0.241034,0.172865,0.120472,0.081423,0.053192,0.033401,0.019959,0.011131,0.005543,0.002150,7.0.0
M1_Z74,74,W,M1,200.0,16.00,1.000000,0.759982,0.445422,0.214370,0.083693,0.029743,0.016435,0.016710,0.017735,0.016406,0.013580,0.010630,0.008286,0.006653,0.005543,0.004727,0.004049,7.0.0
M2_Z74,74,W,M2,200.0,16.00,1.000000,0.721818,0.409802,0.199771,0.083964,0.034343,0.019551,0.017537,0.017593,0.016512,0.014338,0.011843,0.009566,0.007696,0.006213,0.005028,0.004057,7.0.0
M3_Z74,74,W,M3,200.0,16.00,1.000000,0.675763,0.353508,0.152107,0.051987,0.016967,0.011634,0.014017,0.015326,0.014181,0.011688,0.009017,0.006763,0.005052,0.003797,0.002864,0.002148,7.0.0
M4_Z74,74,W,M4,200.0,16.00,1.000000,0.576215,0.280048,0.121177,0.041659,0.007707,-0.003657,-0.005842,-0.005190,-0.004071,-0.003112,-0.002366,-0.001776,-0.001302,-0.000924,-0.000633,-0.000417,7.0.0
M5_Z74,74,W,M5,200.0,16.00,1.000000,0.565011,0.269942,0.113739,0.036996,0.005134,-0.005010,-0.006603,-0.005680,-0.004404,-0.003319,-0.002461,-0.001782,-0.001246,-0.000834,-0.000531,-0.000319,7.0.0
L1_Z75,75,Re,L1,200.0,16.00,1.000000,0.964319,0.871081,0.747313,0.615204,0.488617,0.375393,0.279418,0.201853,0.141977,0.097860,0.066930,0.046427,0.033725,0.026528,0.022965,0.021598,7.0.0
L2_Z75,75,Re,L2,200.0,16.00,1.000000,0.961519,0.864049,0.740341,0.613711,0.495963,0.392178,0.304010,0.231310,0.172921,0.127153,0.092082,0.065778,0.046442,0.032492,0.022599,0.015691,7.0.0
L3_Z75,75,Re,L3,200.0,16.00,1.000000,0.953336,0.839598,0.701759,0.565844,0.443167,0.337916,0.250967,0.181473,0.127627,0.087142,0.057595,0.036667,0.022294,0.012739,0.006606,0.002825,7.0.0
M1_Z75,75,Re,M1,200.0,16.00,1.000000,0.769348,0.458817,0.226141,0.090921,0.032675,0.017005,0.016698,0.017998,0.017040,0.014367,0.011357,0.008857,0.007073,0.005859,0.004990,0.004290,7.0.0
M2_Z75,75,Re,M2,200.0,16.00,1.000000,0.732700,0.423495,0.211097,0.090899,0.037409,0.020436,0.017732,0.017869,0.017044,0.015031,0.012556,0.010211,0.008247,0.006678,0.005425,0.004403,7.0.0
M3_Z75,75,Re,M3,200.0,16.00,1.000000,0.686362,0.365595,0.161142,0.056587,0.018229,0.011455,0.013745,0.015456,0.014669,0.012321,0.009623,0.007264,0.005440,0.004094,0.003097,0.002338,7.0.0
M4_Z75,75,Re,M4,200.0,16.00,1.000000,0.590876,0.293261,0.130302,0.046746,0.009899,-0.003060,-0.005909,-0.005438,-0.004317,-0.003315,-0.002533,-0.001918,-0.001423,-0.001025,-0.000713,-0.000479,7.0.0
M5_Z75,75,Re,M5,200.0,16.00,1.000000,0.579594,0.282845,0.122467,0.041710,0.007053,-0.004579,-0.006764,-0.005984,-0.004692,-0.003558,-0.002658,-0.001945,-0.001378,-0.000938,-0.000609,-0.000375,7.0.0
L1_Z76,76,Os,L1,200.0,16.00,1.000000,0.965969,0.876329,0.756055,0.626394,0.501051,0.387989,0.291309,0.212425,0.150874,0.104959,0.072300,0.050269,0.036313,0.028162,0.023930,0.022145,7.0.0
L2_Z76,76,Os,L2,200.0,16.00,1.000000,0.963486,0.870061,0.749926,0.625528,0.508765,0.405012,0.316202,0.242415,0.182690,0.135487,0.099004,0.071391,0.050899,0.035969,0.025274,0.017728,7.0.0
L3_Z76,76,Os,L3,200.0,16.00,1.000000,0.955450,0.845681,0.710924,0.576647,0.454436,0.348814,0.260937,0.190182,0.134926,0.093028,0.062171,0.040099,0.024777,0.014469,0.007767,0.003573,7.0.0
M1_Z76,76,Os,M1,200.0,16.00,1.000000,0.778412,0.472071,0.238051,0.098482,0.035917,0.017716,0.016672,0.018184,0.017612,0.015137,0.012103,0.009462,0.007523,0.006196,0.005262,0.004534,7.0.0
M2_Z76,76,Os,M2,200.0,16.00,1.000000,0.743255,0.437089,0.222594,0.098169,0.040785,0.021490,0.017963,0.018111,0.017538,0.015707,0.013276,0.010879,0.008825,0.007167,0.005842,0.004765,7.0.0
M3_Z76,76,Os,M3,200.0,16.00,1.000000,0.696689,0.377607,0.170337,0.061460,0.019698,0.011341,0.013434,0.015520,0.015111,0.012942,0.010243,0.007789,0.005851,0.004409,0.003343,0.002536,7.0.0
M4_Z76,76,Os,M4,200.0,16.00,1.000000,0.604978,0.306279,0.139505,0.052035,0.012281,-0.002344,-0.005925,-0.005673,-0.004564,-0.003522,-0.002703,-0.002061,-0.001546,-0.001129,-0.000798,-0.000545,7.0.0
M5_Z76,76,Os,M5,200.0,16.00,1.000000,0.593603,0.295538,0.131261,0.046613,0.009147,-0.004041,-0.006880,-0.006279,-0.004983,-0.003802,-0.002859,-0.002111,-0.001516,-0.001048,-0.000693,-0.000435,7.0.0
L1_Z77,77,Ir,L1,200.0,16.00,1.000000,0.967522,0.881329,0.764492,0.637310,0.513295,0.400504,0.303232,0.223130,0.159982,0.112319,0.077948,0.054377,0.039136,0.029985,0.025035,0.022781,7.0.0
L2_Z77,77,Ir,L2,200.0,16.00,1.000000,0.965331,0.875789,0.759193,0.637093,0.521416,0.417802,0.328446,0.253655,0.192655,0.144059,0.106184,0.077265,0.055606,0.039675,0.028151,0.019938,7.0.0
L3_Z77,77,Ir,L3,200.0,16.00,1.000000,0.957438,0.851494,0.719805,0.587227,0.465566,0.359661,0.270933,0.198979,0.142359,0.099077,0.066918,0.043695,0.027407,0.016325,0.009029,0.004398,7.0.0
M1_Z77,77,Ir,M1,200.0,16.00,1.000000,0.787178,0.485183,0.250088,0.106374,0.039481,0.018591,0.016651,0.018298,0.018117,0.015881,0.012863,0.010100,0.008006,0.006555,0.005546,0.004783,7.0.0
M2_Z77,77,Ir,M2,200.0,16.00,1.000000,0.753483,0.450576,0.234248,0.105767,0.044478,0.022732,0.018243,0.018328,0.017991,0.016361,0.014000,0.011567,0.009428,0.007679,0.006279,0.005144,7.0.0
M3_Z77,77,Ir,M3,200.0,16.00,1.000000,0.706741,0.389537,0.179678,0.066599,0.021382,0.011307,0.013094,0.015517,0.015503,0.013547,0.010873,0.008337,0.006286,0.004743,0.003602,0.002744,7.0.0
M4_Z77,77,Ir,M4,200.0,16.00,1.000000,0.618581,0.319136,0.148793,0.057527,0.014858,-0.001502,-0.005882,-0.005891,-0.004811,-0.003733,-0.002875,-0.002206,-0.001671,-0.001236,-0.000887,-0.000616,7.0.0
M5_Z77,77,Ir,M5,200.0,16.00,1.000000,0.607108,0.308060,0.140131,0.051706,0.011419,-0.003392,-0.006948,-0.006562,-0.005276,-0.004052,-0.003065,-0.002282,-0.001658,-0.001163,-0.000782,-0.000502,7.0.0
L1_Z78,78,Pt,L1,200.0,16.00,1.000000,0.968971,0.886052,0.772559,0.647863,0.525244,0.412829,0.315085,0.233881,0.169233,0.119889,0.083843,0.058739,0.042193,0.032008,0.026294,0.023525,7.0.0
L2_Z78,78,Pt,L2,200.0,16.00,1.000000,0.967045,0.881184,0.768046,0.648273,0.533768,0.430397,0.340602,0.264903,0.202708,0.152780,0.113553,0.083347,0.060525,0.043583,0.031211,0.022310,7.0.0
L3_Z78,78,Pt,L3,200.0,16.00,1.000000,0.959281,0.856961,0.728271,0.597422,0.476386,0.370289,0.280804,0.207736,0.149821,0.105202,0.071771,0.047410,0.030153,0.018286,0.010379,0.005294,7.0.0
M1_Z78,78,Pt,M1,200.0,16.00,1.000000,0.795370,0.497788,0.262012,0.114522,0.043408,0.019705,0.016680,0.018342,0.018525,0.016559,0.013601,0.010748,0.008510,0.006933,0.005842,0.005036,7.0.0
M2_Z78,78,Pt,M2,200.0,16.00,1.000000,0.762993,0.463502,0.245759,0.113573,0.048489,0.024206,0.018613,0.018528,0.018390,0.016970,0.014702,0.012254,0.010042,0.008208,0.006731,0.005536,7.0.0
M3_Z78,78,Pt,M3,200.0,16.00,1.000000,0.715923,0.400760,0.188781,0.071866,0.023286,0.011397,0.012754,0.015443,0.015818,0.014102,0.011485,0.008888,0.006733,0.005090,0.003871,0.002958,7.0.0
M4_Z78,78,Pt,M4,200.0,16.00,1.000000,0.631751,0.331891,0.158229,0.063292,0.017699,-0.000474,-0.005741,-0.006070,-0.005048,-0.003944,-0.003050,-0.002353,-0.001798,-0.001346,-0.000980,-0.000691,7.0.0
M5_Z78,78,Pt,M5,200.0,16.00,1.000000,0.620176,0.320474,0.149144,0.057061,0.013942,-0.002573,-0.006928,-0.006813,-0.005564,-0.004305,-0.003275,-0.002459,-0.001805,-0.001284,-0.000878,-0.000573,7.0.0
L1_Z79,79,Au,L1,200.0,16.00,1.000000,0.970350,0.890593,0.780407,0.658232,0.537089,0.425145,0.327025,0.244804,0.178719,0.127735,0.090025,0.063376,0.045494,0.034230,0.027704,0.024371,7.0.0
L2_Z79,79,Au,L2,200.0,16.00,1.000000,0.968676,0.886386,0.776703,0.659331,0.546098,0.443069,0.352919,0.276381,0.213039,0.161807,0.121238,0.089742,0.065738,0.047759,0.034509,0.024885,7.0.0
L3_Z79,79,Au,L3,200.0,16.00,1.000000,0.961046,0.862271,0.736601,0.607554,0.487224,0.381007,0.290822,0.216683,0.157498,0.111552,0.076844,0.051328,0.033080,0.020398,0.011852,0.006283,7.0.0
M1_Z79,79,Au,M1,200.0,16.00,1.000000,0.803550,0.510584,0.274245,0.123029,0.047631,0.020972,0.016728,0.018338,0.018887,0.017227,0.014365,0.011438,0.009057,0.007343,0.006157,0.005299,7.0.0
M2_Z79,79,Au,M2,200.0,16.00,1.000000,0.772581,0.476750,0.257670,0.121782,0.052821,0.025864,0.019042,0.018721,0.018766,0.017572,0.015420,0.012973,0.010694,0.008771,0.007212,0.005951,7.0.0
M3_Z79,79,Au,M3,200.0,16.00,1.000000,0.725428,0.412494,0.198352,0.077497,0.025406,0.011557,0.012388,0.015317,0.016099,0.014657,0.012122,0.009475,0.007215,0.005465,0.004161,0.003186,7.0.0
M4_Z79,79,Au,M4,200.0,16.00,1.000000,0.644466,0.344476,0.167689,0.069181,0.020671,0.000638,-0.005563,-0.006243,-0.005291,-0.004161,-0.003228,-0.002502,-0.001926,-0.001457,-0.001075,-0.000770,7.0.0
M5_Z79,79,Au,M5,200.0,16.00,1.000000,0.632794,0.332713,0.158172,0.062527,0.016578,-0.001682,-0.006880,-0.007061,-0.005858,-0.004564,-0.003491,-0.002638,-0.001956,-0.001409,-0.000978,-0.000651,7.0.0
L1_Z80,80,Hg,L1,200.0,16.00,1.000000,0.971661,0.894959,0.788037,0.668414,0.548821,0.437442,0.339041,0.255890,0.188437,0.135853,0.096496,0.068292,0.049047,0.036662,0.029275,0.025329,7.0.0
L2_Z80,80,Hg,L2,200.0,16.00,1.000000,0.970229,0.891402,0.785160,0.670258,0.558396,0.455808,0.365392,0.288084,0.223646,0.171143,0.129246,0.096455,0.071255,0.052215,0.038055,0.027675,7.0.0
L3_Z80,80,Hg,L3,200.0,16.00,1.000000,0.962738,0.867427,0.744795,0.617620,0.498077,0.391814,0.300989,0.225822,0.165394,0.118133,0.082144,0.055458,0.036194,0.022670,0.013453,0.007373,7.0.0
M1_Z80,80,Hg,M1,200.0,16.00,1.000000,0.811697,0.523561,0.286795,0.131911,0.052167,0.022405,0.016801,0.018284,0.019195,0.017878,0.015149,0.012171,0.009650,0.007791,0.006495,0.005574,7.0.0
M2_Z80,80,Hg,M2,200.0,16.00,1.000000,0.782217,0.490312,0.269994,0.130414,0.057493,0.027722,0.019540,0.018905,0.019116,0.018162,0.016151,0.013723,0.011384,0.009371,0.007726,0.006393,7.0.0
M3_Z80,80,Hg,M3,200.0,16.00,1.000000,0.735241,0.424763,0.208435,0.083532,0.027769,0.011798,0.011998,0.015134,0.016340,0.015206,0.012783,0.010101,0.007738,0.005874,0.004476,0.003433,7.0.0
M4_Z80,80,Hg,M4,200.0,16.00,1.000000,0.656734,0.356880,0.177159,0.075181,0.023765,0.001832,-0.005352,-0.006413,-0.005543,-0.004387,-0.003410,-0.002652,-0.002055,-0.001570,-0.001173,-0.000852,7.0.0
M5_Z80,80,Hg,M5,200.0,16.00,1.000000,0.644967,0.344762,0.167194,0.068086,0.019318,-0.000726,-0.006808,-0.007311,-0.006162,-0.004833,-0.003712,-0.002822,-0.002110,-0.001538,-0.001084,-0.000733,7.0.0
L1_Z81,81,Tl,L1,200.0,16.00,1.000000,0.972903,0.899133,0.795414,0.678356,0.560377,0.449652,0.351070,0.267081,0.198336,0.144209,0.103233,0.073478,0.052850,0.039311,0.031020,0.026414,7.0.0
L2_Z81,81,Tl,L2,200.0,16.00,1.000000,0.971694,0.896191,0.793342,0.680950,0.570544,0.468496,0.377906,0.299910,0.234442,0.180714,0.137517,0.103444,0.077043,0.056927,0.041835,0.030673,7.0.0
L3_Z81,81,Tl,L3,200.0,16.00,1.000000,0.964339,0.872372,0.752752,0.627497,0.508814,0.402581,0.311187,0.235052,0.173426,0.124877,0.087620,0.059761,0.039470,0.025084,0.015175,0.008558,7.0.0
M1_Z81,81,Tl,M1,200.0,16.00,1.000000,0.819642,0.536491,0.299504,0.141114,0.057036,0.024046,0.016923,0.018178,0.019428,0.018480,0.015928,0.012931,0.010282,0.008273,0.006859,0.005863,7.0.0
M2_Z81,81,Tl,M2,200.0,16.00,1.000000,0.791597,0.503833,0.282491,0.139363,0.062491,0.029803,0.020130,0.019088,0.019427,0.018721,0.016875,0.014488,0.012101,0.010003,0.008268,0.006858,7.0.0
M3_Z81,81,Tl,M3,200.0,16.00,1.000000,0.744918,0.437107,0.218746,0.089865,0.030373,0.012149,0.011601,0.014888,0.016520,0.015724,0.013446,0.010750,0.008291,0.006312,0.004813,0.003695,7.0.0
M4_Z81,81,Tl,M4,200.0,16.00,1.000000,0.668606,0.369154,0.186686,0.081345,0.027033,0.003150,-0.005078,-0.006564,-0.005796,-0.004620,-0.003598,-0.002804,-0.002184,-0.001683,-0.001272,-0.000937,7.0.0
M5_Z81,81,Tl,M5,200.0,16.00,1.000000,0.656745,0.356669,0.176261,0.073792,0.022212,0.000337,-0.006685,-0.007547,-0.006469,-0.005108,-0.003939,-0.003009,-0.002268,-0.001671,-0.001194,-0.000821,7.0.0
L1_Z82,82,Pb,L1,200.0,16.00,1.000000,0.974074,0.903108,0.802514,0.688022,0.571711,0.461727,0.363063,0.278334,0.208384,0.152776,0.110219,0.078925,0.056905,0.042184,0.032950,0.027640,7.0.0
L2_Z82,82,Pb,L2,200.0,16.00,1.000000,0.973071,0.900744,0.801220,0.691363,0.582488,0.481074,0.390406,0.311808,0.245382,0.190484,0.146023,0.110686,0.083089,0.061888,0.045846,0.033879,7.0.0
L3_Z82,82,Pb,L3,200.0,16.00,1.000000,0.965846,0.877083,0.760430,0.637123,0.519367,0.413242,0.321355,0.244317,0.181546,0.131747,0.093242,0.064219,0.042894,0.027633,0.017012,0.009838,7.0.0
M1_Z82,82,Pb,M1,200.0,16.00,1.000000,0.827269,0.549216,0.312267,0.150604,0.062261,0.025943,0.017136,0.018036,0.019578,0.019017,0.016683,0.013702,0.010945,0.008789,0.007248,0.006167,7.0.0
M2_Z82,82,Pb,M2,200.0,16.00,1.000000,0.800584,0.517142,0.295045,0.148582,0.067820,0.032137,0.020840,0.019284,0.019701,0.019239,0.017578,0.015256,0.012839,0.010661,0.008836,0.007347,7.0.0
M3_Z82,82,Pb,M3,200.0,16.00,1.000000,0.754222,0.449263,0.229117,0.096427,0.033218,0.012637,0.011218,0.014583,0.016629,0.016196,0.014095,0.011411,0.008868,0.006775,0.005172,0.003973,7.0.0
M4_Z82,82,Pb,M4,200.0,16.00,1.000000,0.680106,0.381320,0.196296,0.087699,0.030503,0.004619,-0.004718,-0.006681,-0.006044,-0.004857,-0.003791,-0.002959,-0.002314,-0.001798,-0.001373,-0.001025,7.0.0
M5_Z82,82,Pb,M5,200.0,16.00,1.000000,0.668158,0.368468,0.185405,0.079676,0.025292,0.001535,-0.006490,-0.007758,-0.006775,-0.005390,-0.004172,-0.003201,-0.002429,-0.001808,-0.001308,-0.000913,7.0.0
L1_Z83,83,Bi,L1,200.0,16.00,1.000000,0.975181,0.906898,0.809353,0.697421,0.582828,0.473666,0.375014,0.289641,0.218569,0.161545,0.117448,0.084632,0.061214,0.045286,0.035073,0.029017,7.0.0
L2_Z83,83,Bi,L2,200.0,16.00,1.000000,0.974368,0.905079,0.808812,0.701509,0.594236,0.493546,0.402894,0.323777,0.256465,0.200451,0.154765,0.118185,0.089397,0.067103,0.050097,0.037302,7.0.0
L3_Z83,83,Bi,L3,200.0,16.00,1.000000,0.967268,0.881582,0.767848,0.646518,0.529750,0.423806,0.331496,0.253620,0.189755,0.138742,0.099013,0.068831,0.046470,0.030321,0.018969,0.011218,7.0.0
M1_Z83,83,Bi,M1,200.0,16.00,1.000000,0.834604,0.561751,0.325080,0.160373,0.067845,0.028111,0.017460,0.017873,0.019649,0.019481,0.017403,0.014478,0.011635,0.009338,0.007664,0.006489,7.0.0
M2_Z83,83,Bi,M2,200.0,16.00,1.000000,0.809225,0.530272,0.307663,0.158067,0.073482,0.034737,0.021689,0.019507,0.019943,0.019716,0.018258,0.016025,0.013595,0.011346,0.009433,0.007861,7.0.0
M3_Z83,83,Bi,M3,200.0,16.00,1.000000,0.763214,0.461277,0.239563,0.103223,0.036312,0.013274,0.010863,0.014228,0.016667,0.016617,0.014727,0.012080,0.009468,0.007265,0.005554,0.004268,7.0.0
M4_Z83,83,Bi,M4,200.0,16.00,1.000000,0.691298,0.393416,0.206000,0.094244,0.034177,0.006245,-0.004269,-0.006762,-0.006286,-0.005100,-0.003990,-0.003118,-0.002447,-0.001913,-0.001476,-0.001114,7.0.0
M5_Z83,83,Bi,M5,200.0,16.00,1.000000,0.679272,0.380195,0.194637,0.085738,0.028558,0.002871,-0.006219,-0.007940,-0.007078,-0.005679,-0.004413,-0.003399,-0.002595,-0.001949,-0.001427,-0.001010,7.0.0
L1_Z84,84,Po,L1,200.0,16.00,1.000000,0.976227,0.910510,0.815936,0.706553,0.593721,0.485457,0.386911,0.300987,0.228876,0.170503,0.124910,0.090593,0.065774,0.048620,0.037395,0.030552,7.0.0
L2_Z84,84,Po,L2,200.0,16.00,1.000000,0.975591,0.909205,0.816122,0.711385,0.605779,0.505901,0.415354,0.335806,0.267679,0.210607,0.163735,0.125935,0.095965,0.072576,0.054591,0.040948,7.0.0
L3_Z84,84,Po,L3,200.0,16.00,1.000000,0.968610,0.885875,0.775007,0.655675,0.539954,0.434261,0.341601,0.262950,0.198044,0.145856,0.104924,0.073595,0.050195,0.033147,0.021047,0.012699,7.0.0
M1_Z84,84,Po,M1,200.0,16.00,1.000000,0.841637,0.574073,0.337917,0.170401,0.073783,0.030565,0.017916,0.017704,0.019645,0.019869,0.018081,0.015250,0.012348,0.009919,0.008110,0.006831,7.0.0
M2_Z84,84,Po,M2,200.0,16.00,1.000000,0.817510,0.543200,0.320324,0.167801,0.079474,0.037612,0.022692,0.019770,0.020160,0.020151,0.018910,0.016789,0.014365,0.012057,0.010057,0.008401,7.0.0
M3_Z84,84,Po,M3,200.0,16.00,1.000000,0.771878,0.473126,0.250063,0.110237,0.039651,0.014070,0.010547,0.013828,0.016635,0.016983,0.015334,0.012754,0.010088,0.007781,0.005959,0.004582,7.0.0
M4_Z84,84,Po,M4,200.0,16.00,1.000000,0.702135,0.405399,0.215768,0.100959,0.038046,0.008027,-0.003725,-0.006801,-0.006518,-0.005346,-0.004195,-0.003281,-0.002581,-0.002029,-0.001579,-0.001206,7.0.0
M5_Z84,84,Po,M5,200.0,16.00,1.000000,0.690040,0.391808,0.203925,0.091960,0.032004,0.004345,-0.005868,-0.008090,-0.007376,-0.005973,-0.004660,-0.003601,-0.002765,-0.002093,-0.001549,-0.001112,7.0.0
L1_Z85,85,At,L1,200.0,16.00,1.000000,0.977217,0.913953,0.822272,0.715425,0.604394,0.497102,0.398749,0.312366,0.239301,0.179646,0.132603,0.096807,0.070590,0.052193,0.039925,0.032257,7.0.0
L2_Z85,85,At,L2,200.0,16.00,1.000000,0.976743,0.913133,0.823162,0.720995,0.617116,0.518133,0.427782,0.347885,0.279017,0.220945,0.172929,0.133936,0.102795,0.078309,0.059333,0.044824,7.0.0
L3_Z85,85,At,L3,200.0,16.00,1.000000,0.969878,0.889972,0.781918,0.664600,0.549979,0.444605,0.351663,0.272301,0.206406,0.153082,0.110973,0.078508,0.054068,0.036112,0.023250,0.014285,7.0.0
M1_Z85,85,At,M1,200.0,16.00,1.000000,0.848382,0.586188,0.350776,0.180683,0.080080,0.033320,0.018525,0.017546,0.019574,0.020177,0.018707,0.016011,0.013077,0.010530,0.008585,0.007195,7.0.0
M2_Z85,85,At,M2,200.0,16.00,1.000000,0.825450,0.555922,0.333014,0.177770,0.085791,0.040772,0.023864,0.020088,0.020359,0.020546,0.019530,0.017543,0.015147,0.012790,0.010709,0.008968,7.0.0
M3_Z85,85,At,M3,200.0,16.00,1.000000,0.780226,0.484809,0.260607,0.117460,0.043237,0.015034,0.010282,0.013392,0.016533,0.017289,0.015912,0.013426,0.010727,0.008322,0.006390,0.004916,7.0.0
M4_Z85,85,At,M4,200.0,16.00,1.000000,0.712625,0.417265,0.225589,0.107837,0.042108,0.009968,-0.003081,-0.006793,-0.006738,-0.005595,-0.004406,-0.003448,-0.002716,-0.002146,-0.001683,-0.001299,7.0.0
M5_Z85,85,At,M5,200.0,16.00,1.000000,0.700469,0.403303,0.213261,0.098333,0.035625,0.005961,-0.005432,-0.008203,-0.007667,-0.006271,-0.004915,-0.003810,-0.002938,-0.002241,-0.001675,-0.001218,7.0.0
L1_Z86,86,Rn,L1,200.0,16.00,1.000000,0.978152,0.917233,0.828362,0.724028,0.614828,0.508571,0.410497,0.323743,0.249807,0.188940,0.140498,0.103252,0.075644,0.055994,0.042658,0.034130,7.0.0
L2_Z86,86,Rn,L2,200.0,16.00,1.000000,0.977831,0.916873,0.829937,0.730342,0.628242,0.530235,0.440167,0.360006,0.290470,0.231457,0.182342,0.142184,0.109886,0.084303,0.064327,0.048935,7.0.0
L3_Z86,86,Rn,L3,200.0,16.00,1.000000,0.971076,0.893883,0.788588,0.673296,0.559825,0.454836,0.361679,0.281668,0.214836,0.160415,0.117156,0.083568,0.058090,0.039218,0.025579,0.015980,7.0.0
M1_Z86,86,Rn,M1,200.0,16.00,1.000000,0.854832,0.598058,0.363606,0.191171,0.086709,0.036376,0.019302,0.017416,0.019443,0.020404,0.019276,0.016750,0.013818,0.011169,0.009090,0.007582,7.0.0
M2_Z86,86,Rn,M2,200.0,16.00,1.000000,0.833059,0.568437,0.345722,0.187961,0.092428,0.044223,0.025222,0.020475,0.020550,0.020901,0.020116,0.018283,0.015935,0.013545,0.011389,0.009562,7.0.0
M3_Z86,86,Rn,M3,200.0,16.00,1.000000,0.788267,0.496326,0.271186,0.124881,0.047068,0.016176,0.010082,0.012929,0.016365,0.017534,0.016454,0.014094,0.011381,0.008888,0.006846,0.005272,7.0.0
M4_Z86,86,Rn,M4,200.0,16.00,1.000000,0.722776,0.429010,0.235455,0.114869,0.046358,0.012071,-0.002331,-0.006734,-0.006942,-0.005846,-0.004624,-0.003620,-0.002855,-0.002263,-0.001787,-0.001392,7.0.0
M5_Z86,86,Rn,M5,200.0,16.00,1.000000,0.710569,0.414680,0.222638,0.104849,0.039418,0.007720,-0.004906,-0.008275,-0.007947,-0.006574,-0.005176,-0.004024,-0.003116,-0.002392,-0.001805,-0.001328,7.0.0
